draw,bE,b_all,b_cvd,b_resp
1,-.001675675546365835,.0004521367883063285,.0002949045673527851,.0005114221948092046
2,-.001211329046577809,.0004478050930728251,.0003618050714014072,.0004058911344785904
3,-.002276667117890869,.0004154985704877469,.0004111845768625038,.0005226243464322097
4,-.001974056657555905,.00048944377405898,.0003431312457835568,.0004064064882343848
5,-.001188434151048162,.0004809634984531228,.0003879063184699304,.0003891920471618899
6,-.00303959162690719,.0004609442685680156,.0003750017236797745,.0005069408891328381
7,-.002364425054240926,.0003851921343044721,.0003560400723453078,.0005253957896946303
8,-.00150629580549433,.0004565624110902002,.0003672055470471266,.00041096645325444
9,-.00417585521064319,.0004512183790409551,.0003322175559757255,.0004434355705263905
10,-.00209828095960291,.0004389971273019328,.0003664933211248122,.0005920815657826427
11,-.002710765913696104,.0004340330335355303,.0004245285033441775,.0004526899236187227
12,-.003426593327346826,.0004734122795470152,.0004108278946551132,.0004143399240279379
13,-.003102814435017537,.0004278208203940453,.00029635219752956,.0003942844916205409
14,-.003215446028398628,.0004571297344555683,.0003853856894173951,.0005066187633261214
15,-.003238954465005255,.0004640744052135289,.0002844180595428734,.0003781673978264825
16,-.001119059045541106,.0004272582974407599,.0003540370063530187,.0004940091578467999
17,-.001639301421005128,.0004923680658864207,.0003763082944467722,.0004897827204021094
18,-.002126950282947457,.0004293992916700781,.0003298595627426485,.0004918730993175181
19,-.001597738375333336,.0004633684951246823,.0004004901862376469,.0005736798793007867
20,-.00143333202468127,.0004278862724265423,.0003466361551005207,.0005352070588852407
21,-.004825526258677397,.0004077002180757022,.0002994325630522079,.0005872390271892174
22,-.003406285280988917,.0004295204431558446,.0003287441731060295,.0004463611703520221
23,-.002259723778853772,.0004541534590162808,.0003233863777920721,.000487295982257411
24,-.001814076762712599,.000482893520144702,.0003574117764501847,.0004304822598593014
25,-.002002492965053213,.0004404455524623236,.0003655674061880852,.0004243087627234461
26,-.00302045830475412,.0003959964410623197,.0003341197421251536,.0005429632241134659
27,-.003052080507779686,.0004571839869732014,.0003166484016184628,.0005377284987632237
28,-.002137996314077601,.0004943048150754555,.0003859791233558742,.0004975736830242028
29,-.0008818751729419007,.0004651615870237706,.0004214309337942267,.0004242871963149052
30,-.002972204387701012,.0004533165245344022,.0003804402625431619,.0004625194691999915
31,-.001573159373195105,.000432969239078847,.0003602174998097488,.0003596404863578013
32,-.003145400802818257,.0004021844009580657,.0003086143933698911,.000500456835371767
33,-.001034612945484597,.0004794448983278454,.0003418187638988698,.0004857237316797576
34,-.002990149897221316,.0004562713286690689,.0003779223375430834,.0004174479804118138
35,-.001013983287404835,.000487463105684272,.0003875422550812528,.0004753490050604302
36,-.003190667780830799,.0004467769805238594,.0003713172634277777,.0005174805508568967
37,-.001074803366372206,.0004453761246832446,.0004008311388426022,.0004492108203832129
38,-.001819925355616907,.0004946883614868042,.0003268893347830042,.0004481078250312996
39,-.001854028789775792,.0004681081235930286,.0003190666113405468,.0003255887030093611
40,-.001834595653663359,.0004069624923131857,.0003088645367100363,.0005551764869420647
41,-.002050926571505069,.0003713100859177995,.0003574371984397237,.0005330543849975677
42,-.001958492366979657,.0004516797458925639,.0003242387130870696,.0004935769524859026
43,-.002289831952326123,.0004471909400728651,.0003670078147932465,.000598821947708834
44,-.001569242250068008,.0004575682209314805,.0003713326118655689,.0003787526718324696
45,-.002356124453281643,.000424943470495071,.0004101730392501951,.0004668725996471842
46,-.003064942354322613,.0004602010620755939,.0003477132399925085,.000603892027527245
47,-.003798954274865546,.0004640532764965669,.0004285648253074208,.0004632280607525593
48,-.003066235592183935,.0004356359986459571,.0004002344946988885,.0003717260493676967
49,-.002713666373940492,.000427410673300635,.0003868734005794713,.0004581757394950278
50,-.002760800132270331,.0004129007332583463,.0003516203716558117,.00041010124668802
51,-.003060286253084566,.0004362345127828961,.0003094182776391905,.0004897100186331282
52,-.001981299754475264,.0004124963886477462,.0003532628242981568,.0004619131223490944
53,-.002838336175674841,.0004754954284434802,.0003049966396524642,.000375384101912738
54,-.002211917661067206,.0004289362777653818,.0003643442853293016,.0004325178905630905
55,-.002614140385417165,.0004807666527961611,.0003923758865050508,.0004141996523011078
56,-.002060668470843265,.0004367157578885521,.000345386012678675,.0005391833725995921
57,-.003681125637227192,.0004703384082783929,.0003868549695625068,.0004220900740543971
58,-.002767777529072542,.0004355214914244464,.0004574150089837395,.0005167975570320768
59,-.001355808444445717,.0004266973159106708,.0003491153543040748,.0003760485438504497
60,-.001817465414447747,.0004137479083757317,.0003752279697224103,.0004620202187654534
61,-.001668698742499751,.000431775262811358,.0003509063994574961,.0005155205597534031
62,-.00268339659400168,.0004503998189782628,.0004032470426402854,.0004937112623671099
63,-.002522831023763801,.0003764566789393804,.0003475985417660709,.0004905443472823544
64,-.001487670142973194,.0004313126772141799,.0004144932926798004,.0005100441853208621
65,-.002078561175824987,.0003933731892381231,.0004069000418021676,.0004614328236972818
66,-.002199985671411851,.0004606038582903148,.0003711194814098672,.0004729600454086252
67,-.001943661433798943,.0004639981804499436,.0002937305526042696,.0004351385906060681
68,-.001044134293485587,.0004517595512185134,.0003425652211459187,.0003956132315766337
69,-.002652930059499874,.0004178315019276099,.00033806670115668,.0004506700925052073
70,-.001811049916427805,.000483170815440281,.0003522315117485728,.0004793710887772462
71,-.001670087154567176,.000437222666681231,.0003686535028326014,.0004966007606543294
72,-.002361717260335557,.0004160405931373384,.0003263118025073031,.0004793764164217678
73,-.002554731463460617,.0004911628376694571,.0003640759104518495,.0003781875336349689
74,-.003369552207732906,.0004198205600230992,.0004350383759302353,.0003999034206540152
75,-.001944208185340685,.0004927426412685283,.00029029229524195,.0003727514146609364
76,-.001130801692095313,.0003851937307680344,.0003191761207338514,.0004729715580905499
77,-.002263412962804949,.0004466514683867478,.0003788814547217897,.0005531713648466661
78,-.00268769940724014,.0004494386911616456,.0003992590129516888,.0004955718357293182
79,-.0006004101994140122,.0004542632575662757,.0004405125700742302,.0005182998554952372
80,-.003033869663766333,.0004382454664309473,.000332632159944577,.0004572446477275688
81,-.003027813062148925,.0004672922734261842,.0003945311966879413,.0004409166720397822
82,-.001710981489705864,.0004402016944365412,.0004020710191298642,.0004947226147514324
83,-.001343691154302542,.0004902202280128524,.0003766032806358976,.0005265774870532163
84,-.001116758633759007,.0004426298938596531,.0002905945705750509,.0004270359660834443
85,-.002739039971411983,.0004110963153993725,.0003487791343638493,.0004611753948504335
86,-.003554782157841049,.0004622120308547622,.0003300674976054074,.0004174064572857573
87,-.001934840123437813,.0004918435664208278,.0003934196617557071,.0004578873159318058
88,-.001325340519364342,.0004272733863736192,.0003978663771298433,.0003548887633693466
89,-.002238546106843013,.0003863532597863668,.0003805038868502328,.0003905527021185787
90,-.001930476415687164,.0004834368936357744,.000326363463265555,.0004534509766493692
91,-.002209372077219458,.0004476993604102573,.0003801047425211227,.0004185722627489612
92,-.002493955520713634,.0003928131232952254,.0003159840919060088,.0004020132780847681
93,-.002631479737561096,.0004278580425755637,.0003622233604030274,.0004211627312659632
94,-.002997330109221826,.0004099450048310884,.0003564575124108583,.0005208801672422414
95,-.003031872476770012,.0004365443243120475,.0003798060451109805,.0005404626523000333
96,-.001619557467195947,.0004635665272740876,.0003450909953929352,.0004478360678152353
97,-.003649548760049684,.0004393418035627028,.0003256780623822215,.0004883857443099078
98,-.002326459701589869,.0004046508421426024,.0003793584812067846,.0004798196752492966
99,-.001486626717283766,.0004184464509366326,.0003369027337964161,.0005207727899185931
100,-.002310474961645138,.0004402780624259959,.0003460064557857543,.0004500551986459818
101,-.003377337247509761,.000434802431106491,.0003848126784978361,.0005545713919871652
102,-.001368331541889512,.0004552730034765659,.00042663708626879,.0004806828702552729
103,-.001650171456074627,.0004115754632990146,.0003401254764058126,.0004923174153158168
104,-.003098828578782051,.0004277870422572027,.0003428381395599293,.0005169433330008469
105,-.001904217463241402,.0004579496419679801,.0004252856233523722,.0004447767968140765
106,-.003035552858074991,.0004498380470910792,.0003000257257728194,.0004508816202588066
107,-.003351510789161564,.0003712632901363087,.0004029167735816571,.0005420415057065505
108,-.002315059048008813,.0004482400865288853,.0004076359341246643,.0004660492750374036
109,-.002147187328658393,.0004331402520024499,.0003427036152196586,.0004307251832124716
110,-.001964960412511745,.0004083837989283634,.0003537590492423665,.0003666132152890257
111,-.0007056716323607221,.0004347604600552714,.0004013453981370838,.0003973692892494731
112,-.003255837660398682,.0004181409802786549,.0003575519328365615,.0005048251604497083
113,-.001633140080319258,.0004111573520290275,.000340799251443401,.0004664486545443928
114,-.003378006586143624,.0004409445840848597,.0003089461722063597,.0005614925285553744
115,-.001532923350916023,.0004609955769881294,.0003622231320648324,.0004162390594511432
116,-.002367227929851438,.0004438054894530782,.0003300453155736294,.0004235819502481959
117,-.003226731295249927,.0004866424301018313,.0004227188456618997,.000570541788812544
118,-.002393630012671059,.0004316193329621711,.000390329122184871,.0004743422216035663
119,-.002062445745712197,.0004647717931900682,.0003898299646039328,.0004759128313456713
120,-.002127170205949684,.0003993990768333985,.0003889356266131824,.0003993872464898937
121,-.003176342995597802,.000428036906840443,.0003633869341632657,.0005036435562034969
122,-.002182330310008755,.0004152923864743523,.0003162539858739581,.0004423797329264369
123,-.001189316500848123,.0004420538876181917,.0003643237659975679,.0004254935524721365
124,-.003285803304385142,.0004425821290122009,.0003296453975611425,.0003117096889136968
125,-.001401865415874499,.0004965518705998474,.000330713846626467,.0004255607495142936
126,-.001628390685427205,.0004275114466836303,.0003834664696835214,.0004379892112058014
127,-.003254432438985214,.0004817210608612485,.0003685248202108626,.0004701159560952547
128,-.002576326209611244,.000444505652980285,.0003927414117647773,.0004612345780054861
129,-.001696324512204259,.000473974864442749,.0003697050918213989,.000414996132676984
130,-.002002503284306405,.0004314236082648354,.0003466036633025015,.00056430383023663
131,-.002146298356251669,.0004535246944828855,.0003291712205643397,.0003511027612409021
132,-.003387950633278044,.0004348392147228982,.0003734100813488125,.0005302353046936473
133,-.002492667703514957,.00047228976170118,.0003515181402256828,.0004261114903200202
134,-.00260802371496676,.0004367022817387923,.0002982682625576411,.0004274336527423883
135,-.002372714152600043,.0004881594554147321,.0003565218760761413,.0005145488005126969
136,-.002612463063685016,.000486696146915689,.0003891580443026675,.0005113083047138351
137,-.00119262702003893,.0003887715979923551,.0003532422824892959,.0005603296030945079
138,-.002786779149113202,.0004512565958925667,.0003858825700728046,.0005505846886877904
139,-.002715947216785892,.0004928199202006337,.0003908774790535262,.0004265250389670377
140,-.0009446306861740519,.0004338145035368055,.0003445195245715959,.0005162815720027867
141,-.002656999796010603,.0004291741698415999,.0003663985361963216,.0005001351792513426
142,-.002352092598602794,.0004544929665039722,.0003185306531340273,.0004744612438831457
143,-.001377811609212908,.0004508706589029093,.0003610542787433721,.0004274104316177009
144,-.002759727727758328,.0004398293435908083,.000371158620956535,.0004708542119375705
145,-.00289817246421957,.0004610759394855021,.0002944828831536077,.0004267498005471674
146,-.001865548630161828,.0004535690688451256,.0003105286871222352,.0003674000510032814
147,-.001698249090177966,.0004101465053155755,.0003809801195640363,.000384774043743268
148,-.002737374530509111,.0004671132069033329,.0002705526873908837,.0005575059354846065
149,-.002373442777284334,.0004103184425964159,.0003541550423515696,.0004063988873213329
150,-.00273842524723562,.0004394335714529702,.0003916263342547312,.0005827243669266053
151,-.001705768043239064,.0004479555651110107,.0002869761348484405,.0003565779114293626
152,-.001418068486748289,.0004812104810055412,.0003284215489707022,.0005595820834395744
153,-.00332820782740537,.0004381745581857476,.0003487150630813357,.0004530071803759873
154,-.001011790050886733,.0004750936257803518,.0003576554085942712,.0004229911420653664
155,-.002564657895897486,.0004296112531967197,.0003516803461009314,.000522274612804421
156,-.003066119769464169,.0004162116419385494,.0003605881290922018,.0005537514929952923
157,-.001713563120397802,.0004690362640400619,.0003009226850379273,.0003748697646348245
158,-.002427423062277336,.0004874051079704133,.0003672850289277202,.0005003059152818832
159,-.002124538619001381,.0004375887017090007,.0004060601713420465,.0004945448860061486
160,-.001693214745492694,.000427848179412729,.0003442629501483481,.000474754631916819
161,-.003504836171036483,.0004683402478823881,.0003587268925560261,.0004650398531755188
162,-.002115305545841955,.0004288922167731974,.0003386278678037684,.0004633306013952622
163,-.001799826537789792,.0004920689384005397,.0003586104775181626,.0004650740550832205
164,-.003828300966582692,.0004095597422410204,.0003810729395549499,.0005606446430967758
165,-.002709501305557064,.0004571445831976357,.000401141625099359,.0004667161387210802
166,-.002349698071276398,.000421089359484802,.0003703078254094601,.0004162301942726673
167,-.001891560876181749,.0003992173082037773,.0003559955507760782,.0005020174515859395
168,-.001250356019503015,.0003624564279601478,.0003647175333147078,.0005617772974710172
169,-.002730646357429824,.0004407739277873537,.0003482518474486969,.0004475062117854595
170,-.001460885388773096,.0004168565355431319,.0003511287368642131,.0004765300754990083
171,-.001887190363268048,.0004637313524844225,.0003135558883761941,.0004611675542730249
172,-.00303925765187811,.0004407871596448046,.0003322733744633272,.0005071606439991911
173,-.003108584662456712,.0004672848992475376,.0003759243191294168,.000352384800925182
174,-.002221056382290919,.0004613885861619479,.0003926073614961081,.0005276135898885639
175,-.001629141881343889,.0004445650333497255,.000336585413891021,.0005011697409869333
176,-.0016875164439966,.0004438989211299469,.0003764923000394919,.0004595886622040544
177,-.0007087835423263387,.0004119900618856485,.0003512019722718116,.0003565146171650984
178,-.003386506047467919,.0004230373386300679,.0002887732790415946,.0005120290222760573
179,-.001252455578920451,.0004460201076629356,.0003412959955838259,.0005665493480992784
180,-.002791036307016509,.0004752722215446466,.0003241333580120579,.0004958794173920739
181,-.001970685469123386,.0004654768268924981,.0003596507398943469,.0005029227731121249
182,-.001758842298744753,.0004305991675727073,.0003523149263904057,.0005037000800189632
183,-.002809351773650957,.0004807228927501235,.0003549673877386285,.0005391417703468252
184,-.001762732617514962,.0003802281565705765,.0003306940996778582,.0005140250761591665
185,-.00240725370670041,.0004423471017796579,.0003604868247121428,.0004954181286995903
186,-.0006712129703715722,.0004510597843676375,.0003776920937529498,.000612365920247382
187,-.002001016556817648,.000403487563043466,.0003088219973788809,.0004355663112876163
188,-.002735496445087987,.0004371539875413679,.0003627110486095421,.0004484936024911497
189,-.001403142487799312,.0004996278478908946,.0003416723517136268,.000455451505973844
190,-.002348067622079936,.0004278515040950154,.0003427366851627928,.0004363742638987963
191,-.002139362742548579,.0004281823610458783,.0003694945686071383,.0004688962944616441
192,-.001918101894644116,.0004110225205189859,.0002810093650458031,.0004851961209135945
193,-.001799054894036167,.0004181385454950208,.0003704078938444628,.00049776562665599
194,-.001568562288435831,.0003881135705525125,.0003595064039510325,.0005024812613328048
195,-.003757206360782648,.0004610244275768835,.0003205966748653757,.0003474830937714098
196,-.001912712480962784,.0004594931703472473,.0004029961905092448,.0005590870221130272
197,-.0004257623065369207,.0004587425271201971,.0003530755870038609,.0004355389150177722
198,-.002442335942778445,.0003962513712170621,.0003577201498992346,.0004446336929426465
199,-.002902596626840596,.0004427736185777616,.0003251365017580277,.0005431505431359073
200,-.002181848500080999,.0004662469466215564,.0003515724185034906,.0004883417996083371
201,-.001542360865752445,.0004617012421148808,.0003754458478489217,.000515584690666198
202,-.001990491898700485,.0004400487548872831,.0003506320413510201,.0005667798193200882
203,-.003201924510850259,.0004456797622161215,.0003680402516859965,.0004490280726707417
204,-.001304974836275081,.0004559391413391263,.0003774910843897992,.0004010150861653152
205,-.002591084771320572,.0004470900302648263,.0003506150299935872,.0004942125219192895
206,-.002875647180684491,.0004445794516592275,.0003581741690129779,.0005148030557008287
207,-.002506967619606506,.000408490278585565,.0003754636245809038,.000521817473927428
208,-.002354837724661342,.0004601245092464964,.0003463240468550179,.0004489609157413505
209,-.003383065435902599,.0004401342862446115,.0003580241606689784,.0004654082764090858
210,-.001658689311623272,.0004287259315136872,.0003193252599079742,.0004671176183718446
211,-.003700976429271452,.0004973270293326529,.0004092697581122111,.0003773869664056398
212,-.00164603168169807,.000464553893085517,.0003958304531900489,.0004075668100513569
213,-.001372364892990026,.0004150339344105107,.0003936284339792505,.0005514384484528052
214,-.001982231350431461,.0004465932587004365,.0003690936191599369,.0004577256563810837
215,-.001736366070651192,.0004284881695696341,.0003642764065918252,.0004355510134638286
216,-.001430530826416702,.0004480400977807402,.0003216464803027461,.0005227246957478941
217,-.003750791763562449,.0004741087838047711,.0003477844608896454,.0005461520172130817
218,-.001616334260390327,.0004354563882399759,.000338948789837873,.0004206775600696831
219,-.001367397704331425,.0004407057361916149,.0003738819175351822,.0004920030306658239
220,-.001869787693288555,.0004201476659818525,.0003761220389121977,.0004919337205851985
221,-.002257248267190953,.0004311334430286181,.0003373538007157234,.0004391174366721275
222,-.003882775857097049,.0004510042608503146,.0003599002176355446,.0003919927969144257
223,-.002375289315819209,.0004163513746940644,.0003392354304288686,.0005044453827370643
224,-.002063440355389902,.0003943388960244526,.000402602260321399,.0004855806633368984
225,-.002453091317021619,.0004182809344625886,.0003404069446724121,.0004071825905284465
226,-.002980350840474573,.0004094278006037265,.0003319649535612629,.000528850528599127
227,-.003417144393276354,.0004701422304586952,.0003184014074408143,.0004808627776123168
228,-.002738538196631028,.0003858713766961764,.000355584547450122,.0004444211774309496
229,-.00255655436592927,.0004434561333015257,.0003761213312241443,.0005068942154037377
230,-.001336916025713098,.0004083594489331013,.0003521411092476026,.0003770404604568463
231,-.002615136210207744,.0004393714120647728,.0003420824014523303,.0005111455126577108
232,-.002003842681666772,.0004335275088617996,.000385376741213748,.0005513110399230668
233,-.002270444195745813,.0004635626157657309,.0003966198560310722,.0005409315876465891
234,-.002538409826187843,.0004212167550025636,.0003234382645289448,.0005527609425542674
235,-.001719960286927099,.0004732560285327724,.0004072633013700401,.0005160692342828392
236,-.004178199941597363,.0004122373450580325,.0003407920290997086,.0004434835432310866
237,-.0014789348891911,.0004851982304418329,.0003426675848871268,.000441642040969516
238,-.002449068402895799,.0004619434152114591,.0003728142048688301,.0004756442475277656
239,-.001917621035393854,.0004117467314600319,.0004311356717969716,.0004990532770209044
240,-.001931460873012325,.000434396892487324,.0003337670576838379,.0004360816873382577
241,-.002995998774150289,.0004350689900764892,.0003407494927829804,.000497923096697637
242,-.002107854582200893,.0004592871546838692,.0003592690462901138,.0002887741169911808
243,-.003571209086675125,.0004797774934433272,.0004037237262071595,.0005863169609639845
244,-.002806633414045603,.000420910102715113,.0003303259350689884,.0005049633761326196
245,-.002217337062506896,.0004170539559961551,.0003878323825449625,.0005422817038258442
246,-.001615941304418098,.0004627650213101389,.0003565759317384859,.0004883094703219462
247,-.001815427832312783,.0004267986230153299,.0003877954604941917,.0006047935625875349
248,-.002484249989470746,.0004199670430386155,.0003422816124481305,.0004933885761095736
249,-.003411603967619442,.0003901897846501175,.0002945045711345945,.0004350153710156409
250,-.001644838563338485,.0004465372190533122,.0003889220041246634,.0003156363157208054
251,-.002691805824751278,.0004145724986669887,.0003632446142746626,.0003498082154017167
252,-.001649018358477352,.0004358553193418972,.0003316672383267847,.0004022234466533969
253,-.002957743231546195,.0004301985529473289,.000359234621684397,.0005569814691682115
254,-.002358344618970449,.0004278415332467323,.0003053097873727187,.0004021298050223467
255,-.002070591778856246,.0004519099210585327,.0003568912642776242,.0004607959141161605
256,-.002266400980935002,.0004332013251159922,.0003280231582075357,.000453300049114205
257,-.001168137344298629,.0004497857276232277,.0003689355808401355,.000528509501398305
258,-.0003423200296517625,.0004652503743689217,.0004111870873687753,.0005144912383600911
259,-.001775506070335955,.0004418957407569414,.0003523164913225931,.0005289922665631492
260,-.003632613058060365,.0004533616296944638,.0003557536019078717,.0004758874045014682
261,-.003002889892274072,.0003868928429791224,.0003568746360532873,.0003298875250766554
262,-.00149149887220744,.0004524394917089095,.0003783073673056344,.0005322430505331871
263,-.002515333383315878,.0004114616114962374,.0003671858323071432,.000407327995266422
264,-.002820700235317098,.0004382014498284622,.0003356140947282554,.0003848790112968965
265,-.002256672456365952,.0004887123106171163,.000404702973614398,.0005324124678538738
266,-.002691471155018719,.0004418685488262125,.0003862280187286954,.0004823295254911554
267,-.002706349923237315,.0005115374418555795,.0003971063178061956,.0004382411171485868
268,-.003688706383794981,.000467486009490413,.0003572334480909476,.0004324168322566406
269,-.002267471270039764,.0004067736434605616,.0004432131546118164,.0003925621405955983
270,-.001841984781050716,.0004477469219040042,.0003662570774948908,.0004858117378652499
271,-.001326185733687743,.0004230608983070668,.0003156866460069547,.0004960051896236309
272,-.0001254496657053464,.0004458739018891589,.0003203966442132225,.000492386305737709
273,-.00237394573538052,.0004993169738367517,.0003602820473830209,.0004412820710610442
274,-.0014006290134535,.0004164515107650705,.0003576095343699375,.0005788770852601271
275,-.001705054204185803,.0004794095657935837,.0003216396152056419,.0004321947957321602
276,-.002836626410663696,.0004676514354585343,.0004022807887798371,.0005015619138142939
277,-.001256329047850679,.0004607404035540327,.000341488981369488,.0004386914140180282
278,-.002387691144944725,.0004432765671371655,.0003204223663031819,.0005837524972790224
279,-.002377869109275527,.000405973944789163,.0003373602458220796,.0004250544600186726
280,-.003511591513242057,.0004303401022196332,.0003595934438333909,.0003030249196424639
281,-.003480804218363979,.0004388882243338019,.0003214857746650675,.0004444734981169958
282,-.001384993587637235,.0004307895590333016,.0003961081203879059,.0004391616207715652
283,-.002719326602982063,.0004786683633137633,.0003941153418119743,.0004668901213785132
284,-.002170993261478534,.000495880070003842,.0003672660200646376,.0005065240317295629
285,-.001930944432388185,.0004474221580702899,.0003907056342876343,.0005438131779373083
286,-.003525381421104872,.0004385569964823107,.0003417029402318022,.0003559806549648131
287,-.002465732231706183,.000417656501407155,.000378975848763232,.0004330079396544039
288,-.002222809824005262,.0004107169548562851,.0003602862881254755,.0004508162512879592
289,-.002527418126178334,.0004905511100214753,.0003582404315393112,.0004149080664740608
290,-.003015694807848739,.0004333326586880633,.0003384473928057036,.0005203102384483967
291,-.003048555454948955,.0004524702398670397,.0003185123821461579,.0004993935805097702
292,-.002305773836580671,.0004452228059255413,.0003590575870469164,.0005167452502014672
293,-.002454681570733101,.0004584870012131787,.0003905213829386756,.0005204472781694207
294,-.003269582136722534,.0003852835133854271,.0003503179313273072,.0003602431318432138
295,-.003967630573222496,.0004403428620114644,.0003883417520322465,.0004374858709270409
296,-.001988520100676612,.000465716713726726,.0003266121579486679,.0004486736268047105
297,-.002668735353398029,.0003781163211309709,.000370723270770891,.0004542650250826084
298,-.002451265749085647,.0004609043493919696,.0003900668939645527,.0005482041284688128
299,-.002879438566980904,.0004654873572168611,.0003526545876435297,.0004250184391121774
300,-.002725517733118069,.0003922378480728834,.0003242182571279839,.0003620599804857911
301,-.002073735157148218,.0004657964210668228,.0003640062912322111,.0005505741779363372
302,-.0005897523007395843,.0004156587587408223,.0003554947357443193,.0005042992870835648
303,-.00364806529450673,.0004096179828726408,.000375096401374592,.0004969546075356613
304,-.002109528789520391,.0004666984005104791,.0003062023499897246,.0004907698632025006
305,-.001908962512637188,.000425224377469286,.0003181521919199602,.0004980986274339717
306,-.0005834134409137943,.0004638441795419157,.00026309668989485,.0004506949903640809
307,-.002105083834380047,.0004015139121583471,.0003810575713681772,.0004272038602111707
308,-.002345080908790007,.0004238121098905395,.0004160544789195777,.0004206131478092364
309,-.002441749267086595,.000444695520718712,.0003542518867815488,.00045398580434959
310,-.003425718156769688,.0004859313720691308,.0003433217820486843,.0004812820087270396
311,-.00317073624932197,.0005140959108371936,.0004044237381722413,.0004123497302720421
312,-.002937230363193944,.0004591619293039194,.0003919135394331064,.0005461023950716347
313,-.0009160728454269318,.0004131808521409416,.0003255246020680377,.0003906800456611485
314,-.002256677763393404,.0004811924507491495,.0004038101763143466,.000438773491955394
315,-.001603200241538549,.0004236135992164265,.000363681354328653,.0005439872126194144
316,-.003083730844130014,.0004171753986784564,.0003554933963618791,.0004098018299876968
317,-.001162069380830891,.0004441156561828978,.0003796472608845536,.000468145860636287
318,-.00269060525077901,.000426564724419447,.0003896696541354535,.0005128317952411201
319,-.003170821850354284,.0003994216426651474,.000319983123545522,.0005346461874756879
320,-.003103012162542645,.0004447058011721626,.0004236151137608761,.0004338757143653215
321,-.003313528938797709,.000443291564192106,.0003588020748827047,.0005303892552011741
322,-.003086834568085609,.0004563803280668622,.0003689083172026015,.0005369935808407606
323,-.001960906869471977,.0004325288880870332,.0003412494283772795,.0004272887776499647
324,-.001974067057632681,.0004207498880507776,.0003335542683342327,.0004321237496731798
325,-.00246528565324819,.0004376393244787174,.0003853905844381477,.0005136384648109564
326,-.003389944679537504,.0004728441843510736,.0003767024362956545,.0004404609279678867
327,-.003071360086074616,.0004336507768464482,.0003146361218281823,.0004847795005844441
328,-.001753569850992957,.0004392151965432648,.0003983625453650345,.000507394727728738
329,-.003743324192148851,.0004595410711029889,.0003354392781890526,.0004899301730257905
330,-.001743105251657664,.0004192119964745568,.0003337115121817513,.0005408368476071207
331,-.004094867455428254,.0004184417560144269,.0003680988738005477,.0004268669437579017
332,-.002832108232977572,.0003962185606747813,.0003612952720327597,.0005376093873261676
333,-.001739807750747678,.0004533103711753282,.0004157859244547513,.0005276993033681239
334,-.002254256279272429,.0004498631715021153,.0003610366466561741,.000435310726104064
335,-.00134386406547721,.0004321446900436524,.000343993637110565,.0003639252682620447
336,-.001283414540565244,.0004060357966062931,.0003634923772891923,.0004369408220003764
337,-.002597490051322259,.0004155540579098131,.0004031885116374042,.0005818726981569563
338,-.002124113630035965,.0004828566418773713,.0003446553633293635,.0004342403047022203
339,-.002717623800363044,.0004118546091337508,.0003919809285305114,.0004481587726321741
340,-.003186269095716785,.0004344440568576178,.0003799489909770526,.0004599771295920523
341,-.002654651329145321,.0004308839476448064,.0003660639087207535,.0003955219518962652
342,-.002921674272508927,.0004222487051520622,.0003563127898809179,.0004570807355815593
343,-.002821014468927024,.0004222375711916153,.0002819657321436288,.0005521456584648585
344,-.002519440743210211,.0004082004402180854,.0004144551280952673,.0005289842885192554
345,-.001633405448089038,.0004015225140791276,.0002969143237434803,.0004383092131973212
346,-.0005248863527618072,.0004175933075127622,.0002786707507744556,.000366103758821714
347,-.003821961012750618,.000504388611106067,.0003858164104769863,.0003894350531934863
348,-.001365368930708856,.0004561242537478095,.0003855435631193915,.0005663973932280949
349,-.001895517506854158,.0004342108212311854,.000380939306171375,.0005557008968963711
350,-.003724433203537053,.0004653450382734398,.0003756001838509706,.0003405666314093399
351,-.002317914349322053,.0004280361003342406,.0003801823210045058,.0004569678942639636
352,-.001543691363602742,.0004482590031067345,.0003719925910415962,.0004489267405604739
353,-.002063141060373308,.0004458261288575371,.0003248087407298315,.0005392133292487222
354,-.002071266341244501,.0004428367220354256,.0003835679842651216,.0004348084988159976
355,-.0008833731337264926,.0004486201768526372,.0003735263550083049,.0004329012930597187
356,-.002704450791187181,.000425841209488994,.0003173549007013215,.0005265964695261688
357,-.002312973412789896,.0004169179408637759,.0003584294086337633,.0004824958619897897
358,-.003668108744240857,.0004526352566539046,.0003024546763283241,.0003451296188968609
359,-.002689885487983826,.0004579691012472566,.0004282815399485929,.000392578979773208
360,-.002697479456059747,.0004631689160110874,.0003515013438801906,.0004940341298690529
361,-.003922904424725383,.000486839243921596,.0003222701707825322,.000487414304672654
362,-.00216778100566068,.0004192109939434615,.0002939005223340688,.0005542244427726035
363,-.001866817463292699,.0004529596302837814,.0003980459551174256,.0005221976554647979
364,-.0004732613878943579,.0004527985781479781,.0003911256872603146,.0004821886225131635
365,-.001738367865271759,.0004344148999859681,.0003367126687331684,.0004589274088625825
366,-.003334691323403808,.000432547415420353,.0003908277771439573,.0004602967503907156
367,-.00348740911709927,.0004777150829208256,.000325900668463871,.000568168733444343
368,-.000144012547906666,.0004772416711246949,.00033713676699958,.0004646038845539876
369,-.003079958267511429,.0004093259092893543,.0003118519171954065,.0004206174464021571
370,-.00156469592089764,.0004381926771359587,.0003933093570101597,.0004187250752699628
371,-.00273110572133519,.0004498972200809192,.0003468594916747099,.0005270782257209525
372,-.002576182936195973,.0004509587672873061,.0003391385933057607,.0004841003224466784
373,-.001822310305986656,.0004264926501032611,.0004604149912586168,.0004768631635028819
374,-.001636835164166726,.0004252026432151045,.0003641983257362268,.0004210194129787121
375,-.002246582664982257,.000436229231092888,.0003150113490012504,.0004145868112167191
376,-.003408274422008386,.0004335842777914353,.0003177144221983951,.0004476826561033871
377,-.001891656343833257,.000492250134735585,.0003061063213136729,.0004950289074999253
378,-.002936096926297017,.0004505173575843738,.0003423472187382042,.0004998942056312158
379,-.002531710113723893,.0003876177166598147,.0003919341182358233,.000473443100499238
380,-.0035029998027186,.0004690449745149525,.0004350070685320496,.0004132437776161587
381,-.003288080474482806,.0004454059324964508,.000366685802426136,.0004757150149316203
382,-.002135654518074176,.0004703119774967364,.0004082173022397969,.0005484669164846991
383,-.002645390428281748,.0004182453559046933,.0003744479848160442,.0004242708099983013
384,-.001513951914426943,.0004057222375762219,.0002921870653974222,.0004592347288341822
385,-.00310607913059003,.0004419509672722052,.0003138521252157829,.0005375438872558171
386,-.004235959783167859,.0004557618503608814,.0003998999336009752,.0004539536675637024
387,-.002671229239031093,.0004500245049194842,.0003553778395420509,.0004280830120377743
388,-.001572203920132416,.0004720746902955595,.000370543332768478,.0005903229291830742
389,-.002811871929971471,.0004338037322996571,.0003938854618835526,.0003881842481242352
390,-.002129490502292151,.0004644556287089157,.0003189144571133509,.0004453863762322038
391,-.001480363204561342,.0004683208573793681,.0004048615576740108,.000504080093853741
392,-.00340126170411259,.0004568756712408221,.0003656319821414094,.0004586578874520991
393,-.002634005314307928,.000400663676897849,.0003339429604822796,.0004451785725453394
394,-.002759157477929576,.0004492275002164065,.0003876046769324896,.0004750445875514043
395,-.002068411894916743,.0005002067731335902,.0003740048545897585,.0004691925020000261
396,-.0007467659000872675,.0004547539688482262,.0003634691856840336,.0004141647985220865
397,-.001218178457175011,.0004219171082439041,.0003497504507933145,.0004798935203168534
398,-.002080496670800742,.0003809808336181409,.0003102840814925857,.0004848910017937997
399,-.002290978130132118,.0004063640086491087,.000330844571550017,.0004998135135386482
400,-.0014751954285768,.000461342278114773,.0003180299367216639,.0004657880762104029
401,-.002669967338151586,.0004691918174160481,.000298617673749229,.0004405773172594561
402,-.002630500597062358,.0004750325594744505,.000343130759947746,.0004054858832654785
403,-.003566470741379147,.00047456309860587,.0003485229596543086,.0005187205427426872
404,-.001858497419013489,.000474107071234255,.0002878321326824035,.000487589355787713
405,-.002074684661921075,.0004354623300354203,.0003407131508320887,.0004239160203581059
406,-.002552635622720971,.0004266019581516284,.0003315446304359728,.0005441495922427831
407,-.001708258629226742,.0004682092974129075,.0003790817930452648,.0003972860849312312
408,-.003111806122911021,.000427363327453066,.000338288851513457,.0004346613416871098
409,-.003506932164415197,.0004205037018363846,.0003374137495809953,.0004470308068679534
410,-.002863387775897538,.0004351152523169216,.0003713046646909061,.000498231340627763
411,-.002809532543491523,.0004921929683911329,.0003543772499433029,.0004716175609180507
412,-.003365340681043382,.000511995011891629,.0004014735570144568,.0004700382076440859
413,-.002850687679669582,.0003786574225518086,.0003141848771744095,.0004547397570685513
414,-.002670272670018189,.0004104971384964676,.0003444432258570401,.0004827211434780497
415,-.002327512708057291,.0004305979928069046,.0003446814437580189,.0004251363065837029
416,-.002658317290476229,.0004557233716961985,.000334287306104122,.0004744973813803218
417,-.00274770767104028,.0004320304507600078,.0003749001158623427,.0005456922220161521
418,-.002439152178263623,.000427049361426745,.0003574367998238103,.0004273597667216213
419,-.002609957460968558,.0004436259280307901,.0003478046817562504,.0005760897846673634
420,-.00397542231270301,.0004441383186783097,.0003613205831006051,.0003848737145108155
421,-.002030820260794236,.0004656186474635809,.0003725279057177788,.0004032166637692194
422,-.0009539774455882414,.0004295901856004133,.0003328403627269977,.0004882903469786443
423,-.002680932141177474,.0004405476774017404,.0003432518599758048,.000410758892095923
424,-.002983161851665628,.0004325224692784829,.0002687427394614644,.0004337156921543715
425,-.002643112397076745,.0004754036590250004,.0003940606518126169,.000358551080514536
426,-.002538506515220794,.0004388023988344148,.0003021236001175734,.0004412601347101644
427,-.002148384877766807,.0004763520441236995,.0002915345294867301,.0004793976927196002
428,-.002783076270904669,.0004422985327375284,.0002964774459654061,.0003710399801237951
429,-.003218691795669856,.0004794930152691725,.0004151875091018463,.0005239344711275131
430,-.002142432512696349,.0004420066549395439,.0003379806988351377,.000446897533899577
431,-.003355720228639345,.0004528909448368141,.0003179801805341355,.0005039879600625699
432,-.001188043367887044,.0004486696388256355,.0003054092621077786,.0003429997949237432
433,-.001628576957052372,.0004329514212286266,.0004078380649284083,.0004470035214642883
434,-.001547741542413793,.0004465753726844581,.0003887004845462952,.0005074948308737983
435,-.001810218732903994,.000438235548799413,.0002955310090784415,.0005329805959731731
436,-.002446023543998949,.0004542203396015589,.0003355486234328485,.000433996273722323
437,-.00138504819588565,.0003884568515682044,.0004223788663224129,.0004880565493651739
438,-.002441393572323865,.0004481824692008259,.0003714413073889073,.0003677582153810733
439,-.001905377063847914,.0004733559906629734,.0003691559824531883,.0004687409531458345
440,-.00281784761693467,.0003776451005682773,.0003461306604606346,.000497530096264965
441,-.002507384885746899,.0004569798751313528,.000455772916658667,.0004709340931219563
442,-.00339318919570806,.0003998966689286607,.0003625513120350255,.0004497031499644702
443,-.002409750278006549,.0004328545789128567,.0003501895649628685,.0004705188068791286
444,-.001648202675378113,.0004427881657040345,.0003899549889796702,.0005443498699652275
445,-.003481337684048807,.0004314513965287183,.0004016130474081168,.0005029329466206244
446,-.00129430284591608,.0004410752490346488,.0003595760365772577,.0004990454169400934
447,-.002088114345089707,.000413025291781769,.0003562216620779575,.0004618135060813249
448,-.002941279411109305,.0003900645002651634,.0003500766338800351,.0005357975026683746
449,-.001750114678849874,.0004007601540098329,.0002784871990072103,.000430608239040892
450,-.003167472494181337,.0004173222737170453,.0003624656777838169,.0005216722136882566
451,-.002864323505786151,.0004750944841351163,.0003398596994222652,.0004322383582779524
452,-.001665832555813071,.0004830582434045625,.0003741691499398372,.0004477598492125938
453,-.002601420472455269,.0004370396354521059,.0004085773391802068,.0005774839275547988
454,-.001967807003002136,.0004255892366841644,.0003795989632570341,.0004033488496246002
455,-.003464391582388843,.0004327250425024787,.0003498029472270139,.0004937254532316348
456,-.003888159634893707,.0004313526623590766,.0003591316032030212,.0003943188037138099
457,-.002369996933146174,.0004563788581299131,.0003314196294094536,.0005343241759463421
458,-.001041143295526591,.0004745522631767184,.0003825361196276187,.0003964551818116666
459,-.002421667328138427,.0004330722118613441,.0003810042682517511,.0004758740517972905
460,-.003029843538243828,.000425566399734725,.0003653220380648593,.0004390870428466831
461,-.002068322025046268,.0004474891593605496,.000357504458010891,.000551127253831113
462,-.002634440240380835,.0004698667199260144,.0004064594796988792,.0004541755177803856
463,-.002405175252607304,.0004329813680614376,.0003128183572385411,.000524339996540501
464,-.003821405114493375,.0004651168731068409,.0003950503180440706,.0003298114209771543
465,-.001853621779678476,.0004564834322511842,.0003529927196522145,.0004703795134607095
466,-.000825395432006489,.0004654325290703057,.0003786696232590814,.0005107708545768051
467,-.001274399258593919,.0004399347206926672,.0003387917677403885,.0004662398778139341
468,-.003012399647053782,.0004454029392125034,.0002909634022237929,.0005335498361600656
469,-.002381639163583779,.0004273040469530939,.0003948351172464479,.0003606324369045198
470,-.001260542262753946,.0004856640274705497,.000343906759260608,.0005204196947823525
471,-.002467132559094859,.0004594552644787174,.0003295918353306428,.0005123437252775795
472,-.001685923639879543,.0004424785386410163,.0003361861706447147,.0004083402929424084
473,-.003872245586905795,.0004602355478169209,.0003567966328671546,.0004613529232650305
474,-.001914559468421246,.0004276734825274429,.0002973902191290483,.0004624590298135886
475,-.002209473402308793,.0004018684034274141,.0003547318651556931,.0004665016817475198
476,-.00268284771759531,.0004942655932494041,.0003573113484681392,.0003960564988688079
477,-.002881125320063572,.0004418264830727714,.0003664598427010569,.0005115251316485361
478,-.002529856921066751,.0004454662290623566,.0004266470458150106,.0005415392422063127
479,-.002342029031513496,.000422284229983193,.0003541674657473187,.0005320505065798161
480,-.003223970251850908,.0004498600424696726,.0003299505468738773,.0004658144724212126
481,-.003449064373219464,.0004172165327832293,.0003710681940940795,.0003640655904805617
482,-.002039126982025667,.000474554318640045,.0003473495481087631,.0005251657582199037
483,-.003019953208073098,.0004258626939742947,.0003024783754499959,.0004178134846933842
484,-.001984563015008646,.0004471040326512799,.0003472869887304294,.0004285941301010043
485,-.001071051941916054,.0004577693835041817,.0003258192169287771,.0005455470935697286
486,-.002538129943634359,.0003874824046277605,.0003920302368614578,.0004454661905182269
487,-.003621069114194182,.0004450626067778414,.0003972151095749688,.0004688792064015141
488,-.002074066807463128,.0004370664562552249,.0003499424671175284,.0003942723766089321
489,-.003535865659775166,.0004298285865268251,.0004140456841632307,.0005349539249401085
490,-.001518573080136941,.0004636261031434325,.0003609405508088512,.0005228214412590304
491,-.001201346757626558,.0004296184183478276,.000359206832559546,.0004534260457986463
492,-.002349915081011329,.0004408685450672203,.000430073853704095,.0004306251227355428
493,-.001211186625967202,.0004190820341296951,.0003616530214470688,.0004574000505686504
494,-.001549299946807013,.0004575492649070068,.0002613806415940411,.0005547891985848974
495,-.001625442517525646,.0004431647580566326,.0003545882476113944,.0004276285015788451
496,-.001951385314644792,.0004395326665925214,.0003926513538873236,.0005738007161942775
497,-.002257453132331239,.0004354166749723267,.0003977843243318137,.0003893759950352696
498,-.00263945984237216,.0004070573855455681,.0004047357574831488,.0004496460118566526
499,-.001783102871129457,.0004674592744882101,.0003737875963153207,.0004309560632295823
500,-.002202559277923048,.0004318571594621545,.0003475681650501689,.0004869075241677376
501,-.003471150089857352,.0004044747779542268,.0003825270532424916,.0005364702349922086
502,-.001596101216934232,.000419280709193564,.0003892533651294317,.0004528398791125725
503,-.00198859988734991,.0004301957880277353,.0003391544938165513,.0004195149915228572
504,-.00186186784166502,.0004508456698738215,.0003942486334300807,.0005017359838540755
505,-.003165569979380437,.0005037617141584891,.0004351689962565972,.0004547178164914222
506,-.003132228224982451,.0004210747323310636,.0003784888635908007,.0004735001247312236
507,-.002588333327574965,.00042676925207203,.0003859055769618616,.0004227929910679816
508,-.004919042055865253,.0004202742397866177,.0003270141080583982,.0005679931157907364
509,-.002295549921526649,.0004013362049263408,.0003725538876494758,.0004510242483428473
510,-.001334793439364748,.0004497802721975566,.0003699362305849985,.000351320852391391
511,-.003064064824192695,.0004597421539070794,.0003413575918793026,.000485561510415012
512,-.001612888686645852,.0004348986880257552,.000377012441087479,.0005345566698862821
513,-.001290271338579857,.0004604802833719612,.0004146800627941815,.0004239187602953824
514,-.001783403381973369,.0004491072575537971,.0003663773387113351,.0004666851254132473
515,-.002841573958247745,.0003878510217317783,.0003967683538460161,.0005124061896861371
516,-.00301764002901147,.0004568360467806744,.0003389762223221465,.0004780513600394007
517,-.0016471988963394,.0004468802421050977,.0003348428099358732,.0005823348509766458
518,-.002066539291596289,.0004431380246373602,.0003951614317268794,.0004085638888484599
519,-.003583651678571356,.0004774106316819409,.0003259288213485823,.0004754608634960089
520,-.002321420636150326,.0004833809013106826,.0003531369119615786,.0004849756731787567
521,-.00189281062790572,.0003727636523099002,.00035312090298127,.0004716373035194512
522,-.002132840171499524,.0004273822445184516,.0003276432516881872,.0003700973928668635
523,-.002436521389051621,.0004435308456585476,.0003884649645952213,.0004353183020646268
524,-.002205489680360127,.0004962221567762931,.0003721979332034159,.0004940523227856926
525,-.002574973460482334,.0004668683587589947,.0003987965079584588,.0003954872893096261
526,-.00260168697356775,.0004874107178733803,.0003480893271880925,.0004279123694799101
527,-.003416833600684329,.0004134895265819941,.000352106185669771,.0005919601579230531
528,-.001518936095418971,.0004375314348875794,.0004249886553594033,.0004989514829439051
529,-.001103105513661104,.000451748912142123,.0003327128638846144,.0004760501794436619
530,-.002055706326228136,.0004659336085865982,.0003879954380881723,.0005027154937566942
531,-.002905273070560722,.0004994141253389351,.0003154839225614541,.0003915491778006396
532,-.001541154429403011,.0004551918164324088,.0002669168649890553,.0005191682673094491
533,-.001342328914653326,.0004427939041204857,.0003668166140448998,.0004691466159344617
534,-.002376108141928606,.0004732068423371404,.0003614214196452122,.0005512984254923117
535,-.002214232209513268,.0004532180065174226,.0003622012759924565,.000532349031532405
536,-.001468665336163032,.0004170115113581374,.000349423930688097,.0003834523957030537
537,-.0008522309658778077,.000436514460681064,.0003463932185904315,.0004434581102294748
538,-.001746000648824492,.000393733637400378,.0003533613858404944,.0004778305910967216
539,-.00313805689076251,.0004402994599874278,.000354541636049024,.0004638211735263454
540,-.002202081398420903,.0004566896481626651,.0003266445096803642,.0004158036536891744
541,-.00238585546986853,.0004084774150996538,.0003531560216243661,.000550214275468951
542,-.00174505672228204,.0004289206043211744,.0002986838326332901,.0004373322605707922
543,-.001429719336000073,.000420168500672047,.0002880220749308862,.000483986550460557
544,-.003726987177621953,.0003819993125423782,.0003028113316442709,.0003907114004611718
545,-.001220379425341689,.0004107395057352223,.0003247878375992717,.0004604974372103959
546,-.00139011418919425,.000417757116781138,.0003599478445734837,.0004917555804107045
547,-.002194779857577667,.0004253888949623121,.0003453691178477547,.0005249164011294191
548,-.003308534367893555,.0004569785862866891,.0003584067655157597,.0005391973140158804
549,-.002185597514212247,.0004271236706111793,.0003598594318023126,.0004562538071491805
550,-.00302334568451311,.0004584868556044263,.0003039543118699556,.0004127611902254723
551,-.0009979834644219475,.0004655423572977408,.0004311522192697303,.000442004183773527
552,-.0003097487936093496,.0004226384562753852,.0003590664860589004,.0004753824057067192
553,-.003457286290088699,.0004655480185873313,.0003983945847703667,.0004280154688719837
554,-.001719471157028669,.0004678712343189352,.0003922467507586404,.0004950850559792234
555,-.002223049900647203,.0004120652955261049,.0003717430376381647,.0004258768187480441
556,-.003970672297274392,.0004313685260788939,.0003075218767779098,.0005259905574612123
557,-.001673949285410031,.0004109435564513626,.0003582473043135249,.0005356320175175613
558,-.002001300724825294,.0004131593487018145,.0003804676254843275,.0004697093134068314
559,-.002515047167561479,.0004133113720262019,.000358730163896902,.000519702626941034
560,-.002965860305309895,.0004026545341113564,.0003384808115490032,.0004956621512513761
561,-.002743780378304432,.0004241611434396727,.0003305035214824744,.0004679229801327684
562,-.0009537663536126797,.0004131782527453003,.0003374348510048962,.0004553012630008229
563,-.002932473590648391,.0004398647532975774,.0003541354992266307,.0003904558662285841
564,-.00211696580548902,.0004211662462561325,.0003317822046583771,.0005010571659952093
565,-.002542429408131673,.0004052514621838957,.000400680475051505,.0003911275242666996
566,-.002509037337780141,.0004246564555286646,.0003606071726175838,.0003672740786293006
567,-.002279183258041448,.0004865850135942735,.0003204057537255994,.0003997270774056763
568,-.002103280378472383,.0004554669808515176,.0003653784913311549,.0004797401678070708
569,-.002471730666682562,.0004562892793673863,.0003887583949918065,.0004796017797391154
570,-.001708825798854491,.0003999527627735126,.0003838086410760155,.0003971920777170226
571,-.002727456051742734,.0004662178864677871,.0003232860651597085,.0004770667513925541
572,-.0009019931809523631,.0004455674613029303,.0003596396354903392,.0005243917876492098
573,-.001851162848536055,.0003952378388587511,.0003539654840304494,.0004190895179713496
574,-.002522338217799142,.0004026939953672508,.0003415045238323152,.0005899079876372809
575,-.001717635624844113,.0004407560459533023,.00037084751480353,.0006100669264260059
576,-.004115335686534605,.0004163086311638331,.0004036115598156926,.0004558783696499113
577,-.001985346836778066,.0004548261717947837,.0003922643795410051,.0004955710672857771
578,-.0025362578347394,.000386242708272646,.0003505210684017769,.0004774785932464875
579,-.001713630671975692,.0004147213546099365,.0003502656705577527,.000479067939405654
580,-.002810443516917601,.0004482887124162857,.0003677565671219275,.0003703759064101002
581,-.003440426338825964,.00043294209086503,.0003907639781027694,.0005184628204396524
582,-.001618392872743891,.0004151002940193562,.0003109903884083057,.0004636028086699139
583,-.003091437332470223,.0003961860978294012,.000371236069450324,.0004111198724251429
584,-.002678362074755893,.0004191899969059805,.0003676273728972494,.0004976605121283816
585,-.002618412438350004,.0004377842344912494,.0002803202539335356,.0003580446997940604
586,-.003424893141622088,.0004613513544211084,.0003985140419569199,.0003686900249194027
587,-.002482742028505261,.0004149975373932599,.0003860273602571434,.000474457461740866
588,-.001888053750258453,.0004179868793805165,.0003186075605206296,.0004692783140728429
589,-.002495305867661721,.0004885725246669207,.0003558026746455416,.0004781169647450728
590,-.001803803405742662,.0004114449601091615,.0003445020532569508,.0005983915783791543
591,-.001387967529305987,.0004621024279920218,.0004022754453376162,.0005301418954304389
592,-.002760992100738438,.000432886965193283,.0003223158965635695,.0004835646080836482
593,-.004126979552132337,.0004736849628315035,.0003894933861624629,.0005615330506752351
594,-.001031585691129548,.0004230771058600199,.0003486923331701058,.0004218517456516256
595,-.001364985179853155,.0004062260595931582,.0003919881364017538,.0004489630280718407
596,-.001460268259243938,.0004516614703522989,.0003211153612591061,.0004356120580285969
597,-.001552185577990867,.0004619119744141164,.000385410444145122,.0004804369455987643
598,-.002311175156100242,.0004410504930223561,.0003425723038468973,.0004048219803206103
599,-.002409890104301895,.0004203840771954791,.0003548038403710009,.0006180849655184576
600,-.002113925202654759,.0004651409588515166,.0003394870141038349,.0004565049924742515
601,-.0005545374652158623,.0004756431213760519,.0004139882075936554,.0005900507193038588
602,-.00176191096385555,.000472246370036776,.0003787705595726169,.0004847139096533974
603,-.003261440293212944,.0004293815319723483,.0004052910205462034,.000448701331477037
604,-.004535336330853365,.0004800400073993071,.0003517400397728026,.0005584710811564029
605,-.001675353208128794,.0004034007173325744,.0003370445720105646,.0004925084157531864
606,-.002052956078165113,.0004390711674434134,.0003753012233983865,.0005174989932895556
607,-.001373729576106534,.0004066904595733318,.0003191508888593633,.0004692606743660049
608,-.001845309335222019,.0003949793084705835,.0003868798347122722,.0004672227272427805
609,-.001032077142976487,.0004658405702220078,.0004289448103610456,.0005177732249610912
610,-.001641484440358125,.000467773068418298,.0003713235386862145,.000522563094906635
611,-.003095436536054476,.0004366069447137179,.0003769264910459064,.0004258016375687241
612,-.002046379769508043,.0003773349771236011,.0003788530164436136,.0004444869460214069
613,-.00281137096212431,.0004379610935248276,.0003266775448962568,.0005006088720571665
614,-.00230128652235811,.0004941865222714889,.0003809797624653499,.0005873180230372555
615,-.003371598587532188,.0004221178365255657,.0003262893004367287,.0003017838567315694
616,-.0006908153950550108,.0004442151365064622,.0003652752919691015,.0004552693343419274
617,-.002299682115551395,.0004122759031878665,.000328039284324205,.0004649731871945302
618,-.002719480013401312,.0004805543192614297,.0003054051678131001,.0004950786685041734
619,-.002998812895914947,.0004624315892131347,.0003450994603840513,.0004323998698978302
620,-.001105432607989017,.0004353776521701286,.0003422941644842172,.0004443788621626592
621,-.002231530485187081,.0004250117511008194,.0003735771566643886,.000489933240099034
622,-.003300948342037959,.0004274026177771719,.0003521367661921098,.0004524379165573294
623,-.0009830537169385656,.0004298206908772199,.0003299364730866151,.0004986120907502473
624,-.002757761857977538,.0004596310028521135,.0003378330009511624,.0004417390897072597
625,-.001785420975673399,.0004738423054321387,.0004078918964234018,.0004347489339679533
626,-.003984904114902205,.0004299629154691636,.0003123545731413358,.0004428943643732262
627,-.002751383038564168,.0004693826766985184,.0003598883087421098,.0004603179359564495
628,-.001660451988098342,.0004358353771497701,.0003522529623116284,.0004243581096422185
629,-.002564794591295261,.0004342143784621595,.000331094671064396,.0004933115092669351
630,-.003284556031609286,.0004263332288951483,.0003777483615027592,.00049812442679486
631,-.00245645424158881,.0004128379985156428,.0002845083108415574,.0004517151797909738
632,-.002370665910723671,.0004695462509155699,.0003260757012508875,.0005292210197247258
633,-.001063294109391583,.0004345878961623514,.0003590262779445137,.000455058679858126
634,-.000898903468618311,.0004081780222607094,.0003604079865007509,.0005172175277988479
635,-.003077577443088363,.0004549177671703194,.0003657911364778537,.0004592517855898164
636,-.001257545052115325,.0004588685274148601,.0003371794482994153,.0004886962714935944
637,-.001649813682767247,.0004419459195416394,.0003416068033142418,.0004084085049488107
638,-.002401363363012234,.000403385933745492,.0003601172507930326,.0005627669513994286
639,-.003157860183361918,.0004396561846967569,.0003766509568076076,.000367277151984742
640,-.001845661541674243,.0004601590889288555,.0004383018175296914,.0004491859374911861
641,-.00258420706273448,.0004349053653548102,.0003248764467688755,.0005395551713264136
642,-.002660762933560549,.0004443033162393665,.0003632355717204567,.000489414701181358
643,-.0008007860396158683,.0004483183165906345,.0003435238685898877,.0004657786945535598
644,-.002718927239361067,.0004474925102113709,.0003833912589445426,.000507032277306645
645,-.002779204182204329,.0004213618276492863,.0004271994394147667,.0003335318768961492
646,-.001613336176356553,.0004200620404846122,.000370244636623176,.0005259599029498953
647,-.001983305914214275,.0004301368150664912,.000344652781328854,.0004300122519609921
648,-.003416318467768108,.0004474916214486546,.0003603520193853042,.0004217969289944245
649,-.003151593275201115,.0004506920389616008,.0003661343494673493,.0004743235163199673
650,-.0002329121136232463,.0004663964427915537,.0003808758440145155,.000562880189332846
651,-.002979980190215847,.0004804930531140259,.0003372213905463907,.0004848629313993176
652,-.002709994005620732,.0003966651210431004,.0003637324418690079,.0004336882514195657
653,-.003438547956388305,.0004254122838361918,.0003170130464246487,.0004259525121294627
654,-.00320570600760064,.0004284911545995251,.0003239523818909828,.0004983249583797106
655,-.002509899575749203,.0004011845633153644,.0003716301153421937,.0004979307269119332
656,-.001492613179078905,.0004490409858788887,.0003286385471976759,.0004613122520994605
657,-.002194850700975596,.0004442139654066877,.0004031788052547823,.0003842098928152986
658,-.002963248230196922,.0004755081412431353,.0003838695347702502,.0004400274545752063
659,-.002438909350035088,.0004503505686292428,.0003730573457671693,.0004706927562938844
660,-.001555796140848586,.000463585359142399,.0003800329487143339,.0004406691872552186
661,-.003143878399241469,.0004362003935360347,.0003494617198922353,.0003614343497642898
662,-.002647718361590128,.0004952253033391749,.0004047078442236871,.0004410200071872072
663,-.0004612570635826175,.0004083317744662098,.0003542386893880498,.0004755799847489611
664,-.001592004951337237,.0004978958397030109,.0003720706360609648,.0004968044986689337
665,-.001915929635846245,.0004425809967878881,.000345522530732246,.0004301821034191634
666,-.001597364983225647,.0004521189093400211,.0003472874940813062,.0004432237350666189
667,-.001531611885225943,.0004447932262810489,.0003643687287355479,.000511230216088991
668,-.003417272787280138,.0003777633190849443,.0003712031824054551,.0004556670710737817
669,-.002659470919704558,.0004202016877308288,.0003668173580007468,.0004445552348308752
670,-.002941453184290289,.0004410913645213076,.0003920645850470134,.0004111434855878708
671,-.002713429540195971,.000423648994232562,.0003388709879915503,.0004511233189023699
672,-.003527300791349902,.0004865992868398887,.0003633181248718272,.000338750420445107
673,-.003595468021167246,.0004384085114756038,.0003294633701250707,.000491516720630475
674,-.003733952612952072,.0004278263880379507,.0003849830207833962,.0004406724511473197
675,-.001254923004812702,.0004064558754504595,.0003617967837527865,.0006203587053868053
676,-.002487734856520167,.0004662631722138933,.0004085115716996161,.0004135478157030753
677,-.002801328810933643,.0004445616757654972,.0003707533441750798,.0004200225969976098
678,-.00139802335561863,.0004537167820894981,.0003622542060497219,.0004205137672817536
679,-.002268632113300807,.0004397594525636755,.0003900786402189848,.0005340385827292693
680,-.002729834266422157,.0004494168798114116,.0003379210089188541,.0003865829299663891
681,-.002770183760056469,.0004433172560699908,.0003369895996080482,.0006250790394693811
682,-.003036320057850362,.000452940020565444,.0003967531447896068,.0004238466477242732
683,-.002416523914627949,.0004637715968349217,.0003754977976458562,.0005505358867476755
684,-.003871090856447833,.0004682996587867433,.0003693058641488936,.0005200181124023598
685,-.003003998580960023,.0004408697331285828,.0003605904795343828,.0004527270275466759
686,-.002700084970686974,.0004290743213540785,.000389982590279322,.0004247966750603013
687,-.0009911950870128566,.0003903813962171419,.0003604569380661648,.0004292801492291587
688,-.003662427111582206,.0004624353136106461,.0003901265947598425,.0004579713849581222
689,-.002051218446005698,.0004280219571833319,.0003610704369466545,.0004937711126573156
690,-.002197949172884659,.000431449415894276,.0003244680857989904,.0003418633123016419
691,-.001551436205804257,.000434253817892846,.0003625832575553168,.0004688819161954124
692,-.002341804883990419,.0003650360293595037,.0003321892561543577,.0004566664139614312
693,-.002582896327226739,.0004037620342944282,.0003780722100721969,.0004961093449563276
694,-.001731450998779312,.0004499899203128709,.0003557867856852445,.0004815280213659998
695,-.002632237013287976,.0004229872845653786,.0004029159820694657,.0004747701611983236
696,-.0005140993505082011,.0004560923261995473,.0003863631930149552,.00046759962378516
697,-.003913337833053206,.0004243348673006807,.000396527485209057,.0004333127293023523
698,-.003748348458264392,.0004179117123724757,.000374210821917444,.0004709392557430933
699,-.001639966343132457,.0004639455632709526,.0003505225362635712,.000440860321395079
700,-.002246282163562576,.0004914855962594087,.0003577171962558576,.0005088763918133925
701,-.0019819778971438,.0004122734232129327,.000354446023937646,.0004567292066283029
702,-.002086211928460803,.0004566392990455133,.0004167951807741543,.000418035264468332
703,-.002978888306762431,.0004518493818210089,.0003705060378408325,.0005637132287018911
704,-.003258350938956166,.0004206588003324682,.000374444025042155,.0004545688303200302
705,-.001511549776195631,.0004683720300887089,.0003456126822163059,.0005840373778091084
706,-.001103481197636247,.0003995834713902713,.0003810792713707139,.0004239016699344473
707,-.002331152897254735,.0004408185254729074,.0003734366236374607,.0004815986780101647
708,-.002618773706117811,.0003796368015780929,.0003618442661245606,.0004125951639367638
709,-.002699861790114379,.0004157910736937734,.000374408087735898,.0005170558460336157
710,-.002373144899019773,.0004594586468693584,.0003580244228370325,.0005055189800591523
711,-.001939796069726473,.000472825320950779,.0002892507699818803,.0004053949539782421
712,-.002105368254514384,.0004363829968283817,.000324007571364392,.0005841779120751175
713,-.001689113711507218,.0004365064725649128,.000321886154473174,.0004284297271951816
714,-.002785424059225272,.0004395993203466615,.000331323974976005,.0003580079283383135
715,-.001687113268293082,.0004934638614370985,.0003428360840645891,.0004590099974398006
716,-.003716920279097372,.0004275305919623537,.000402235280606294,.0003728934485794609
717,-.001618835195979994,.000449522146192165,.0003849903174649706,.0004293229501142927
718,-.001721556796163494,.0004555467518999071,.0003410690009572541,.0004540453165430846
719,-.001902617101064844,.0004339652993347628,.0003804858809968053,.0004264117442275267
720,-.002050132422737396,.0004811057889148991,.0003208525905703082,.0004228236181254972
721,-.00421034724827081,.0003973828823584055,.00037335159456202,.0005011516838914463
722,-.00184637410998311,.0004189816884624994,.0003562637484676279,.0005073108441108877
723,-.003157850844354582,.0003970524537672369,.0003697574277337203,.0004673384687155465
724,-.002502174871399433,.000456100533766093,.0003576896450384424,.0004857410633000954
725,-.002411929543482799,.0004168270553928913,.0003217498728087229,.000505938690308146
726,-.001306639772755282,.0004141995765052832,.0002784625552049703,.0004882081242436176
727,-.003230269299975423,.0004335541343691965,.0003262671310529962,.0004702698400612573
728,-.001913650940498837,.0004454357248278721,.0003657995691754706,.00039859792912891
729,-.001654988238976226,.0003888415630463979,.0003963129472289261,.0004363482979994441
730,-.0009639170800544428,.0004974052297068547,.0003001962381463585,.0005446166441273518
731,-.002145984349933767,.0004878108992318137,.0003845744886651586,.0006696603853030436
732,-.004390887562006261,.0004358730898514692,.0003908304433421662,.0005592470005949745
733,-.001818227702561922,.0004433489684272809,.0003215731015422446,.0005476743690432178
734,-.001601466840766333,.0004752642270115103,.0003599344912880976,.0004737572337543493
735,-.001194748174093187,.0004286747198878282,.0003612622215101484,.0004323991881004108
736,-.001120852845395987,.0004773817378175392,.0003609926905546214,.0004447563689183718
737,-.001075776045769698,.0003986886085820642,.0003500821705331037,.0004643644804112548
738,-.002218028383298163,.000399576725815523,.000336887587176287,.0004030004512895862
739,-.002207361622211105,.0004114404011043278,.0003710778114781774,.000458379274555897
740,-.00167331711753631,.0004606352772642271,.0003263113709681841,.0004771223964661389
741,-.002527195432040576,.0003984270683046189,.0003530813822756323,.0004622207364623197
742,-.00341326602438503,.0004550710814162179,.0003675731433242878,.0004914719686020355
743,-.00267117927154802,.0004350105675852051,.0004043658887612853,.0004412380776179671
744,-.00261365859771058,.0005018554782863994,.0003835810941393382,.0005286343730101086
745,-.002621145512829201,.0004437745018209372,.0003242730100612819,.0004851564444561525
746,-.002964072905349058,.0004569436012600794,.0004218913427052013,.0004565375691665976
747,-.002041514229980024,.0004604480523528828,.0003579220812163,.0005251840496446837
748,-.002599263089965613,.0004438100434214616,.0003592671380271713,.000553363036882214
749,-.00209404082801409,.0004531280489444493,.0003774921576939906,.0003596680341906544
750,-.001631634310561006,.000399895207118249,.0003566096448989422,.000491685171455668
751,-.002466098262183291,.0003931361176279513,.0003646503775738746,.0003783365426554183
752,-.002167687203095374,.0004955703082003527,.0003940785835857041,.0003835671183630971
753,-.00153733859541852,.0004795537235431218,.0003818092064602626,.0004994400703067906
754,-.002467755037154423,.0004415799580108286,.0003869245946912126,.0003905149382596998
755,-.001498577098615453,.0004743066330984735,.0003696533561047551,.0004186506683499806
756,-.001974777898990086,.000465363998064337,.0003502463083555106,.0004372113060209263
757,-.001186564190757905,.000395889400627903,.0003426099795632833,.0004283027292460492
758,-.002543293761254765,.0004375196128647241,.0004232407593892121,.0003919538003347347
759,-.003856961208464247,.0004939874655155266,.0003221471584384365,.0004198661923947822
760,-.0008502470382090435,.0004493759188608363,.0003453057053916511,.000459605280808394
761,-.001615418454558416,.0004342294475890295,.0003428093614224531,.000413369596062478
762,-.002906599882425377,.0004309472223134891,.0003982245501561373,.0005330310810820877
763,-.001681986457052579,.0004742212185623567,.000388696856573201,.0004367082063895337
764,-.003665056924079322,.0003926584158264671,.0003502372570028991,.0004739403087854956
765,-.002120335749844855,.0004491558598714726,.0003506463866165292,.0004111840362062164
766,-.001693661715264289,.0004563427740720931,.0003972794412538302,.0005403375438925779
767,-.001947593280436086,.0004135455572515066,.0003698682256420614,.0005238743779342696
768,-.003091309408209464,.0004536483747481474,.0003472358962290376,.000405589862489075
769,-.004434291258543373,.0004060064925397849,.0003529374205549306,.0005137831335826658
770,-.00215544657594328,.0003828096283617137,.000400129932786944,.0004467191314066636
771,-.00205566553958988,.0004477043418155201,.000369552341686704,.0004224949801517343
772,-.002037498836199711,.0003803005492270799,.0003249026862359333,.000579461688103085
773,-.003029478584660143,.0004765416356410787,.0003469592465007832,.0003850807831492553
774,-.001791131990792905,.0004015632529958192,.0003599674682173239,.0005556957664786983
775,-.001719415946793451,.0004679861800790375,.0003540988363801252,.0005148868006329416
776,-.002889027492713927,.0004104305188837052,.000386401791995669,.0005441255389054623
777,-.001512946564597354,.0004277240664907774,.0003672176328611784,.0005424474784327812
778,-.002271236624663865,.0004054603800562153,.0004244982464353044,.0004490928902926985
779,-.002384046287227251,.0004584292150676002,.0003901843016570695,.0004743797251410484
780,-.003309163944993334,.0004534665017145026,.0003429912688032313,.0004420975377925389
781,-.002641034525218873,.0004272757101928753,.0003746638934630355,.0004293779747908803
782,-.001894588656731815,.0004087118436573936,.000332147926522592,.0003752631551913831
783,-.001346535071992085,.0004266794699880727,.000329096783090274,.0003032690988869056
784,-.00122243568063825,.000446993391326195,.0003988029046255684,.0003463629075580011
785,-.002080334660743305,.0004625970860085632,.0003759749213074475,.0004431358877427506
786,-.004346213663606638,.0004840463011043205,.000306122525120953,.0005418975497379764
787,-.003251235255401953,.0004253426016699559,.0003863617304939142,.0004611226769305954
788,-.00251189380891096,.0004605827405706609,.0003755741856471337,.0004317128503520853
789,-.00240664286632647,.0004693335968191806,.0003707147752751598,.0005877019030481815
790,-.002631111288265249,.0004665755938124697,.0004359903445573331,.0003866000084409701
791,-.002127899755937142,.0004354022094019313,.0003156827590560116,.0003522442623208945
792,-.003747091124148769,.000457476439181802,.0003719189841176482,.000520723868438463
793,-.002097181215837483,.0004325555863011119,.0003418398864244445,.0004707222399511441
794,-.001443933503503819,.0004635447971509384,.0003694809047866043,.0004788538370982068
795,-.001973519217109914,.0004675919318829372,.0003338645140773585,.0004161160921829845
796,-.001952734914423607,.0004185237900909095,.0003340126401169939,.0003798707981110459
797,-.001542396312722367,.0004437648021834308,.0003423364000387214,.0004730979201695962
798,-.001821021690174546,.0003876748874470542,.0003423760491486849,.0004206399183948374
799,-.003445770685558658,.0004231268205029962,.0003201834046074207,.0005227954808728092
800,-.002565528813525625,.0004148594052657515,.0003011452947963947,.0004931884949698989
801,-.002504876663263413,.0004328040599608605,.0003702297912087403,.000486704516045961
802,-.0008588479550923755,.0004211064256941534,.000371066595714305,.0004754961607904297
803,-.003129223257897203,.0004240415982638793,.0003505268858651481,.0005075377569167035
804,-.002517800720066566,.0004741622533977017,.0004123446714708435,.0004242959449900178
805,-.003254968427706739,.0005006803162359271,.000363894101248445,.0005131143445928259
806,-.002489108836221538,.0004207270499581644,.000349734530653891,.0004546118647369803
807,-.001285760541797024,.000412588987034472,.0003353969710704032,.0004693706894690746
808,-.002228548948872216,.0004106273969908722,.000361494348641893,.0004600827001489814
809,-.001461270043844223,.0004253498607430278,.0002721294158906558,.000521792471333068
810,-.003792199803757653,.0004258808316460167,.000340886116362005,.0005506731473548164
811,-.002943994917780576,.0003816906869860937,.00037988803214217,.000367429300061259
812,-.002753766091582182,.0004998243380212382,.0003348608867584066,.0005694204290898218
813,-.002808528462088417,.0004242833913872845,.0003395830476528317,.0004436433961297067
814,-.001625785167362167,.0004562725260454949,.0003852849741271992,.0004762229327640002
815,-.001606766793589334,.0004604904577904679,.0002988444599115336,.0004950773792295167
816,-.002161955637564085,.0004573404700259934,.0003540731383721058,.0003820168177003042
817,-.00231838040198302,.0004051836153559926,.0003091623423247509,.0004449722522558045
818,-.001588676382161214,.0004271333081554161,.0003588661176103678,.0004523008352140678
819,-.002682523928552919,.000446462421432792,.0003226729866002246,.0005156295484946783
820,-.001482343360350295,.0004341938998562118,.0003628923408551279,.0005162832155695347
821,-.002224013604159993,.0004214043720422069,.0003710782562678948,.0004814818220286096
822,-.003330367998114211,.0004129935227267749,.0002882436634188546,.0004444506383081211
823,-.002583663204071538,.0004473960614793529,.0004206498312155668,.0003859194760678634
824,-.001680841851398406,.0004483925220806213,.0004241543318867337,.0004231953831633578
825,-.001145590435359897,.0004410569688960664,.0003852312551930484,.0004442243751947872
826,-.003231525857012979,.0004207868465737265,.0003760110388267993,.0003532251557057579
827,-.0007373531034698432,.0004375059305964538,.0003884252668043587,.000468128296072864
828,-.002528586706003721,.0004451668780586369,.0003613622865448155,.000551207504330436
829,-.002873323943198495,.0003775121382440863,.0002937192245226734,.0004553169441822158
830,-.002278107623852044,.0004382182256655373,.0003405850725010528,.0004717421584159994
831,-.001563063014669925,.0004193378780991789,.0003332974530747846,.0004425553206489004
832,-.003061066788258197,.000441687027245259,.0003223685489978102,.0005494408874309128
833,-.002660548979514215,.00047290633893577,.0003660797793588094,.000489675914614308
834,-.002777789646929044,.0004474607894355514,.0003774623278769531,.0004061569075585473
835,-.00189671610972262,.0004788650325844679,.000344703991583918,.0005129852496205719
836,-.002284176123182104,.0004300238226503937,.0003286219721791074,.0004141778038247305
837,-.002700048379498099,.0004320623780306253,.0003334358289436618,.0004743125964309156
838,-.003657736441424523,.0003821427986421551,.0004114158609343541,.0004516085651546682
839,-.001785323149830501,.0004169234603217716,.0003361057928326901,.0004765307122627807
840,-.001076819654882271,.0004271556657758687,.0003520499104509259,.0004036691405679781
841,-.002462260848492291,.0004198895097335595,.0003381832130033762,.0004953415842294214
842,-.002687929969909342,.0004410742126630749,.0003528849085881192,.0004774189148382522
843,-.002110253524488195,.0004575399983008527,.0003491074224141644,.0004935927274499685
844,-.003478040492407702,.0003931628752140557,.0003943521192619816,.0004916919870693564
845,-.0008630730095860986,.0003944271464742174,.0003579531325226565,.000590834663992563
846,-.002889058048628637,.0004083957356573537,.0003955137908582641,.0003930744237314072
847,-.0007687933273948979,.0004420951297154595,.0003119372125788503,.0004322484141030727
848,-.001564618074979545,.0004782371031561654,.0003469564302637611,.0004713570605674705
849,-.002329334413129972,.0004738180338748599,.00041870186335717,.0004661659062293966
850,-.003211282879233589,.0004194313043514884,.0003516191418235154,.0004708318863239676
851,-.002632349382673534,.000422931674031592,.0003107315112454089,.0004224662961704876
852,-.002307308319176661,.0004530079463780361,.0003717475682873617,.0004871830650452288
853,-.003155223557704974,.0004271102275665741,.0003980423905700068,.0003432754942842493
854,-.001865823476094983,.0003973857523030032,.0003600423454066492,.0005175710539002689
855,-.001766188082931097,.0004239518235686999,.0003973777063022256,.00034319018898435
856,-.001630948889381361,.0004238567263843921,.0003845269447000829,.0004763898712693877
857,-.001846134587159789,.0003869787901845523,.0003545254882877704,.0004791322075448673
858,-.002625954697944639,.000434648573843924,.0003440334934044629,.0004461538602929903
859,-.002196910742990965,.0003930793269256835,.0003531689343866262,.0005461968659468187
860,-.002241357086957666,.0004554059134219529,.0003946734544695207,.0005112903929478396
861,-.002375114345573138,.0004884515067144177,.0003821869177924556,.0004074654101355523
862,-.002251990588342646,.0004701818771860164,.000306210983742028,.0004314066086230168
863,-.002757387597584047,.0004368415205976555,.0003512379177556903,.0004921500130498919
864,-.003524924608060912,.0004247870570719194,.000407346738723248,.00048821477658526
865,-.001829867598049139,.000410508041594427,.0003903720549602148,.0005843662355719444
866,-.002903566098699543,.0004459402091188977,.00035653463131442,.0004684967179511885
867,-.0006085468968703418,.0004590197513071852,.0003634574132402877,.0004721247827608788
868,-.002254286134235072,.000395251181108702,.00034622261491443,.0004868270369840375
869,-.001498895946813066,.0004652556105055586,.0003384775171046002,.0004816715369226217
870,-.003053028150908346,.0004461544210475997,.0003339732285127417,.0004405361380932602
871,-.001854924609233063,.0004213274969746692,.0004280232963352522,.0004468171902909397
872,-.001712247027433945,.0004314405613813024,.0003834908676358306,.0005560387785178447
873,-.001922270634342687,.0004348002475061905,.0003434232602586608,.0005845645757901476
874,-.003197348406298465,.0004344260778842669,.0003401168343985786,.0004278959157762637
875,-.001481785860627791,.0004256230734517776,.0003403371048239963,.0004054220162434942
876,-.002985493049854016,.0004158627497024712,.0003866045778897028,.0004251562205414887
877,-.001581254599095127,.0004905009134676777,.0003140928036391796,.0003958495553649637
878,-.001800002338508526,.0004506648601776611,.0003806733077898729,.0004063120867214686
879,-.003872562949887594,.0004850895044525233,.0003923644816068591,.0004310106444674273
880,-.0013788767188173,.0004194480952813487,.0003669402071349546,.0004878158549566368
881,-.00224769814357981,.0004793741191019377,.0003665313637042621,.0005353906393620154
882,-.002532777341250134,.0004211512392095023,.0003652533691622241,.0004615971719768425
883,-.001137986395681975,.0004479604352176975,.0003529168428814018,.0004590251829750648
884,-.002017303360199378,.0004448331195151541,.0003574444586132798,.0004321334342075014
885,-.001992401710081396,.0003875920348772803,.000368056276893655,.0004653387183886259
886,-.002334066189811035,.0004584971676837979,.0003395065925431592,.0005147560064049176
887,-.001745283049185294,.0004140011544494346,.0003519449875379607,.0004335406066014369
888,-.003780069375825446,.0004093022739794446,.0003188512509825467,.0004356542899653614
889,-.001225060045878658,.0003937102872905238,.0003970080257834423,.000471337227285744
890,-.002479931107975199,.0004586749211165626,.0004099795506413749,.0005329482516935465
891,-.003179107994072338,.0004220331133835615,.000387693111770231,.0005333558026290679
892,-.00313879209993257,.0004137245645852111,.0003332236708049206,.0004846436815192179
893,-.002039881646475943,.00041823546027121,.0003362923145966415,.0004409049633257548
894,-.0008015794997547892,.0004147269786047085,.0004159922989132288,.0004793834817607605
895,-.002362440341276455,.0004600312719805191,.0003732805701719473,.000443846035194484
896,-.002810835017117959,.0004131499818684512,.0004003814920860339,.0005265805206725795
897,-.003050062543002983,.000476414497401855,.0003902837601309172,.0005161893370730821
898,-.00285195542433231,.000409286559357962,.0003939101729940823,.0005627770852194854
899,-.0007202282192716744,.000429089680869207,.0003346076442168232,.0004211448579430167
900,-.00140762443288962,.0004483797939509285,.0004064049659707167,.0005050362738962005
901,-.002207012277826701,.0004358687414168497,.0003943875778161353,.0005510389232243565
902,-.002399579247089733,.0004055512661897316,.000324811268692777,.0004458525608499755
903,-.002039953273410939,.000475522823453862,.0003335338311398036,.0004174449104240214
904,-.001929975455012071,.0004325245655583565,.0003349301414454531,.0003878249502963058
905,-.001613117965384797,.0004866338919467385,.0003787478928680855,.0004509665294068879
906,-.002411895899519326,.0004535402864809556,.0003431145164978068,.0004134884430073572
907,-.002679891100295416,.0004476344355464464,.0002809715374140561,.0004715569223903511
908,-.002387119757540534,.0004581024957380601,.000377391031681431,.0004584156680961327
909,-.001198172356418732,.0004530677784687039,.0003543326474889752,.0005527378402666739
910,-.002327203129946777,.0004077323988469177,.0004124960561912876,.0004507706473398994
911,-.003848987972616584,.0004533592136162063,.0003483837849993751,.0004720748439200455
912,-.001303397071406077,.0004193532054427327,.0003691237164027114,.0004566380047717532
913,-.004284268584088653,.0004562935717380002,.0002933897891217619,.0005902252051163856
914,-.002301525259854698,.0004556778002186761,.0003698211614183132,.0003617648242314885
915,-.001798225901025136,.0004470802539915091,.000325408443205791,.0005146542341949321
916,-.003234763587274171,.0004623766331325596,.0003902604258832263,.0005295137903123027
917,-.002292144971030644,.0004042299457430503,.0003178788244826786,.0005851362531996745
918,-.002109305245489607,.0004787684183073787,.0003854687706531633,.0004481352005268082
919,-.001613769319065209,.0004370847104494875,.0004091513863628934,.0004979075057531567
920,-.003169814120323972,.0004213120899595542,.0003575798323304638,.0006292196518870101
921,-.001112639201496786,.0004413970421658361,.0003710879570293271,.0004621677591901102
922,-.003163390806209071,.0004374659954356893,.0004094394460766925,.0004850478548734359
923,-.001676301575141758,.0004584915023345394,.0003323714694746484,.0005307080195919369
924,-.001370952420410209,.0004095186370004806,.0002921928355013222,.000482451918643836
925,-.00257588959071429,.0004629629887977541,.0003176902063942713,.0005123056054796686
926,-.003337864733258204,.0004057953193948925,.0003165912480241428,.0005703210882640877
927,-.002912565385690797,.0004245372376193179,.0002647998004977292,.0004424361940245544
928,-.00268204264304104,.0004675823817305699,.0003922017362240483,.0003844858013143386
929,-.002886130830555047,.0003779697814229867,.0003487560726661892,.0004573537895801851
930,-.0008439701768747593,.0004231190641746834,.0003298548783772585,.0004880363238623967
931,-.002585851775125704,.0004215256952572651,.0003481735941738102,.0004762686616301461
932,-.002288627033122016,.0004252035131840262,.0003784653800239785,.0004634528882617015
933,-.002023922701426261,.0004217736873611132,.0003371188546258704,.0004677868341392423
934,-.001389898075672479,.0004253738650447021,.0003809842993876267,.0005027519991943278
935,-.001848008314208734,.0004407131655940177,.0003943139645388973,.0004119667347976405
936,-.001874729542849728,.0004343891758873721,.0003695897546625976,.0004351299403778437
937,-.003374757041454873,.0004124501041983454,.0003480398956439658,.0004781851890196056
938,-.001328769422650287,.0004304683560777995,.0003289049604691563,.0005985185004244995
939,-.002335310439495476,.000404404106438784,.0003732400220361321,.0004157757684207599
940,-.002302790536982855,.0004958647461007277,.0004209089756170934,.0004510988393672188
941,-.001624673129193939,.0004746399363891842,.0003400803864049971,.0005293330430046916
942,-.002005700826073929,.0004420804633252578,.0003637065491692299,.0005689183577765402
943,-.003860011211170404,.0004373366683615512,.0003418894582820529,.0003761303066460279
944,-.001863845123344976,.0004148488307707279,.0003778774928968797,.0003940968967323883
945,-.0007320180569528071,.0004658635429244173,.0003665258632833266,.0004795452422315465
946,-.001572932844320047,.0004431928812567998,.0003280953655064195,.0003932753928719963
947,-.004919266090551464,.0004366007137818137,.0003664959465396799,.0004605293032462139
948,-.001939440547764562,.0004284777818622812,.0003860181627878708,.0005434735146795848
949,-.003562538390421512,.0004455552120705089,.0003319791450871354,.0004415847894206873
950,-.0006409766831489468,.0004576426657785027,.0003520752263003032,.0004707398700353241
951,-.003142857930467204,.0004520752544679423,.0003318584927635519,.0004411735823919448
952,-.001793177683569382,.0004197187227040877,.00035224486699385,.000526644298095588
953,-.002739024068989049,.0004378541187197676,.0004343450456997722,.0004796407399514656
954,-.002382823021112571,.0004054325297606818,.0003623207691180623,.0003908632570724921
955,-.002633876831880036,.0004377373667288142,.0004112329290663409,.000436345834185492
956,-.002579012765545551,.0004687644955423245,.0003418077452607142,.0004861997806118011
957,-.001669440781887281,.0004194337570179332,.000290221103526322,.0005252411790762134
958,-.001652602540248826,.0004407919180330051,.0003272454120211717,.0004534365500024067
959,-.002012831047146031,.0004269166349583241,.0004024514952786164,.00049347658280691
960,-.002123363609164476,.0004038703060946286,.000371662896697006,.0003693312722586591
961,-.002109312382566695,.0004319407012526226,.0003317537575018451,.0003929859594900789
962,-.001841607486848778,.0004168486263516607,.0003460155077638472,.0004178648596392092
963,-.002900688787465685,.0004238061847040479,.0003263006398242237,.0004935301002672456
964,-.001950710166346397,.0003859996012074437,.0003650873540670599,.0004747604106671941
965,-.001585116544049153,.0004309116244765283,.00034427568485848,.0004857340359971481
966,-.001382932878429937,.0004872572939563535,.0002991809353584151,.0004018603670693713
967,-.001622028512463999,.0004438239223069438,.0003230573341570486,.0004955633792672433
968,-.003220886327548641,.0004482069266595325,.0003540984028499301,.0005324892281807461
969,-.001665096504042605,.0004178970930024724,.0003735866423472176,.0003592383465596223
970,-.003056862189213956,.0004352026747552459,.0003197806007118642,.0005255934154767298
971,-.0008650096545882204,.0004514683035915619,.0003452548205082064,.0004842525670487055
972,-.00269570483721442,.0003783486938740512,.0003589663347430769,.0004803459192178479
973,-.00237395168785204,.0003614341933201719,.0003570012872370156,.0004961641264276493
974,-.002562837028005394,.0004727604687283818,.0003683567141021787,.000474072927358311
975,-.002761481090994849,.0004184972040654565,.0003806004088295141,.0004866117130139278
976,-.001313888353294298,.000417656770998279,.0003718484495727528,.0005710068807793401
977,-.002856039085770184,.0004584520275840517,.0003083068333547303,.000459739979169497
978,-.001508809561736812,.0004281867569235864,.0003848565197227992,.0004654593189834229
979,-.002105989414732277,.0004196792352259939,.0003795277741849517,.0004822622790484967
980,-.003069714757794329,.0004669989155691495,.0003959276503291729,.0005443866439552192
981,-.00377317355689652,.0004163953534409323,.0003436925445453227,.0004543228573396798
982,-.002800917119921324,.0004796236899736891,.000355796499204686,.0005257699077482467
983,-.00230035826304297,.0004211748087852679,.0004000728743222316,.0005673087919317269
984,-.003510438820710914,.0004112249153850875,.0003698957310993098,.0004444439933085213
985,-.002589822290675577,.000412178347353541,.0003502022254463669,.0004597947395338802
986,-.003364961609973783,.0004383628097335397,.0003667150234416727,.000503506672034067
987,-.001351823019183594,.0004430054359985804,.0003412197969779057,.0005143649024372093
988,-.002781225440128446,.0004036509332531037,.0003840919279936092,.0004656382950732897
989,-.001141406180893721,.0004383727275535996,.0003376364416215343,.0005670375466069592
990,-.001937302587313689,.0004563019411881364,.0004001864814827991,.0005090945468984328
991,-.002578272373613374,.0004432680850981668,.0003635568726879987,.0005161461735986474
992,-.002954468171432127,.0004619589277740902,.000305856578187645,.000478487213492158
993,-.002146647792632273,.0004363217145731086,.0003304418181943582,.0004126478740530006
994,-.00334366587454875,.0004495388712428192,.0003322129394781944,.0004757635708779254
995,-.001611988708426887,.0004640565872863331,.0004102647788093035,.0003753512709428124
996,-.003726746459446662,.0004674428740132827,.0003657366739575395,.0005697611767960753
997,-.00224449336746709,.0004223914972716404,.0003933994911294527,.0003335301354216131
998,-.001985672061829626,.0004464606995344559,.000359846379422271,.0005634671846854555
999,-.002044033364245944,.0004653107161315614,.0003771538796030427,.000405140899261366
1000,-.00309783913917958,.0004507108721865887,.0003562440838069249,.0004663506617205454
1001,-.002197886184708563,.0004385291225199956,.0003409726424786064,.0003790871659804058
1002,-.002108013251162707,.0004675881373711289,.0003587799740874065,.0004794732687545992
1003,-.002358248433687662,.000447152250089016,.0003270355635307221,.000446974989666955
1004,-.00189424188329567,.0004634051255151325,.0003961390211927211,.0005657680577033555
1005,-.002346252046185879,.0004825646932350159,.0003329316370145136,.0004615266590337513
1006,-.002374565910082094,.0004395235471268014,.0003431102844012989,.0004441287960331071
1007,-.001208542147458943,.0004429259645394302,.0003742296161497435,.000506472790857881
1008,-.001366967980041034,.0004640136466781821,.0003335452769843582,.0004232527438352159
1009,-.002009549075175552,.0004483089657736711,.0004069031429814522,.0003991900479280709
1010,-.001722758916482998,.0004590488887439328,.0002943188462705172,.0004034796927803769
1011,-.001971177717627283,.0004243808050129664,.0003277233770352711,.0005903365702462808
1012,-.00369915350401865,.0004330714655875675,.0003294724370643781,.000446662616569151
1013,-.002874771999368139,.0004035023519195618,.0003697661260905281,.0003680627050788716
1014,-.004400438416547876,.0004840995257566537,.0003946351375589352,.0005903239925008945
1015,-.001707611813081839,.0004413786474437401,.0003571011041044565,.0004670713148106421
1016,-.002887879091096298,.000433390279128324,.0004040336520617782,.0003673913641059745
1017,-.001272585198947005,.0004655821230436871,.0003251810630531956,.0004443101400123966
1018,-.00223507402952135,.0004395662838837063,.0003698602605916936,.0003875723490193178
1019,-.001945662575708814,.0004458539766313049,.0003848279690637749,.0003563079146146086
1020,-.001898531918503002,.0004632019042498934,.000400323929519663,.0003761717401318484
1021,-.00142471281532748,.0004435935005511463,.0003760106313669758,.0005136938916049965
1022,-.002847780868955999,.0004325096946102592,.0003193830673152274,.0004765686682196318
1023,-.001422160728451371,.0004580705486451139,.0003158581057424468,.000401700453476173
1024,-.001993225169145502,.0004669917498067023,.0003340140268945287,.0003732554524098557
1025,-.002914695157512396,.0004482440844926891,.0003365867749260706,.000458561360483676
1026,-.002226925364888937,.0004415707502069042,.0003931438661830038,.0005806707858457
1027,-.002726612971598284,.0004396245668613894,.0003700492395826478,.0004374435453380393
1028,-.003656170301275592,.0004998565979130189,.0003091815316716423,.000502714690254808
1029,-.002267311401801973,.000411662515166485,.0003710631640595012,.0004255884984843665
1030,-.002044872898102091,.0004336207523542884,.0003581105068456205,.0004469661290801494
1031,-.00203184430374816,.0004069405230169702,.0002816789541544626,.0005231197241907042
1032,-.002448591730484586,.0004520173798273983,.0003543229044335471,.0005152238666838148
1033,-.002921386367287435,.0004701038812334281,.0003382287253558628,.0003847365666437635
1034,-.001459543763587553,.0004462597954444982,.0003473719665208177,.0004782524700716258
1035,-.003489939169763949,.0004169365626601466,.0003076047223519574,.000555060150654537
1036,-.002415575929406505,.0004330026934930059,.000367971105529048,.0005180492417656621
1037,-.001172431916700908,.0004225377978871993,.0003801462536714155,.000392344077252749
1038,-.002508661975453469,.0004422064231813896,.0004107498313271517,.0005226152291548968
1039,-.002259874969386531,.0004430779200559028,.0004118752636352509,.0004725440574648079
1040,-.003899311390373385,.0004470647524094146,.0003787605909632799,.0005285758266396085
1041,-.002282345937181906,.0004376914639705967,.0003342960666007461,.0004703145204667877
1042,-.00244041089595879,.0004402589191152052,.0003654709778145198,.000551091260545693
1043,-.002142880630502672,.0004475685729281987,.0003916403846746611,.0005534533548278202
1044,-.00175873024078218,.0004272113333649992,.0003301506063898583,.0004760822487076699
1045,-.001732864924512006,.0004724594465022316,.0003770050749167818,.0004558381025947365
1046,-.002806156901712985,.0004475201213321261,.0003894634920748488,.0005330388511567581
1047,-.003101782443874749,.0004642916605382051,.0003814560631281056,.0003680006005307349
1048,-.001439846052757781,.0004626051463306836,.000327863494885104,.0005230325709212975
1049,-.001203240271719008,.0004694736503464876,.0003933265188985826,.0004078054225952178
1050,-.003056194418694277,.0004139561465740942,.0003364037587342349,.000503919506823612
1051,-.001348618884935632,.0004594283381645472,.0003208466628295095,.0003763958999862172
1052,-.001843851072441764,.0003925253936502119,.0004103332115367411,.0004766987293061504
1053,-.002247004700594368,.0004240594573766416,.0003618673480209918,.0004964956894192864
1054,-.002670298714286971,.0004359378691113598,.0003589686399311345,.0004489501048148057
1055,-.002620384853759157,.000485248457369715,.0004243096853330697,.0005172322749100043
1056,-.003082323574940754,.0004284480603156719,.0004105357176319257,.0004797458784487346
1057,-.002643642330182369,.0004057152017746835,.000320654828007151,.0005247011941280329
1058,-.001901937800478439,.0004400972279142155,.0003612773853945511,.000448233507094803
1059,-.0006787698089716708,.0004248499370213178,.000347822258228538,.0005826632699655986
1060,-.002115142705866039,.0004906430753109438,.0004002004061227827,.0005187673925745414
1061,-.001891339223963932,.0004255494748593465,.0003087495003708605,.0004940786303422138
1062,-.003442151014407157,.0004262438720678533,.0003818887397274265,.0004565178919969307
1063,-.002021504988044373,.0004152529290766783,.0003681325962513319,.0005205501648646351
1064,-.003807144585566841,.0004349327165162755,.0003865843598284342,.0005275164743785268
1065,-.001942973592711712,.0004542255609170786,.0003806373998896764,.0003322413973931664
1066,-.002263136941759821,.0004825566033575949,.000369027150781299,.0006012640810119166
1067,-.002160428577842945,.0004377844248948213,.0003712667248787783,.0004016543108424209
1068,-.003598442448627075,.0004380211076424944,.0003810151623329076,.0004057356612331869
1069,-.001709145131385449,.0004851202440837634,.0002879888226692047,.0005291609584251884
1070,-.001432512453147343,.0004578496179602147,.0004168333665552217,.0005180939820265112
1071,-.002861674361826022,.0004196292776108322,.0003121533966646113,.0004699018164333172
1072,-.00133902512465098,.0004384268755246328,.0003670456266647549,.0003476312865578512
1073,-.002327441307366482,.0004447803526913729,.0003517045648669936,.0004278751356311072
1074,-.003491002428676815,.0004286121946373722,.000307998123940051,.0004760887060421202
1075,-.001416348291811916,.0004433754180182289,.000320374812103208,.0005109482481147023
1076,-.002202397034390808,.0004239075739415198,.0003744768574730262,.0004720534846099986
1077,-.002280293885179501,.0004740781074874685,.0004064368602967666,.0004926445374567735
1078,-.002161358047208111,.000390816352509849,.0003203950557789016,.0004623721692369737
1079,-.001853221833897247,.0003890144908523675,.0003257932531203068,.0004422389179162472
1080,-.003761785560111257,.0003942323822223828,.0003407689753377162,.0005415681530257228
1081,-.001724731472390938,.0004557619799406729,.0004032377622192936,.0004790904948232528
1082,-.001729790755600329,.000452098532200534,.0003716223832342967,.0004807626091395255
1083,-.002605102921231848,.0003941797547035123,.0003591261919090232,.0004746663172613971
1084,-.002273595933077226,.0004365015345533314,.0003517974527131428,.0005550331079055891
1085,-.002415281468273513,.0004304227806919022,.0003810700932252251,.0004789160290682244
1086,-.002459088518874255,.0004217686612509215,.0003596911627857112,.0005292597068503031
1087,-.00346775525378011,.0005048813706972487,.0003494858570986273,.0005584915272524492
1088,-.00351274906489034,.0004505286984080056,.0003910666589325673,.0005084102555374866
1089,-.001808366071139415,.0004481727383055937,.0003741481463390304,.0005215408400275871
1090,-.003271715478828976,.0004237265430297904,.0003924540958392421,.0005455016952948004
1091,-.002126178809014208,.0004833281696398954,.0003955205824859023,.0005533946158014034
1092,-.002305782546353341,.0004571894105018133,.0003881549221064519,.0004996237694353853
1093,-.001833025713477906,.0004616950698401055,.0003893556815958909,.0005288132478701593
1094,-.001429734198469505,.000433532701227189,.0004026415106421655,.000540667731606823
1095,-.002360618277017732,.0004285674414898945,.0003382632335188252,.0003783305140755791
1096,-.002211731529490364,.000445212737455252,.0003752045627910367,.0005165210867295701
1097,-.001507069065555265,.0004495162582713983,.0003548030186879243,.0005051450950813215
1098,-.001999023683650275,.0004288414456861204,.0003806475103447023,.0004720146290934306
1099,-.0003976383530140935,.0004141452394048706,.0003202311531147746,.0004159178210595671
1100,-.00374875052925368,.0004474497642267826,.0003103331875756012,.0004520926556898624
1101,-.001998850423478324,.0004455795694890718,.0003635093001169682,.0004972674430292319
1102,-.003104545046890324,.000432772692110584,.0003666391935552342,.0005423407134503736
1103,-.0026943013648722,.000445129494616407,.0003818679516031277,.0004670562629060037
1104,-.002419278011690703,.0004543407123893951,.0003348424973672527,.0004337529080196258
1105,-.002961222149706277,.0003969814210781216,.0003956302945537843,.0004350000968030146
1106,-.002497665137811589,.0004742973214221042,.0003610091267192843,.0004885624241698956
1107,-.001780384741641571,.0004670426500959302,.0003241522142723746,.0004887475628954363
1108,-.001438585170002751,.000422249328560262,.0003683558084972907,.0004148659482262467
1109,-.0007610889308505393,.0004674541454286346,.0003119091351836098,.000475985968604173
1110,-.002099242965661383,.0004048852514154901,.0003771097240845476,.0004378992354610352
1111,-.003222575999035894,.0004722458187364807,.0003263559974439347,.0004463584428003114
1112,-.001264636236941953,.0004406222785883646,.0003317996626621607,.0003792506828864212
1113,-.002728952886453979,.0004588985194265427,.0003660376257084387,.0004407618716718972
1114,-.004009520482922767,.0004610744747064877,.0003146057534372683,.0004049426598418924
1115,-.002471232843172853,.000435743941870994,.0003677851204043378,.0004388935750483959
1116,-.002152738841994971,.0004892769130272321,.0003625995695451355,.000431187025022319
1117,-.002645936211933377,.000454711000568249,.0003045841540575099,.0004816913286992123
1118,-.002251810539447706,.0004307290967786294,.0004077255491447808,.0004755666665590045
1119,-.003353411714698542,.0004266130624049264,.0003909666381200962,.0004396491203455334
1120,-.003849663457106362,.0004447630085841949,.0003570203704465022,.00047331198853814
1121,-.002349114014844977,.0004215067928725758,.0003602854637934249,.0003809721640103826
1122,-.002041987952550759,.0004075582242470701,.0002846968447804325,.0005675248481181983
1123,-.002169275060780855,.0003672358707929857,.0003404067200450225,.0003435833168308817
1124,-.00216424797458147,.0004941532338519044,.0003741658396110358,.0005375335842903343
1125,-.002414903251586624,.0004779003636657977,.0003749466042218768,.0004339130080800066
1126,-.0009878147559371727,.0004733513491773487,.0003891354003128636,.0004449232217507799
1127,-.002967040609071758,.0004625952892762592,.0003919668614773378,.000386434676063152
1128,-.003452559317977017,.0004469762558954723,.0003959780675038557,.0004405623689180003
1129,-.004180490221187312,.0004375860167390648,.0002542215071406693,.0004314908248987917
1130,-.003635848513861326,.0004466449054186017,.0002763152025579623,.0004886959538932998
1131,-.003280428883351891,.0004257551055581349,.0003376615624316859,.0005236090036835683
1132,-.002128458413406385,.0004857977675690277,.000344675329721439,.0004414817322988322
1133,-.002481541297886729,.00046099342091522,.0003545909969288301,.000395148886083745
1134,-.002418291750117361,.0004248382769977693,.0003382609699520807,.0004617170038035655
1135,-.001097630626313494,.0004608960872980889,.0003345458892312327,.0004854557880174659
1136,-.002409344518870543,.0004549675215805812,.0003500815592792714,.0004605549278252288
1137,-.0006841837447504795,.0004730179981190314,.0003407011366447418,.0005343980692072052
1138,-.003309083827875066,.0004266327382659637,.0003427851693501017,.0005507736960413995
1139,-.001204425285659693,.0004266158941814203,.0003521028637024668,.000460466810105232
1140,-.003222340903745202,.0004602735617938951,.0003588227852129858,.0004545568902643395
1141,-.002451698113340697,.000382572039472667,.0003227846191246745,.0004679706082605697
1142,-.002120403838371395,.0004008895425329623,.0003448570370919856,.000312023368722615
1143,-.003086930478179817,.0004250976693377412,.0003392208285129366,.0004774063151565279
1144,-.003259020830474951,.0004381805759591531,.0003700590184351823,.0005393879662045321
1145,-.003049350446529603,.0004524963382136514,.0003298654567318137,.0004958846102715043
1146,-.003167168896081357,.0004459105525783182,.0003824996354290607,.0004665321006185171
1147,-.003340615622006674,.0004525606668770115,.0002898868065761499,.0004537438578740605
1148,-.002112980791903583,.0004503954801532603,.0003342965086732575,.0004093681925979271
1149,-.002544240757251926,.0004382083658787529,.0003981404801857465,.0004974707825850989
1150,-.002452903378677778,.0004490661406500629,.000380436785241908,.0004041504086642173
1151,-.001947375287190492,.0004062157150659973,.0004029793208794115,.0005401100913425476
1152,-.001737111715790446,.0004740827102986013,.0003497313514480443,.000577153212657375
1153,-.001153138378895538,.0004615008235832053,.0003769779457913551,.0004316846549844932
1154,-.002243779470009123,.0004229085635743579,.0003691090457014347,.0004193673311662491
1155,-.002430584472673267,.0004107240448817477,.0003213269334911999,.0004449125625878902
1156,-.001840189233948978,.0004142976950929448,.0003508494339050324,.0005388113225151719
1157,-.003313063144872896,.0004728055251793945,.0003806440357136002,.0005393035399861441
1158,-.00161725766824359,.0004341886408580716,.0003468065285568216,.000480696122327194
1159,-.002687133839323949,.0004553334972479865,.0003231390785175586,.0006006423763910789
1160,-.003188340046635969,.0004565331593066617,.0003398274523095271,.0005461198985427658
1161,-.001822909306499866,.0004618369628525792,.000381607378380059,.0005493019652533758
1162,-.001848269183461241,.0004412277642020356,.0003075112147484803,.0003443557668741652
1163,-.003345889444009438,.0003849088131622607,.0003270467193013424,.0005038801085609398
1164,-.00314792106831028,.0004319941729786546,.0003455190495097606,.0004608244512416545
1165,-.00220135312920467,.0003777480226476941,.0003541367309880509,.0004056933673827385
1166,-.0006362155347910928,.0004510913939144247,.0003978852944429292,.000504723670041811
1167,-.003025375856027042,.0004572512435733521,.0003539363749948267,.0005338241415385627
1168,-.001745645834834591,.000498379653113309,.0002660610584448855,.0006169747218441596
1169,-.001083671967658613,.0003948814389402462,.0003466753353229056,.0004251869344957639
1170,-.003349673528954914,.0004159067708149315,.0003795326288274983,.0004662651069106973
1171,-.002800805640934959,.0005136633347265861,.0003378486138778125,.0005802874948346032
1172,-.002483120436698724,.0004493763227081579,.0003803820851006516,.0004463777170530606
1173,-.001667159240570876,.0004459182435945414,.0003537891466437408,.000505235143899844
1174,-.002745218778840745,.0004650315038486767,.0003740268274943933,.0004753526578551852
1175,-.002344252682465791,.0004341492980743086,.0003168863658049957,.0003604418960624232
1176,-.003263616184135038,.0004440276091561151,.0003614999437586518,.0004494924683882667
1177,-.003609684956820479,.0004641662888794902,.0003057058801223792,.0004636736389387972
1178,-.002551399443443263,.0004475003106747309,.00035765591325591,.0004771925313556396
1179,-.002362902036765914,.0004501023885428586,.0003300640798224255,.0005567691899651413
1180,-.002921312942936662,.0004697295646765059,.0003876033151801321,.0005434548097877851
1181,-.002799748401045411,.0004559992987149691,.0003898376711656742,.0004425515206734076
1182,-.002273683182232832,.0003948204018498277,.0002975399412058047,.000532387805478113
1183,-.001670752818517814,.0004471951530949722,.0003718911180754456,.0004579015301279731
1184,-.00354258451447613,.0004022805713228605,.0003919535686092329,.000467136261764094
1185,-.002204421733246269,.0004080365943042316,.0003292325723436634,.0004369175562407528
1186,-.001454481007013367,.000468629701628231,.0004045321275297326,.0004932873409879267
1187,-.004539705354467562,.0004620211421506026,.0003176564589776663,.0004975268004375529
1188,-.002766285929174342,.0004651627798322747,.0003640382519850131,.0005091255966122327
1189,-.001428818861344258,.000470345552176034,.0003601538035855126,.0004489804767404532
1190,-.001673029513226393,.0004479143855447178,.0003358309509687138,.0004194643031371989
1191,-.002623076179258198,.0004659722161077995,.0002879632097552166,.000457397701254473
1192,-.003736787678443802,.0004706419484288472,.0003217186268498914,.0005144065330656509
1193,-.001405059194630741,.0004264586359464154,.0003699093483600984,.0004912103522694457
1194,-.001542419758862848,.0003963151210532537,.0003965468924080131,.0004218571064067396
1195,-.001535840171126027,.0003923572218392275,.0003033342775656135,.0004981370414776648
1196,-.001406715907130144,.0004402236369171273,.0004050635030597015,.0004645764670172353
1197,-.002304366639963339,.0004361476831443288,.0003650046422019766,.0004847726983662522
1198,-.00213903891624889,.0004635449204956661,.0003577456111247842,.0003738359077772705
1199,-.002500936817846503,.0004245708414057607,.0003726797901115212,.0003542153637334202
1200,-.001758443781313445,.0004468794573892971,.0004172074053759915,.0004062383557065091
1201,-.003945846801315589,.0004442504556595392,.0003574810194287412,.0004960616280208392
1202,-.001559060332207803,.0004197410187648166,.0004313037589524875,.0003583099023252641
1203,-.00353704914031029,.0004079156789022824,.0003620199775152129,.0005303486748018067
1204,-.002657830431295055,.0004475441522648103,.0003827806724041939,.0003634985018174305
1205,-.002470906502639685,.0004845808100008501,.000285490718228136,.0004335565622137383
1206,-.001720658702060198,.0004246388155999629,.0004382852209063562,.0005368597074002287
1207,-.002432417869523001,.0004940717795567199,.0003497341540656447,.0003744233095750557
1208,-.002281449461994922,.0004248236531145812,.0003248208586563555,.0003716100606693009
1209,-.00159961159833496,.0004060841738881868,.0003669789904004669,.0004777174798955739
1210,-.002531307532324497,.0004142394470950533,.0004022082752680806,.0003531845565128638
1211,-.002078579077326677,.0004480641329704785,.0003566705019892355,.0003703841341183001
1212,-.002383545183643332,.0004222140885560108,.0004118854152820664,.0004573970071134789
1213,-.001822076753155918,.0004209738096534661,.0004461111298867421,.0004323188433070004
1214,-.003146376686631648,.0004293575218999493,.0003603787215780349,.0005189589946887551
1215,-.002072991933670974,.0004735243212281504,.0003262861592363404,.0003956170766975038
1216,-.001759510998486689,.0004407620473001339,.0003189714787782518,.0004714929295440666
1217,-.0004393356584870883,.0003874754205393056,.0003278503438029931,.0004598822217662085
1218,-.00204131862605993,.0004076562832555199,.0003638557941928245,.0004925851531673081
1219,-.00277018961474771,.0004293672128301406,.0003762366085704999,.0005385254815111762
1220,-.002721790092215255,.0004070289473043141,.0004171558671890263,.0004399432717444666
1221,-.00273575565461006,.0005025688746499335,.0003471184442237189,.0004168071959237132
1222,-.002055981585102732,.0004126211101380229,.0003317519077773518,.0005028015123734963
1223,-.002552586745616607,.0004915714449119645,.0003827621806689078,.0004302368850717545
1224,-.003020419858355989,.0004709572176456429,.0003640136396721595,.000509660785345067
1225,-.002188650484443696,.0004121199363701698,.0003446522269932014,.0004558947929806076
1226,-.001347937894315378,.0004506834073139601,.0003810854968423809,.0004577628993003412
1227,-.002676670446409512,.000409759605626996,.0003342045450118796,.0006082891404107198
1228,-.0034078848226924,.0004737386820118573,.0004227443001091328,.0004472857560325492
1229,-.002230051124953083,.0004568882896611865,.0003476325142211848,.0004492432882779713
1230,-.001110250106379749,.0004561079952971557,.0003833171194976516,.0004274676117821678
1231,-.002617422608717663,.0004789892562095176,.0003383747101903444,.0005375968462309214
1232,-.002583143589391501,.000409990497887043,.0003358737072249171,.0004809478922301035
1233,-.003522463594068403,.0003976130505588489,.0003734927673673569,.000512708543301506
1234,-.003442707893019724,.0004211389775640687,.0003478451268776275,.0004078689489310537
1235,-.002318180517762302,.0004760039438126097,.0003345021615880768,.0004053814842566458
1236,-.002254651135307791,.0003883930998555413,.0003255142142990839,.0005026636429506898
1237,-.003215628843060426,.0004764816529733811,.0003495844136130321,.000447834501271817
1238,-.001757083824546879,.0004267077590416823,.0003917462632777267,.0004509212287977076
1239,-.001637025938957257,.0004376593805567524,.0003755135865661177,.0005775535548889712
1240,-.002030749768331863,.0003800483411372202,.0003574419937230439,.0005005471152867701
1241,-.001667306031520272,.0004710872359826122,.0003766753793670188,.0005290702689723878
1242,-.002093430695430812,.0004599179106742271,.0003621835955554875,.000434749080856855
1243,-.002409429222805308,.0004489369066591288,.0003799225765189389,.0004576756491670851
1244,-.00135562145489996,.0004386645896109604,.0003573469774277405,.0003971051606045585
1245,-.003054591905440111,.000463028311145906,.0004048995142028739,.0004641466840961803
1246,-.002313513194203937,.0004493176076450243,.0003997179954232445,.0005217732402398403
1247,-.00203335375838443,.0004652753919877132,.0003217949178962867,.0004452889640018602
1248,-.002497838191071983,.0004639553788227981,.0003170136312952971,.0005268570752190641
1249,-.002306559026811676,.0004438463845366918,.0003316068155344439,.0005011727744784619
1250,-.00188889434352965,.0004478415498670555,.000384787212711535,.0003597985560028371
1251,-.002432125455828084,.000436613640251751,.0003488797447788209,.000479735216294721
1252,-.002457459308568533,.0004409862874014437,.0003651853254427334,.0005292827327074567
1253,-.003319484000424175,.0004365143447430847,.0003337973068839233,.0004604934425131603
1254,-.002544680253230376,.0004049384977500319,.0003993540616041483,.0005829171581220752
1255,-.002581563304115274,.0004528692679816289,.0003684022655545651,.0004066436049877699
1256,-.003303149161245164,.0004499446420520635,.0004261357851238079,.0005064710288323688
1257,-.003242516882487606,.0004895723382591179,.000339603316487235,.0004324411933496094
1258,-.001244204848714155,.000437561586082781,.0003677645751512642,.0003722040284508619
1259,-.001970113370407914,.0004080843691172644,.0003925431531193988,.0004599347349377299
1260,-.00152519197309254,.0004478088358024668,.0003182133274101322,.0005614939231532825
1261,-.00178061391238806,.0004473193489932618,.0003952909160859624,.000472364181816785
1262,-.003194067933216318,.0004165582056769473,.0003215488139657909,.0004708102607687701
1263,-.001111890567167334,.0004376744820728451,.0003429825944438674,.0005535339307566945
1264,-.003456239273270309,.0003923736522146582,.0003719801405731829,.0003983281083396279
1265,-.001799609705891635,.000463723382096195,.0003696004489758073,.000458428935131707
1266,-.003845377148186706,.0004297887850370271,.0003780454414259934,.0004518897381994409
1267,-.004667713730460748,.0004160048451539849,.0003424956180569564,.0004785583536846912
1268,-.002437935681223678,.0004954402575983299,.0003258929356085117,.0004673087491279183
1269,-.001731702539430292,.0004325904254578248,.0003291567594845618,.0005380841609725409
1270,-.003359073720039469,.0004568953228662636,.0003541320011842936,.0004508093414172068
1271,-.003582571438276332,.0003970876745831506,.0003013285744782161,.0004421962955868788
1272,-.003559458010026728,.0004266782795998025,.0004036523178726473,.0005933922132838998
1273,-.00237480066450996,.0004595941840233737,.0004310185685948479,.0004365529464019406
1274,-.002533384653496602,.0004589877224140496,.0004573183655947798,.0004901862568767295
1275,-.002993817052056284,.0004091528967908176,.0003637223553820171,.0004654392132937605
1276,-.001031022649611546,.0004094958904122493,.0003414366630704297,.0005020596111936703
1277,-.002942563368167976,.0004034665162488287,.0003474728517731091,.0004207223445963921
1278,-.001244050749410792,.0004151376482336447,.0003885064651664811,.0004557537763593046
1279,-.001559551470109518,.0004167145790964953,.0002870289577343762,.0004384272858765396
1280,-.001327465617338757,.0004708483218249887,.0003921176875524954,.000443973288649941
1281,-.001860506106483336,.0004496881861059741,.0003424710599871788,.0004224519122725613
1282,-.00282206398473028,.0004396448128750376,.0003699994301966069,.0005434307631766986
1283,-.001499865960873867,.0004086579012463636,.0003767435214877904,.0004419537191044537
1284,-.002480707126723577,.0004275489243581543,.0003584720966986165,.0004456270306985602
1285,-.0007408655141973128,.0004740504868017481,.0004089945020398408,.0004627117054109582
1286,-.002752650760384986,.0004080288892363575,.0004003657442344008,.0004171052200368257
1287,-.001370334256073572,.0004355090053259743,.0003410730747176408,.0005585170051102995
1288,-.003765720981460136,.0004958543152707652,.000319097140756893,.000472177723455716
1289,-.001656375546773102,.0004913206411786012,.000407885200915426,.0004334677402774812
1290,-.003364233136732907,.0004530675377154459,.0003390718917324622,.0004397680019541992
1291,-.001537060418735791,.000431837138078684,.0004221850317434073,.0004276578182709778
1292,-.0004035660201716909,.0004515919282679322,.0003178724320660081,.0004213851467880365
1293,-.002396057120143227,.0004223990200914937,.0003754943386607829,.0004944078130067153
1294,-.0005138637797006233,.0004386679396542711,.0004062834040023891,.0003104009537186743
1295,-.00263664728848446,.0005061925879578852,.000285093869867695,.0004142235825737176
1296,-.003306465556162279,.0004081156795749428,.0003747622909407859,.0004867861557742526
1297,-.002085460520741171,.0004425390406815526,.0004118909026607492,.0004041644403739727
1298,-.002466664468329576,.0004082289216189498,.000341523384078665,.0004179250770837421
1299,-.002912793560844921,.0004365306918781613,.0003341614601364814,.0005145582524831885
1300,-.002820210423230781,.0004670016670081846,.0003956759804648482,.000433709129802177
1301,-.001405102760861804,.0003892174320853677,.0003189158914046032,.0003885083505976907
1302,-.002078753510888867,.0004239914319697267,.0003791806457882668,.0004960247382645213
1303,-.00292976153322796,.0004643332656852556,.0003354046141958626,.0004716987229968278
1304,-.001816224253803783,.0004571003424500053,.0003836697465131952,.0004909556988985695
1305,-.003406418541242232,.0004559157324254122,.0003443841933421063,.0005056272239444639
1306,-.001973097876912703,.0004838893535295518,.0003561273259984419,.0004904640389077076
1307,-.001960331661758405,.0004467063707761153,.0003896428064050902,.0004877241985276752
1308,-.00202926742556462,.0004028506074428619,.0003586329729423946,.0003945998483020747
1309,-.001193239961504525,.0004318488519641734,.0003026811312127455,.0004954132436168452
1310,-.002815408223109882,.0004415169427682335,.0003759344156147777,.0004672156459249495
1311,-.002840062075187192,.00043352703276185,.0003124902802813153,.0005258459570361889
1312,-.002179590931144084,.0004038075426202425,.000362304167750085,.0004079639255332214
1313,-.001146936347054742,.0004733615915338207,.0002749005496139916,.000459439604429882
1314,-.002906946481820585,.0004324745024436097,.0003353762358882165,.0005838235918883762
1315,-.001823609212478513,.0004629694811893237,.0003655745019378239,.0003625638516916704
1316,-.003135477218097277,.0004980379906412936,.000359116204263423,.0004486744563362403
1317,-.001703814636098589,.0003750573272130638,.0003701930755110511,.000441022680732536
1318,-.00173022919219351,.0004654710423044205,.0003412599632095663,.0004286883296589818
1319,-.00390299394752301,.0004427970613813167,.0003717003480579925,.0004701698433974502
1320,-.00234335405962027,.0004103907487159376,.0003858131164964628,.0005312427944228594
1321,-.003195459507996523,.000457987437766917,.0003421784057049056,.0004552135957055718
1322,-.003264196102388062,.0004039253339522279,.0003805995411062379,.000417011356949311
1323,-.002257036022466134,.000440284195323552,.0003860599537060813,.0004963386172224632
1324,-.002324102590238409,.0004285218919015761,.0003116436066490824,.00052337285625864
1325,-.002770326464731234,.0004206829971013242,.0003652728941970058,.0004944849777886711
1326,-.001031901288117771,.0004297307167309303,.0003825560013805561,.0003903251339186164
1327,-.001649354308167954,.0004527025381541634,.0003728825449591433,.0003877772372731989
1328,-.002927336794087851,.0004731143118839724,.0004223721615882613,.0004437689880774787
1329,-.003233327524268615,.0004383680630345075,.0003248479492087231,.0004146486005826294
1330,-.001653712076993808,.0004209030776429757,.0003992187814167104,.000393693261102151
1331,-.002132842417232512,.0004294905497147672,.0003300243601776889,.0005311331355118446
1332,-.00249315085094094,.0004769682081074652,.0003371504024342436,.000467620077112897
1333,-.001702473745662011,.000447895433038112,.0003607147474716241,.0005457162860236355
1334,-.001547776083394952,.000456677848864398,.000343945705295357,.0005366760851591077
1335,-.000663781920754224,.0004606590234886398,.0003479445172494361,.0003694158770544413
1336,-.002222141149091401,.0004485476507547433,.0003314698596345535,.0004990532397432315
1337,-.001382176042934209,.000404884597649552,.0003712184990660835,.0005658025618282269
1338,-.003190359155006719,.0004464157788593464,.0003531816311197626,.0004891659383755589
1339,-.002861830430008074,.0004513823415637115,.0003463773806864575,.0004986676648114643
1340,-.002643667687428021,.000437585398556788,.0003271800549716342,.0005554381183820565
1341,-.0006610729472532537,.0004517181403215319,.0003624037147016914,.0003419908763866838
1342,-.002346762543294929,.0003982193617192597,.0003836599284351872,.0004323175891304765
1343,-.002908750178145892,.0003821270983539749,.0003926907522234748,.0004087668424550711
1344,-.001637733295591813,.0004507253231181094,.0003863177313468929,.000342384390423203
1345,-.002604231241963495,.000434255643080139,.000324453744095678,.0005251206861692215
1346,-.0026377278656683,.0004406525860972679,.0004036630645601646,.00048921996070153
1347,-.001906064591693287,.0004592028446616069,.0004055680140206536,.0004058160643125297
1348,-.002290284462840176,.0005140599652143556,.0003813512434482926,.0005017125418855074
1349,-.002287346949968354,.0004261563461041865,.0003509644863688073,.0005447499221486272
1350,-.001399805380647986,.0004013788676855647,.0003873718909549697,.0003589668307385052
1351,-.003361228171516807,.0004001637514575061,.0003515722097942044,.0004365483247281428
1352,-.002873626662755206,.0004817324819062906,.0003673736125713761,.0004853770172535124
1353,-.002352106522481629,.0004578277637634249,.0003695909604467817,.000477301408681641
1354,-.002494002444843155,.0004330772142831434,.0004354874575820012,.0004866189538191686
1355,-.001810154757884203,.000478710490485707,.0003526665556414876,.0004718603250566434
1356,-.002143520877411688,.0004516863934300052,.0003758377108731381,.0003939250244894662
1357,-.002421065225111723,.000427095620164743,.0003320640092137053,.0004970811641977919
1358,-.001986005430574048,.0004091898675202105,.0003796483414973978,.0004968563719751538
1359,-.002574609542662955,.000473611101092023,.0003696547308765542,.0004977036414746114
1360,-.001499617480829487,.0004512420600285924,.0003514808206976663,.0003832183958526858
1361,-.001341607996818822,.0004261172074319356,.0002960020047021203,.0003919385448503196
1362,-.003758829291625398,.0004237550348566376,.0003790401065683041,.0004947891823391229
1363,-.003135871935993573,.0004629770236463442,.0003856916176485684,.0004390653323754201
1364,-.002543286909004426,.0004458792641933123,.000347492220940657,.0005211782628981121
1365,-.002850714291175625,.0004186066605387015,.0003812741063539964,.0004009313838482233
1366,-.001843268760542191,.0004519253192940924,.0003663117178080696,.0003091811319183125
1367,-.002140020218908734,.0004538359963930668,.0004379340396693807,.0004642848891394129
1368,-.003158846690672596,.000475943765303583,.0003933724279296173,.0004367959091924969
1369,-.002300445979422284,.00044631350206899,.0003831365984827809,.0004945624144844527
1370,-.003941528144123063,.0004405042243907172,.0003500552054202201,.000492715508385921
1371,-.001988649875088939,.0004123381038902949,.0003170393249929199,.0004353651712711215
1372,-.003150429941413703,.000410084738707901,.0003674276304655823,.0004501663541912067
1373,-.001873648690701557,.0004650955531857588,.0003913509845483962,.0004541308966999782
1374,-.002231381916286386,.0004383558879092803,.0003859484752833554,.000517266812045031
1375,-.001414213034361987,.0004212331031943731,.0003614024041119903,.0005019415711293384
1376,-.001665510506640771,.0004349766194959884,.0003543698739817254,.0004864237935619932
1377,-.001998161977511754,.0004752763707399969,.0003918484382366312,.0005044436082482823
1378,-.002417497930599844,.0004317896895363472,.0003937882303346521,.0004916097781058357
1379,-.002675393129462694,.0004004075837722325,.0002962263079203557,.0005622121551487374
1380,-.002504272144156317,.0004446158844478135,.0003614588493991545,.0005121343514024237
1381,-.003393602417200755,.0004050128117220234,.0003505326249384499,.0005026801596484905
1382,-.001744677265083149,.0004339422433702825,.0003196245606768128,.0005018310061249671
1383,-.002788909401036238,.0004463457768290634,.0004351539967052934,.0004803018029559247
1384,-.001687713119555114,.0004939390065410393,.0003857034994497084,.0004369383023999872
1385,-.002633574846779149,.0004078254138063195,.000366701707900263,.0004050492089432637
1386,-.001991090915455191,.0004536933365544806,.0003456740244939384,.0004795105922197105
1387,-.002867488156905376,.0003875232895869209,.0003301608840727074,.0005206150873883312
1388,-.002920091096094863,.0004808326864543777,.0003261545740995284,.0005037756960896195
1389,-.003051499935881043,.0004179189950483397,.000420831318058504,.0003663647307690777
1390,-.002698027722300072,.0004392888052373926,.0003987660211086195,.000614997565374735
1391,-.00214368812253068,.0004615320393881939,.0003593859818562134,.0004897789631607963
1392,-.002434103411148718,.0004706853666594074,.0003405227539455703,.0004419184466682092
1393,-.003288370765772277,.0004868033042248917,.0003548089981254771,.0006332224374126987
1394,-.003225994569910546,.0004150626037867722,.0003125766006564016,.0003910484257957461
1395,-.001228187336166693,.0004059299795072776,.0003416842908729472,.000367154666147701
1396,-.003619434921250692,.0004429874386735826,.0003727652324802848,.0005467581499926856
1397,-.002853290386315318,.000421173572230083,.0004220884840572543,.0004637714956732284
1398,-.002302770676794612,.0004394438946396276,.0003871616100651471,.0003818581820941215
1399,-.001878701727121501,.0004481807556409141,.0003051943821478418,.0003318147691257439
1400,-.002505965637598279,.0004203066260325938,.0003078500927367887,.0003757515574138582
1401,-.002949404039481613,.0004389074818404954,.000375602746619706,.0005397833081320423
1402,-.002676971179090753,.0004125804494644993,.0003861628464707387,.0004326862112148567
1403,-.002762264931791783,.0004315566061519317,.0003479433285162893,.0004436295451433387
1404,-.002970083417977794,.0004626909403901256,.0003818052456928553,.0005896982218891785
1405,-.002211801951164561,.0004265353197659921,.0004161974616766052,.0005150770259089164
1406,-.002964756692493626,.0003897979277729764,.0003651252788025062,.0005205861898931701
1407,-.001373772320315619,.0004422239160144525,.0003268055079133543,.0004787551792895477
1408,-.003063548231569877,.0004559822993432447,.0003718248771597093,.0003836515133234736
1409,-.001498794017022859,.0004212614413369815,.0003885539858444795,.0005729050481610952
1410,-.002617544360249188,.000444846553577555,.0003645332251514116,.0004667546943177396
1411,-.002339161450295309,.0004154696205352373,.0003297504339704295,.0005006543650649813
1412,-.003677015231250236,.0004206047414405337,.0003652943386974318,.0003162970901868941
1413,-.00202888827423317,.0004458414340614036,.0003613232858716956,.0005338061567133955
1414,-.001560671561298425,.0004276042523373992,.000362467025798606,.0003936990025108016
1415,-.002250003029558598,.0004957850676129809,.0003482976008270944,.0004419581465505816
1416,-.00201356550416632,.0004019756190247013,.0003343451254124159,.0004933027188712517
1417,-.002359995006847076,.000410151828211575,.0003317995761550307,.0003591840220308335
1418,-.00252958803950137,.0004267184501483791,.0004176197662864088,.0004523866278294663
1419,-.002570638503370453,.0004234656974195113,.0003196244784110828,.0004958741741920002
1420,-.002341410792126537,.0003937543709574917,.0003782764951280927,.0004401666369276445
1421,-.001486203826394019,.000418263071475492,.0003477714519745074,.0005021858117853703
1422,-.003104526107257158,.0004537628173003707,.000385597378560295,.0005213906291129298
1423,-.002036869788313177,.0004962579034980122,.0003445756412958305,.0004776814815164641
1424,-.001712828989216527,.0004500196383246664,.0004223705205865025,.000571311217903749
1425,-.002473423198947873,.0004604983918301447,.0003531901595350695,.0004369410288667799
1426,-.003604030557941237,.0004576311995772361,.0003281436233085301,.0004786395198549964
1427,-.001479940369486187,.0004780012957237119,.0003528258236404956,.0005280303204780748
1428,-.00245873871054953,.0004029934489521677,.0003782050900074737,.0003829447846166276
1429,-.002058659365880423,.0004433631318038927,.0002411530915574185,.0004472912694364627
1430,-.00292746032160611,.0004100712781734023,.0003221618300806612,.0003808521635241521
1431,-.003252847711491754,.0004438161986018889,.0002980697840014388,.0004726851762344873
1432,-.001306074446034477,.0004348238493897993,.0003437842590713193,.0004093012628595427
1433,-.001547815102711322,.0004719420937524386,.000417488901584178,.0004183464470517721
1434,-.002639557444485096,.000454024046083209,.000372954498030078,.0005078458423981629
1435,-.001440372982801718,.0003955619394729671,.0003864277504950178,.0003914401476290081
1436,-.002905488189380138,.0004349226769589228,.0003293569090173286,.0003965218254852585
1437,-.002951596001411706,.000478137545670975,.0003462057854027978,.0005507158579475138
1438,-.001157802111843527,.0004287571596242308,.0003385902941285759,.0004892758174277164
1439,-.002573910584723966,.0004023309808495968,.0003726123001157278,.0004813076201281889
1440,-.001240176943725792,.0004168841218213922,.0003766801045113316,.0004144123445488129
1441,-.002720628785210177,.0004390805236654182,.0003749837765767037,.0005222377722730203
1442,-.001978678361002449,.0004960366397897773,.0003804406609880425,.0005786630209741225
1443,-.001472239613651428,.0004880160166659027,.0003317402448017667,.0004493076245786884
1444,-.001176824109145964,.0004001826038591648,.0003937475718510617,.0004048438179558541
1445,-.002344899606450354,.0004363666317067059,.0003406519372395645,.0004836145382331444
1446,-.0013361674037369,.0004643398044004842,.0004159715793082505,.0003440594067677557
1447,-.002921641904069521,.0004778431113870097,.0004246511587097569,.0004792765100936266
1448,-.003308388982775229,.0004186633660554389,.0004399684348332501,.0003327109968991564
1449,-.002753551629805933,.000471233858949553,.0003249904994631585,.0004282403255337689
1450,-.002724018301516085,.000429153702237514,.0003168493995458712,.0005074840635168723
1451,-.001442302598344812,.0004727496893728103,.0003941408488297299,.0004725160514073088
1452,-.001910222116919312,.0004303298018808111,.0004102589261963042,.000500763256246437
1453,-.001360228865581405,.0004081073771308201,.0003862991038820491,.0004798120335059957
1454,-.002366747901121804,.0004446686385109287,.000332875218543872,.0004235529239341424
1455,-.001718605156001244,.0004461221025860365,.0003303022264683582,.0003463318450218147
1456,-.002555395743808663,.0004321137095811731,.0003550491281511962,.0004889408434226741
1457,-.001658365900966849,.0004483695462495434,.0003590899362931502,.0003420776964657941
1458,-.002502298841348544,.0004990988616763847,.0003763016392177612,.0004457414322248797
1459,-.001139470823322717,.0004524409293493342,.0003916734165047593,.0004574547910756632
1460,-.002520675174571071,.0004637981078001049,.0004001251332350349,.0004660248485265362
1461,-.001213837853056082,.0004199743113137068,.000306340873213381,.0004081044288615422
1462,-.002666806936148268,.00044746335346124,.0003338540986935505,.0004604157686449946
1463,-.002832681661893697,.0004285404490608843,.0003762944148744352,.0005601526193098993
1464,-.00216489691697514,.0004548922068934426,.0003826087348618437,.0005927156928462673
1465,-.001920565629524088,.0004504769708459454,.0004033265664022378,.0003943446300687646
1466,-.00321277082732007,.0004047086896985804,.000330673574685021,.0004784682600552961
1467,-.001208173787832511,.0004042510597244014,.0003490865373389605,.0003806758769977474
1468,-.001825605535826644,.0004732168442490499,.0003949081304292048,.0005063738785370794
1469,-.002276428994419,.0004464440498307427,.000374424015886564,.0005132441074344258
1470,-.001024670107207746,.0004363959349263999,.000370268410507132,.0004425431917068481
1471,-.001717638750822454,.0003977425658970356,.0003465619641541611,.0004585593829367782
1472,-.00302426484216941,.0004121069427223618,.0003743857695744788,.0005567210331825631
1473,-.001086367609409578,.0004570454255427195,.0003643684373788678,.0005585643218573449
1474,-.003921454008848118,.0004463564277198273,.0003555200883615075,.0005038762370220983
1475,-.0002944298188673985,.0004459276444610675,.0004039853929465139,.0003799893981221184
1476,-.003493787409259993,.0004585553538590945,.0003333719120755277,.0004969859244806232
1477,-.00199517880759547,.0004737788043194779,.000312488711342832,.0005277832947517175
1478,-.0008218426906866578,.0004210017334769134,.0004594238113194808,.0005847012141125183
1479,-.00280949273526367,.0004318270780441334,.0003132854908135893,.0003447484556759023
1480,-.001515656402196962,.000447235533479964,.0004157633958634473,.0004369246708126392
1481,-.0008313076766339827,.00046206668360143,.0003234141497773353,.0005549928471529573
1482,-.00259062590195137,.0004409601756577864,.0003595663840145133,.0004843453067180019
1483,-.002581491179857031,.0004480560593919133,.0004257908936255963,.0005308294468932673
1484,-.001476736451786758,.0004101415217908649,.00031924544833933,.0004396015626381313
1485,-.002820048082322037,.0004714485833355111,.0003570962607192374,.000500425401969031
1486,-.002297146324469607,.0004228311249887307,.0003566007489698019,.0004755201175296119
1487,-.002578599049697259,.0004602362837821537,.0003921592519843441,.0004215827319096547
1488,-.00374005834167311,.0004199449934863229,.0003828106872356553,.0004552986283717758
1489,-.00140751625857398,.0004175369070834965,.0003574621022593459,.0004818434951187167
1490,-.003498808805253182,.0004103769341537255,.0003546994888553221,.000426261209289098
1491,-.002410543117723548,.0004383670504306238,.0003497785286571806,.0004656009016420307
1492,-.002643285057201303,.0004382853868600876,.0003600860581453399,.0004769442750050041
1493,-.003082174643977058,.0004215759362429407,.0003434697036666039,.0004125391300800957
1494,-.001430117063749213,.0004489155119223898,.0003216517588957959,.000446941500081802
1495,-.002430932653676935,.0003782074984195112,.0003081373486328077,.0004120437236021357
1496,-.002108126797117177,.000477016102518366,.0003594624014771261,.0005797460804080342
1497,-.001649593307563262,.0004627115851015136,.0003558109096295065,.0004883131442372072
1498,-.001654805442372588,.0003792295631852656,.0003115294684180013,.0004751089440232958
1499,-.002117214081848174,.000393116048548353,.0003106161656351799,.0004055232862383153
1500,-.001984824229802714,.0004492328747043878,.0003499867490804302,.0006088394942260981
1501,-.002554045296657419,.0004238405382698998,.0002921058639709894,.0004645924279479135
1502,-.001223719530385505,.0004445987570629764,.000322286217851918,.0004717325609689611
1503,-.003527402757971298,.0004994408192347984,.000408692534354388,.0005009651173416476
1504,-.001911073563820376,.0004820872522893509,.0003802712728868972,.0004287775939061318
1505,-.002201745524602129,.0004506179904125011,.0003099820276646671,.0004794575932902893
1506,-.001882542137707871,.0004893194410748009,.0002889984713989279,.0005354576013637407
1507,-.001408440502346835,.0004365386127417417,.0003586357410104045,.0005123135905626625
1508,-.001219036798041464,.0004107935230542795,.0004033766730507913,.000408329735265612
1509,-.0009260170452671452,.0004558655063274073,.0003697234558982876,.0004255361298807187
1510,-.001683280243338616,.0004366452093257557,.000368056277315043,.0004885184715151628
1511,-.002136899423720718,.0004708595679156165,.0003543390532376659,.000460577532157868
1512,-.003320750147896365,.0004765936690687333,.0004069760091403398,.0003932525345220762
1513,-.002024443208762525,.0004594040585411774,.0003095027115915918,.0004452313201349255
1514,-.002713733120931052,.0004082732798709382,.0003810912011974852,.0004390948327268983
1515,-.003242336741778371,.000486816780392649,.000366037591748366,.0006089476453882295
1516,-.001142904379198041,.0004314415287841891,.0003717548977018807,.0005698377796199141
1517,-.002930064845942293,.0004534340031213392,.0003492144273567002,.0004876004178218993
1518,-.002816964359976486,.0003892383856818042,.0003066837976725213,.0005184994650015061
1519,-.003259993888128814,.0004102088920840327,.0003456876173340984,.000349597773733671
1520,-.003304237632080427,.0004326273425944005,.0003483796607532566,.0005455618314812433
1521,-.002415249945179624,.0004641475570664051,.0003150621408081857,.0003938216307495281
1522,-.001175112514697209,.0004461510618226108,.0003934976187567278,.000295381647732443
1523,-.002113671787413572,.0004250625159856036,.0003359407548479432,.0004916849001963009
1524,-.002025480259989875,.0004646873116664734,.0004227488006259846,.0005110493752656586
1525,-.003774063942001656,.0004033116387444919,.000331509547266202,.0004249453540725737
1526,-.001616334515571175,.0004476367832214912,.0003478732373719741,.0004816619270066655
1527,-.001040424617856686,.000458217554624832,.0003684932830885497,.0004520404853149872
1528,-.002214828999807393,.0004533660692304407,.000317749746868437,.000415516795640214
1529,-.001217823239006911,.0004810657444591277,.0003936708337953402,.0004704995194927307
1530,-.001994189946524164,.0004213833255758548,.000317090608903171,.0004656151043497303
1531,-.002715408193660583,.0004543473794334541,.0003404289354767453,.0005245337528093505
1532,-.001951882448743707,.0004011005167210029,.0003532943970341112,.0005452155885361849
1533,-.001685601425449461,.0004818748755573005,.0003811178588884713,.0004686165480810441
1534,-.002292401047535349,.0004309645614384054,.000352742430907262,.0005489340326306182
1535,-.001584693850365016,.0004072231509733181,.0003204310351002354,.000380087643832044
1536,-.002637780491693079,.0004692450237334611,.0002928547818564478,.000501414893780834
1537,-.001284131002353934,.0003899399320455761,.0003123480642016795,.0005638354669015943
1538,-.002851150558149784,.0004565449668420533,.0003525028020810326,.0004849332967671502
1539,-.002436527401079231,.0004773205030662303,.0003092340243793825,.0004449474519354268
1540,-.0025192633337927,.0004607098756664085,.0003552052899683463,.0004474655468157608
1541,-.003703398716342829,.0004087782948505166,.0003812407330828039,.0005960925954199104
1542,-.00265279714777733,.000466403138815722,.0003008826855236179,.0005788282432137679
1543,-.003003121058073753,.0004323599415551479,.0003688381512255102,.0005012224964307467
1544,-.002402318625917952,.0004600745215995666,.0003854726663222332,.0004924098722453071
1545,-.003046408349807544,.0004746659101576731,.0003709975523979213,.0004938329670882649
1546,-.003272113716737598,.0004576159954513468,.0003217922256253791,.000405780006239903
1547,-.002295345669850523,.0004473182726536229,.0003580346817416383,.0005038837764587065
1548,-.002858433987228262,.0004587694892036014,.0003786801233404665,.0004696328381975744
1549,-.002474602224189067,.0005360179316401897,.0003407864496397775,.0004630495479869519
1550,-.002812666241822602,.000457939331335658,.0003791890601158136,.0005032091967098862
1551,-.001163778588931992,.0004138645484456083,.0003614481282765554,.000530161550355119
1552,-.002325723082822346,.0004634552409825502,.0003805744159712089,.0004887540228019919
1553,-.002098955707459162,.0003970071307269413,.0003443918881445952,.0005175302943202796
1554,-.001735974535380101,.000481183323532203,.0003948148429995325,.0004151424100668012
1555,-.001304032624131873,.0004483528950488237,.0003493778796878223,.0005045901627514848
1556,-.002085152327163259,.0004222572113462569,.0003693269998670958,.0003793256848986032
1557,-.003181716593896643,.0004076455554071979,.000405920186702619,.0005136350624664237
1558,-.002109607407850046,.0004095972282180744,.0003348347814770689,.0003762768167437926
1559,-.002321434947697935,.0004690982091862175,.000388849913752393,.0004272999882480027
1560,-.001944782914138306,.0004558231854743859,.0003299660280279333,.0003645538104734089
1561,-.002759864675956556,.0004216532225262613,.0003465687015002948,.000556763928828888
1562,-.001841433814096479,.0004200520782264212,.0003667653725825643,.0004369141707491597
1563,-.002187877679505467,.0004675510150188609,.000291297245813251,.0005908393701684272
1564,-.003275383238488577,.000445684502565677,.0003489217874986679,.0004678974493753854
1565,-.00183041842850484,.000454200649104141,.0003534391255713378,.0005002915402433774
1566,-.001172482206750597,.0004720182724411478,.0003434289305402795,.0004355192847709723
1567,-.005072102621658288,.0004621232256208547,.0003225818237077671,.0005474105989591364
1568,-.002462585568983932,.0004220934544519195,.0003443680463272821,.0004888177381188534
1569,-.002239403150586472,.0004574315260364096,.0003459740907676682,.000474582508332993
1570,-.003491796123346442,.0004709521939872912,.0004036912372977009,.0004012315625144752
1571,-.001343704401594197,.0004359048214551996,.0003746632977151711,.0004293326374840845
1572,-.001710744791363102,.000440692966107165,.0003802785319470883,.0004271950757953577
1573,-.001092172759471989,.0004534168891500146,.0003594623429360499,.0004462240960445944
1574,-.002160117733797359,.0004634919268772207,.0003721295643513544,.0005568795651638845
1575,-.002439086164967313,.0004671474195263754,.0003843871919023806,.0004927135249902084
1576,-.002656286448369344,.0004504391922807704,.0003380987252786541,.0004547602232366881
1577,-.001932136827296951,.0004344048762982573,.0003735538038979123,.0004314544745876584
1578,-.00258516206375579,.0004846377354443155,.0003734880939165559,.0006155279317665176
1579,-.003019089936804057,.0004513634122532702,.0003395730868377626,.0004763554443347258
1580,-.003282355022945701,.0003905148537140651,.0003815911686689223,.0005140179745237336
1581,-.00237309028271496,.0004153234397524297,.0003349409119861741,.0004882075968293157
1582,-.001955190210160741,.0004097989185724716,.0003344291086134552,.0004613809639672885
1583,-.001205680072935303,.000417441967105657,.0003150783027044809,.0004779327629698744
1584,-.001975557474319104,.0004119828855954714,.0004048560756818219,.0003792332562904575
1585,-.003159002023062174,.0004951072164624496,.0003708334621434428,.0004552186223131846
1586,-.003076819627577242,.0004454306021552441,.0003308308223093759,.0004351056914974022
1587,-.001380488945094578,.0005151368443524431,.0003584185223258986,.0005610624035966381
1588,-.0007487625575879234,.0004307674847161854,.000320879649724306,.0005168904844118718
1589,-.001859664531587289,.0004050372992059252,.0003661669382929644,.0005406631242735697
1590,-.001774507425324571,.0003957969324096439,.0003307928894227407,.0005367729431198509
1591,-.003689559734141408,.0004182622447543947,.0003896376029717483,.0004542239261252678
1592,-.001505038581881062,.000442262210212592,.0003649034015905393,.0004988938053179301
1593,-.003337545323747706,.0004085268866010119,.0003659641842944003,.0004337277130548566
1594,-.002278215920766331,.0004612479551411375,.0003202771410307644,.000550116535581998
1595,-.001307462461321515,.0004838080646928043,.000379662339382898,.0004061557761493861
1596,-.002039850883144145,.0004111239824008124,.0003377649281554002,.0004441875995175784
1597,-.001905324287972177,.0004480652403613148,.0003373973076092431,.0005790076363518272
1598,-.002064148161037678,.0003987792212960632,.0004025575486207358,.0004204826358912527
1599,-.003846800280379687,.0003585333659472783,.0003685329497216891,.0004221609939371097
1600,-.001926429921589187,.0004310672473420066,.0003681981686763558,.0004110122107556009
1601,-.002879376184264169,.0004346815474158552,.0003262076938441676,.0004719352009685937
1602,-.002283266345190529,.0004580764080214309,.0003245075751343985,.0004606882341463254
1603,-.003857685272716821,.000370233932777638,.000308645002486912,.0004471420332948157
1604,-.002764720492207087,.000488772172196047,.0003741294525653777,.000419124379978308
1605,-.001409929794981601,.0004648395862293465,.0004316529275419267,.0004924329420635054
1606,-.002042938477345612,.0003968110110154153,.0003545056930268701,.0005493240039158438
1607,-.003199212492601152,.0004720008528307739,.0003353980706850405,.0004521515295307811
1608,-.0004409623444687977,.0004370099584968115,.0003363364769467884,.0003811992001369008
1609,-.003839463318398408,.0004183552488983115,.000430245321561998,.0003456511275789862
1610,-.002670591959641895,.000459101152022256,.0003983508433570415,.0004082676656605984
1611,-.0004424206720677988,.0004062672152239906,.0003318766567281673,.0004179162242789096
1612,-.003309804463574161,.0004480994164797654,.000387462702922502,.0004451973806861494
1613,-.00165456708945774,.0004086422887553116,.0003584214417423138,.0004935479755886011
1614,-.001174885464152194,.0003886006181545344,.0003634635046431043,.0003657405397426313
1615,-.001379508232559731,.0004124603057831189,.0004017734715223445,.0004481945336749767
1616,-.002971710278259186,.0004390084464607547,.0004062467158872852,.000551028613893185
1617,-.001737912086594616,.0004645042385836704,.0003655311201670439,.000383449073770149
1618,-.002180786489216703,.0004111846116790063,.0003498461294892039,.0004858012476269473
1619,-.002440978695337832,.0004692994370468254,.000383183772892801,.0004647605844361437
1620,-.002319790171349063,.0004306371958382701,.0003826322103849151,.0004784250827643315
1621,-.002006438824686181,.0004739733368752824,.0003152520068888195,.000409034344398461
1622,-.002476913417835082,.0004574442384270184,.0003691822302025687,.0005216060464963508
1623,-.00130880911480794,.0004258957366897914,.0003378574329291335,.0004716141995673872
1624,-.002976394076299938,.0004673264940163009,.0003528065363744643,.0004523936191831221
1625,-.002365370722941267,.000405918038687459,.0003739356297282175,.0004278407288124029
1626,-.003903860095500639,.000503954055487399,.0003963551950820019,.0004868219906671215
1627,-.002255814821136013,.0003838228466519363,.0003539736738814776,.0003284143640681455
1628,-.00280649141635119,.0004890631774780354,.0003618142019320683,.0004860818318194021
1629,-.00289402276684198,.0004664006927223183,.00031681575443386,.000478631180559961
1630,-.003446018737170255,.0004299296464167989,.000375575119535565,.0004085797300383936
1631,-.002286617330304262,.0004384776725474896,.0004104120060542657,.0005098053912363972
1632,-.002214660252063255,.000488917709173989,.000346410888039886,.0005271223363076975
1633,-.001735790747310592,.0004240455629488093,.000351806044082597,.0004482517687422083
1634,-.002280384777980022,.0004664707693982601,.0003679612821525795,.0005054099585483421
1635,-.001614614513497658,.0004236772824331424,.0003721715406328444,.0004977415442590617
1636,-.002822574034557335,.0004865002453199884,.0003742756753220681,.0003412484483877131
1637,-.002804715274204964,.0004413861112930822,.0003265445761277873,.000443696898233916
1638,-.0008897498352879252,.0004656366219321673,.0003545434811035312,.0005399766433376939
1639,-.003088666628845471,.0004126706154145773,.0003261643583364209,.0004180677163740013
1640,-.002171191827658327,.0004280837639870993,.0003487727314387472,.0005647445027500798
1641,-.002556724533459836,.0004609939503411498,.0003447398696519386,.0004723422654655292
1642,-.001697515494437757,.0004695903283903054,.0003776357183774344,.0004758494447263044
1643,-.003113193723167703,.0004090191143688323,.000325917738716235,.0004598658523184751
1644,-.00228498138138171,.0004371988185221252,.0003881233640854466,.0004200042040443792
1645,-.003146153503370826,.0004229679454971245,.0003281158977137436,.0005049688625325811
1646,-.001629930103526363,.0004824250398421153,.0003140524651084176,.0004498063049125345
1647,-.002573727827001712,.0004520923806187986,.0003670188358234893,.0004596256856666279
1648,-.002489002093275738,.0004420511108456286,.0003297605138689476,.0004376213615241575
1649,-.003760388135897397,.0004012237803227772,.0004346611527439463,.0003456181739533965
1650,-.002010505738179001,.0004302601581054383,.0003960220679614929,.0004568414236165283
1651,-.001814715345831683,.0004347696744095302,.0003268526385337312,.0004344057546875566
1652,-.002912506430033258,.0004370758873068072,.0002734517956086717,.0005565629458468971
1653,-.003092190227621314,.0004274261894487804,.0003534378055093367,.0004471825236519244
1654,-.002816703639057087,.0004067690863979501,.0003684232670337585,.0004955668350609549
1655,-.002172617872405337,.0004177447546039798,.0003939633268762843,.0004781464379151922
1656,-.002453708265085797,.0004187708279355293,.0003339614948466849,.0005074587682219625
1657,-.002715611483880896,.0004815126993327653,.0003103364281758028,.0004791198773045063
1658,-.002007676568897436,.0004118255447121561,.0003515770088112105,.0004048644431610485
1659,-.001583877039338386,.0005227634981269871,.0003352123995030772,.0005853322729362425
1660,-.002542121069663057,.0004033870104207648,.0003581698170949625,.0005158354991965592
1661,-.003562616278462891,.0004812664677750312,.0003343747053823518,.0003502842063036915
1662,-.001856357437349383,.000419356570294329,.0003785896232860858,.0004399317563776952
1663,-.002132038450514528,.0004614965245045467,.0004188872787860175,.0005091089913369963
1664,-.002805015983160305,.0004183155596520291,.0003209536266645503,.0004337265821637246
1665,-.0007738302388624887,.0004742417328026678,.0003382355704876232,.000468517570304837
1666,-.002967378942191215,.0004110934950123054,.0004103654602869293,.0005978868636493226
1667,-.001683441292682026,.0004037214299336744,.0003318711314541489,.0004207996796333332
1668,-.002487496087448773,.0004683616444928574,.0003897272330257459,.0004024888838561535
1669,-.002629867789884831,.0004099627806497134,.0003952154733388723,.0004318210479916258
1670,-.002911211147374709,.0004740337888720596,.0004328849083074807,.0004886725967547031
1671,-.004128069243549,.0004247944071168378,.0003476558919623072,.0005200053208517661
1672,-.002491644422672518,.0004365329329063786,.000319120510761391,.0005908438582812667
1673,-.001907615050929973,.0004506699444086545,.0003711727092617904,.0005145318093031209
1674,-.003130396945561725,.0004703661897974994,.0003621766434623523,.0004860281622281374
1675,-.003419431956482651,.0004795622283728687,.0003869076970658805,.0005434490543616433
1676,-.0025611167359201,.0004297628637679618,.0003224606386499873,.000455539758545035
1677,-.003546040688287929,.0003595156158612324,.0003522281785075081,.0004128695132059374
1678,-.002112460949096672,.0004372521370373595,.0003647749824316923,.0003743465774422428
1679,.0001051398377902675,.000426042034394397,.0003558426485832172,.0004159218231398493
1680,-.001243536964766167,.0004391335901173861,.0002459846546156429,.0005066784622042546
1681,-.003116794854592579,.000413341582601751,.0003042164603681003,.0005473096954555564
1682,-.003282358407796478,.0004091117062661529,.0003699816051148697,.0005104969407803747
1683,-.001273725876468669,.0004394003783606221,.0003423132373595962,.0004253497002943493
1684,-.001314903360102712,.000441928294335212,.0004035458702373346,.0003991514459265552
1685,-.001851914734609852,.0004302206312848355,.0003633247542410739,.0004820409099915136
1686,-.002881896874398965,.0004654002596936279,.00037402552841037,.0004674087892492274
1687,-.001114537589959051,.0004462542308764573,.000392281201306912,.0003988292437832259
1688,-.002488625311184747,.0004260684563054474,.0003668716009901989,.0004636943629208368
1689,-.003076798445127123,.0004371592673133888,.0003557896828371545,.0004907719019335334
1690,-.00196933617080238,.0004588426090082834,.0003539603872260086,.0004870666404298759
1691,-.001682738608116274,.0004537093748554375,.0003395802692188937,.0004216149771564946
1692,-.001936618873338816,.0004220542061929212,.0003817595175088918,.0004959887630298518
1693,-.001266396632986833,.0004593366317694074,.0003510837166282107,.0006055621496563117
1694,-.0032141224445857,.0003932342344442601,.0003641799405146402,.0004426130844739261
1695,-.004295216127225554,.0004582975017092464,.0003499461505454426,.0003992967500953649
1696,-.001312114263116888,.000431710913799632,.0003161303574769285,.0003963277420637002
1697,-.001869184884854139,.0004570298288373218,.0003654116156753837,.0004959516559117566
1698,-.001114680194665489,.000464148034937494,.0003129095651592259,.0004617272238626866
1699,-.002109144459716338,.0004288280120739915,.0003165515017632941,.0004166473861991872
1700,-.001988388653628157,.000452102557719396,.000290251123032122,.0004560304343158971
1701,-.002364238501106519,.0003684352968950895,.0003127719755226178,.0004436388901554663
1702,-.002493051755645378,.0004402063000414012,.0003839078947275538,.0004795839573247674
1703,-.003345622351286102,.0004288659313642195,.0003919639432376457,.0004301480705762944
1704,-.0002695144884015122,.0004892609963290602,.0004057111111222937,.0004404926379391766
1705,-.004224246606199498,.0004060883578451891,.0003304125032873575,.000586478782032536
1706,-.001535227904915789,.0004090681589873912,.0003317932522495822,.0005156853083722691
1707,-.002695460263936185,.0004039135652815482,.0003735028520055986,.0003647319941723746
1708,-.002332996683743532,.0004245445662711446,.0002783338808342211,.0004929373955054054
1709,-.002681865132198492,.000419418761469496,.0003593523785976214,.0005292056405865771
1710,-.002495186478097317,.000449423246989077,.0003659957124194377,.0004940701954380261
1711,-.002031948791908525,.0004200158661779113,.0003052853427706267,.0004188641440226278
1712,-.002229201604425806,.0004101456717885226,.000332356503082333,.0005364050015315248
1713,-.003492083799720747,.0004624398510000627,.0003515887986842731,.0004207940669398003
1714,-.001809593443330328,.0004356596686358093,.0003656870173661476,.0003765174847761797
1715,-.00135408151685995,.0004294496458331106,.0003122893779094199,.0004191662094017056
1716,-.001923103323498084,.0004303377589945934,.0003348637014759943,.0005110646089925478
1717,-.0003845702628224607,.0004250336826926085,.0003547356791178367,.0004861037092149216
1718,-.001196355265995784,.0004257393557988804,.0004185755942676723,.0004094976332866467
1719,-.004153190213413818,.0004525820030623462,.0003181238939576619,.0004637532379243818
1720,-.002905607047799365,.0004265351321925247,.0003253799404457566,.0005277429198870088
1721,-.004094861264118148,.0004415769450634956,.0003898474247842333,.0003984034288302215
1722,-.002453221958450861,.0004498608500696722,.0003230734197907043,.0004031880385642513
1723,-.003062707574160994,.0004100146110499823,.0003882923490658911,.0004731746156863752
1724,-.002038390914638127,.0004082445569107338,.0003497633986932143,.0004078710217551497
1725,-.001440380263718115,.0004250995963048444,.0003922926803711754,.0004745508143797327
1726,-.001434712151702109,.0004605954926067157,.0003664901029653676,.0004845584875125566
1727,-.00234032480843569,.0004714112321049166,.000351471989111538,.0004510038734125903
1728,-.003462668376192546,.0004769345714859309,.0003914080482520392,.0004194503140125607
1729,-.003079027227011829,.0004017262479610652,.0003667080690128718,.0005544178634614229
1730,-.001229240474613884,.000418944084811059,.0004106739895092243,.0004948636372860808
1731,-.001938903981279957,.0005012219207264853,.0003732419526119467,.0004937643602533141
1732,-.002068124489528686,.0004545558901255767,.0003101698977137717,.0005605570454392906
1733,-.001890891619793865,.0004518479011084673,.0003583087259483239,.000536346079959005
1734,-.002189729582532086,.0004784754837692866,.0002935823087183076,.000495735950362205
1735,-.002197219023489261,.0004285841981841049,.0003146989996790949,.000613363241112206
1736,-.001311109183625798,.0004459393613788773,.0003610176049034598,.0004415033231778732
1737,-.001780293110957345,.0004541329573421819,.0003314011622262644,.0004705377636971973
1738,-.002899540418377794,.0004083086709821107,.0003823588367421569,.0005270230206677794
1739,-.002051346863751565,.0004823820256687536,.0003513329109018415,.000498570069390401
1740,-.001345198120827941,.0003945602038120795,.0004143753417120094,.0005253366137384124
1741,-.001829304214172884,.0004978128455039023,.0003913460599702411,.000441224278680648
1742,-.003119592315045877,.0004222840790657593,.0003930200481305912,.0004335862432470048
1743,-.002467382701965819,.0004181565390586795,.0003772987224890919,.0004569467395428806
1744,-.001616412483054896,.0004306613781946618,.0003333934968619001,.0004821398677424531
1745,-.002802525967648867,.0004639505684305786,.0003218098503061511,.0004517610769894578
1746,-.003581530048205359,.0003927387342541804,.0004007899690876547,.0004234651199411749
1747,-.00275584994657237,.0004539453618870642,.000350254316096185,.0004905101915666879
1748,-.001835755078718982,.000454288246551162,.0003655236682541389,.0004107448449010078
1749,-.003065263922697872,.0004597015594661878,.000358779352967664,.0004665432350944095
1750,-.002997767501132665,.000468106000303769,.000382208228373257,.0005136071227021655
1751,-.003279081214398991,.000453959884227272,.0003918283109686117,.0003739817117855235
1752,-.001911918247182708,.0004786827487570506,.0003865809235985891,.0005102698625310066
1753,-.002645208872973936,.0004888179560306338,.0003445574266781172,.0004540055842681152
1754,-.001563905092424461,.0004188290967463594,.0002964617932300557,.0005776200788977457
1755,-.003320730776144806,.000455503900557498,.0003324510228851223,.0004582721767513593
1756,-.003788626881272206,.0004438986744596199,.0003757011143155698,.0004492682936738817
1757,-.003319320232625252,.0004591220875284047,.0003188907075365489,.0005878435220616561
1758,-.00153504545354404,.0004776004030350502,.0003333939527810948,.0005724838540886309
1759,-.00182137095743315,.0004769812960108238,.0003263530268536285,.0006017986166591754
1760,-.001942827759086371,.0004077586401261992,.0003512123407988102,.0005240382447369205
1761,-.00222147846936643,.0004519953081286287,.0004188449752332623,.000488250677575857
1762,-.003293556129692861,.0003964142284124694,.0004088202426393517,.0004218589680377196
1763,-.001746656045668997,.0004534516201935099,.0003297374671183861,.0004699071152875028
1764,-.002281663385439976,.0004034293449904859,.0003612026412695573,.0004945069302598219
1765,-.001955899733497281,.000452874238489587,.0002981634725281794,.0005606423232095819
1766,-.002609798512636913,.0004364136711870094,.0003564235027607091,.0004653222723461662
1767,-.001578744953782777,.0004373006858442466,.0002967917412302933,.000484496898766009
1768,-.0006194876991214482,.0004781406790461678,.0003747597627705938,.0004344012981981498
1769,-.003242003699830722,.0004676866045378233,.0003696083386416313,.0003935460466483104
1770,-.001686502922061216,.0004368538410490676,.0003906419366313097,.0004263393020102644
1771,-.002620871805487462,.0004398737410417861,.0003886520041813635,.0003997436480214396
1772,-.001571896515340899,.0003999252388503459,.0003237602063758497,.00052911883067101
1773,-.0006000808124431878,.0003971738433523058,.0003616172765118314,.0005298312921779202
1774,-.001301505054310428,.0004512336445268318,.0003964179593923764,.0004521488743055579
1775,-.001639214974590141,.000438062487444694,.0003557981200218584,.000370791358891095
1776,-.003448139142452522,.0003886444364781819,.0003641684673601128,.0005715331049007952
1777,-.001166846402559991,.0004449111199510282,.0003487669270192571,.0003281705117278342
1778,-.002442721653188261,.0004260762755423682,.0003770393042624994,.0003970597565085625
1779,-.0009931927038413573,.0004661660161641965,.0003752999462958418,.0005115936616871237
1780,-.002316565696934633,.0004583954901935049,.0003808155725789779,.0004648853373561946
1781,-.0002447663275370387,.0004222343577871262,.0003508832724496799,.0005090719219217476
1782,-.001623536074991564,.0004346692828425667,.0003646675673933173,.0004655213848626822
1783,-.002657633780739299,.0004492656934286024,.0003505889146056052,.0004325281527222412
1784,-.00380506069537585,.0003995832742197886,.0003769644809446609,.0005023997567161166
1785,-.001108325549863071,.0004271915499724502,.0003942802028182852,.0004702518397400323
1786,-.001084680467686536,.0004559016902486035,.0003260549126705411,.0004991763429758468
1787,-.002366917843401042,.0004343588033309685,.0003461402577992437,.00051514179051408
1788,-.002355692660159039,.000442940757564818,.0003376633591420465,.0004818772534257811
1789,-.002624055823616073,.0004196668438437627,.0003537095974690463,.000528297238551217
1790,-.0008803501733472068,.0004605334098993389,.0003626235409358785,.0004382955633956786
1791,-.002530949985089304,.0004172655511935111,.0003982266202228527,.0004560977108242714
1792,-.002915443092392268,.0004382599363741724,.0004237873934783725,.0004365426853034003
1793,-.001925810559192406,.0004136015551101212,.0003473111522945983,.0005368588389538889
1794,-.002022070097712673,.000454256146275679,.0003544702468310932,.0003798305690060513
1795,-.002059535377802273,.0004081924371691686,.0003528478000008781,.0004025491191822091
1796,-.002858185449272591,.0004332370309704698,.0003695731928667365,.0005019105588020317
1797,-.002357784612064729,.0004934116240278139,.0003652225330750461,.0004807240534197635
1798,-.002300804480151831,.0004508389258824151,.0003722323681601503,.0005599609944778796
1799,-.002118183021412888,.000439637944250556,.0003595726677238781,.00046550486296846
1800,-.002874863887289024,.0004549054851339854,.0003876546925247615,.0005466573258500244
1801,-.001771451295046747,.0004848206892928062,.0003591492152998519,.0004063869806811719
1802,-.00341748098902479,.0004716300279397869,.0003283687687521988,.0004460162173583032
1803,-.002765155716829393,.0004609132450794611,.0003459037452615857,.000446831641375617
1804,-.0005319711585986178,.0004354884755212016,.0003583801736688502,.0005060786946270276
1805,-.002348345608887766,.0004599968408632677,.0003568531669792556,.0005549197351517202
1806,-.001891634981689088,.0004313590739078593,.0003541737307692494,.0004150830295249936
1807,-.0006886859357790919,.0004195182289938581,.0002970530816497466,.0003992247076640192
1808,-.00230980068166175,.00047072408896322,.000408675261610775,.0005457517591646688
1809,-.002486338906249405,.0004312975162416219,.0003402338773172794,.000315620723423341
1810,-.003500967603550225,.0004553815713067189,.0003546134603274685,.0004301625620901923
1811,-.00257697097193258,.0004365117195608848,.0003514982241270949,.0003900136097042566
1812,-.002055137564914398,.000458828716122576,.0003302185037099544,.0004703723726066151
1813,-.001867254112347916,.0004204315457324731,.000362913192394146,.0005554799040932587
1814,-.003116456849417477,.0004873292595070081,.0002927744314748307,.0004118721315543593
1815,-.001597219304649078,.0004043520669686578,.0003056829142111509,.0005154498333783957
1816,-.001901126676502468,.000443579239891843,.0003654921929523975,.0004076463654769576
1817,-.002341969771469752,.0004307311441588695,.0003876724934991459,.0004802475680607694
1818,-.002507603002767112,.0004579488796593021,.0003739985259086866,.0004187680805594072
1819,-.002547222608020196,.0004329390490654564,.0003597449869991147,.0004686066258287858
1820,-.002191866397292974,.00047688171425049,.0003432427591869384,.0004464222906856447
1821,-.00194981214236779,.0004399210294383463,.000346913925114319,.0004950820043468674
1822,-.001452921588014629,.0004046506014604702,.0003620635846441661,.0004576654372796276
1823,-.002793924377819583,.000490500283128833,.000324698397819561,.0004643842798145321
1824,-.001244526554874633,.0004639469286584129,.0003109805463171533,.0004570328144418365
1825,-.001676645447892925,.0004024424911560956,.000390941206183875,.0004007864415013153
1826,-.00190596152278909,.000463177931488956,.0003767478871933579,.0004908412465809471
1827,-.001644825253903102,.0004025627355366691,.0003553104697975518,.0005036633192863968
1828,-.002877268434262755,.0003993130481733435,.0003518639808122065,.0005473444422998968
1829,-.001667827596229994,.0004079411634736069,.0003699855160148136,.0004191760888564101
1830,-.0005252388495638922,.0004602454571120279,.0003549434635224771,.0005518271798055018
1831,-.003301163698480567,.0004179983336733051,.0003780332903566179,.0005494131824670753
1832,-.00297768277147802,.0004246768137177859,.0003934546210210431,.0004657812906669243
1833,-.001765211688062111,.0004852461688487185,.0003667476091496055,.0004959550153614402
1834,-.003477276580171653,.0004338521650049992,.0004049693109860104,.0004505281067357192
1835,-.002591436997226359,.0004487911782323336,.0003716392032574934,.0004512582487845351
1836,-.001146869888073219,.0004492364221301065,.0003480456806773455,.0005107233303329838
1837,-.001721341159089849,.0003734727357333279,.0003631797704812438,.0005518214833455635
1838,-.0027610838010903,.0004250023959440367,.0004046935527457905,.000492358518325902
1839,-.003239791774066516,.0004708819963489024,.0003178667571872809,.0004366842898166858
1840,-.002163117496645416,.0004253775336039075,.0003578960187423041,.0005209659547696572
1841,-.001481434839050205,.0004523707847741823,.0004242458999094666,.0004864508633513083
1842,-.0025587314937107,.0004368972478687918,.0003821078105216406,.0004766661182666937
1843,-.001896613477992427,.000418239635733398,.0004054960668179919,.0004922086268821156
1844,-.001373362962146205,.0004762400657498497,.0003981312139805117,.0003802921464827366
1845,-.002588143688488533,.0004341596650750998,.0003732977648537398,.0004659443615907392
1846,-.001447494180148349,.0004716134867638343,.0003418576041804003,.0004734781648880184
1847,-.002226696430907569,.0004539152389764696,.0003512141506166691,.0003908540271393962
1848,-.001797404326109083,.0004324820585796475,.0003709733670985857,.000419318154757175
1849,-.002666108939095839,.0004113578504725712,.0003184720397207874,.0004522459785598471
1850,-.002042286570644551,.0004705516829618729,.0003720068784407385,.0005150024100085632
1851,-.001778863136180708,.0004326365386925542,.0004024094335820407,.000557475416025986
1852,-.00327362660715784,.00043721728808078,.0003850348855782987,.0004641901887061096
1853,-.003016612977407246,.0004902762099795897,.000304130613893167,.000410363816055585
1854,-.002288642593612132,.0004487379723481366,.0003262010416372884,.0004977032719715415
1855,-.001392828583109307,.000444527397811219,.0003495967102615834,.0004895122645757706
1856,-.002046476926762437,.0004816207683467898,.0003526609700009155,.0005075395476907221
1857,-.00262799022298165,.0004163821356852894,.0003330728986883819,.0004613337550805813
1858,-.001114858140371613,.0004075969781873353,.0002625643113046229,.0005650827550336531
1859,-.002207310937990479,.0004045128146854738,.0004054544170194196,.0004076405735729704
1860,-.003676761663760044,.0004591868996497444,.000298059110780162,.0004042831491835593
1861,-.002014695571548821,.0004540477957345048,.0003817055646839359,.0004226480836456031
1862,-.002224256956610248,.000450460629183732,.000347298653118288,.0004346396582715283
1863,-.002803521391000663,.0003812995984597182,.0003266477481134984,.0004580428452850536
1864,-.002425101708323499,.0004251740601368394,.0003868708306567724,.0004419359866735423
1865,-.002875895004784332,.000528711479511481,.0003251529430570717,.0005364776967919231
1866,-.002322043662803265,.0004234109866554768,.0002935847863521764,.0005265723385401559
1867,-.003153202989313032,.0003758882343321393,.0003479341225589259,.0004729680187283715
1868,-.002787242028308645,.0004198107339175609,.0003579297633412521,.0005375189019302159
1869,-.001628774002071169,.0004426706138374988,.0003226040039691304,.0004958249249604526
1870,-.001024720109561273,.0004255483491356481,.0003675804020956198,.0004551826282868958
1871,-.00238642093539116,.0004116244613806046,.0003369339203906957,.0005076596418657931
1872,-.002762137769320885,.0004027448152386469,.0003426735514383139,.0004730818613392584
1873,-.003417689613228317,.0003765953126899312,.0003887935352305119,.0004940749450042189
1874,-.001147559455153196,.0004018723965195813,.0003692663146924329,.0005024520587305213
1875,-.003737920962274135,.0004739263935334687,.0003845865755160512,.0005383287739873629
1876,-.00318572146159601,.0004927450494651649,.0003324259749614926,.0004910813491187197
1877,-.001647905402730693,.0004348201306191582,.0003570864877250824,.0004472857986919811
1878,-.001300167249648322,.0004368718539020617,.000374592513182593,.0004469648593775418
1879,-.002223274740327202,.0004532664055557178,.0003371660481689109,.0003842212590962607
1880,-.001570726345126488,.0003969746198115671,.0004178866744035619,.0005163011847719064
1881,-.001593497240961023,.0004502053779930621,.0004332440880270023,.0005245511205107353
1882,-.001931272259040758,.0004496549816863468,.000349123315291374,.0004366271763464012
1883,-.002668777848925535,.0004635580811864755,.0003916145146566799,.0004709435772454245
1884,-.002517399511626809,.0004434496709510312,.0003442964157898335,.0004568921616419435
1885,-.001758054692069655,.0004826048706475946,.0003333753350606044,.0004002289352334217
1886,-.00239875689409106,.0004275444211569062,.0003440967090797419,.0004963671230590285
1887,-.00198888108504472,.0004311354965842803,.0003723373388158532,.0004589856820807514
1888,-.003076894498008529,.0003920022094739801,.0003384498196393833,.0004642000510516344
1889,-.003939207000237596,.0004692844061817392,.0003575556407353478,.0005566564017909393
1890,-.002456729433895113,.0004324893309363435,.000379011697518523,.0004835396881458994
1891,-.002139905299112167,.0004182002458378735,.0003723820714661867,.000454703526021994
1892,-.002592149013772895,.000407955184979671,.000382989190836415,.000586949608048173
1893,-.003447213067424585,.0004032774037976719,.0003405311567316324,.0005223151777867868
1894,-.001935298472034767,.0004272738025964018,.0003625156260131749,.0004655342511083486
1895,-.003751490033663558,.0004575789901078517,.0004151751153229384,.0005278743084813182
1896,-.001821859294692568,.0004554238137298839,.0003649026371005884,.0006121899068038921
1897,-.002900350937153397,.0004611862925851216,.0003619496108190529,.0004547291987854931
1898,-.001418939660837539,.0004379604301052178,.0003418274319419596,.0004667125048905333
1899,-.003005635235513702,.0004589212193976443,.0003337114750387852,.0004820928519909493
1900,-.002254952833657914,.0004752343856877621,.000319149856509402,.0004306067391286507
1901,-.003293933781547483,.0004590040742261374,.0003581963772601084,.0004735311992678687
1902,-.003399028969174076,.000479321726843978,.0004063164567189013,.0005728334092596659
1903,-.002877908563973209,.0004625590525161729,.0003704550982804871,.0004245070775206454
1904,-.001763777654857033,.000466862387451922,.0004195569530479075,.0004608809005729998
1905,-.002573772732697796,.0003910305546384425,.0003696814807022413,.0003620473173998654
1906,-.002455514914644993,.0004105739429858923,.0002911605314474506,.0004467709588027874
1907,-.003017647223009463,.000441162313276647,.0003491899708035185,.000512735385001795
1908,-.001809358782105853,.0004805433863551103,.0003726286788130436,.0004803116207518238
1909,-.002357625518036468,.0004344884865329195,.0003730688043651193,.0003867263047722538
1910,-.00319178293408075,.0004697006412888851,.0003285148212465424,.0005064661450693857
1911,-.002292109782500666,.0004248334000047667,.0003068880602921378,.0004745037135833388
1912,-.002167156557797731,.0004338107235650557,.0003431902694509453,.0004820605740755902
1913,-.003102861788966901,.0004352068629239057,.0003495457611049927,.0004992450074687267
1914,-.001576505055658379,.0004004838296756325,.0004319549278514291,.0004974731397224983
1915,-.002263845278540379,.0004563126376202391,.0003899633192130819,.0005015237953338615
1916,-.001824474112087948,.0004307411464951016,.0003482962073461829,.0005723865302644669
1917,-.001066748310594385,.0004794504255068671,.0003344085044575297,.0004237696267038474
1918,-.002703578022242976,.000471177666086551,.000328597218001595,.0005258920991235004
1919,-.001838544729687657,.000466023854062741,.0003664473098869577,.0005260149561476459
1920,-.001482839015715106,.0003859449065923606,.0003505705163880145,.0004208508497783722
1921,-.003917045118635578,.0004173434703953216,.0003226947318897359,.0004116324856537857
1922,-.001096820244102552,.0004112379471395851,.0003878432302670797,.0004547803307287038
1923,-.001158490656310546,.0004521766996936895,.0003480075069164756,.0004671257815427101
1924,-.002031368930476807,.0004419729332385447,.0003575312640907919,.0005126869984888691
1925,-.001869717069775323,.0004660700518522781,.0003725987761588398,.0005094807966263757
1926,-.0007934127337977325,.0004844459550697859,.0003870833084508284,.000514929591124775
1927,-.0007633609264247677,.0004294251972780533,.000381726482273302,.000540636294216338
1928,-.001581531168134031,.0004230573136766131,.0003650486582961377,.0004065026045873841
1929,-.0004149014198018403,.000501970235305494,.0003760036499065623,.0003242672439942249
1930,-.002968219437718265,.0004278397478363094,.0003306185172021044,.0004454300031412263
1931,-.001888690637513149,.0003961532878057402,.0004001027445712445,.0003914608997442225
1932,-.0020387288566579,.0003944537530739857,.0003475556495710349,.0004250925279560934
1933,-.002013265731002293,.0004314341879738378,.0003525567122193383,.0004449104618175324
1934,-.001372044206966852,.0004228266382791708,.0003923719194740604,.0004692160838631241
1935,-.002126537552445453,.0004324290165568119,.0003778855033724381,.0004300779910019426
1936,-.003451837581280186,.0004103359385580217,.0003935195712712494,.0004660489552156792
1937,-.001450498790273598,.0004485513981760948,.0003750428959649378,.0005075739151830893
1938,-.001756364734839468,.0003959850559375584,.0003259979358424396,.0004545661325836963
1939,-.003623442686701867,.0004554118121119031,.0003421124305602904,.000475368606284331
1940,-.001647820755076247,.0004707889374953781,.0003579509238321744,.0004804850201292424
1941,-.001797022841213897,.000453685423629722,.0003399301517947498,.0004628657446762209
1942,-.0005560201585522084,.0004241016692307594,.000403305854828368,.0004060066044788669
1943,-.004100187060900946,.0004622621578058719,.0003563792422513121,.0003714194677752766
1944,-.001982991026193764,.0004755410812906127,.0003583759949597298,.0005356315690273728
1945,-.001464842718785003,.000429624229308223,.0003338436944031729,.0004977609455926639
1946,-.00151685106604542,.0004187236233260489,.0003697170885329126,.000531616856841249
1947,-.001587210364939576,.0004737681185422557,.0003568736274722409,.0004150081565366183
1948,-.003155929364488367,.0004317552361363253,.0003882019359245533,.0005407732350317307
1949,-.0025730446363463,.0003791057384013969,.0003319763654978695,.0004783948867292636
1950,-.004233108761846465,.0005035729081550176,.0003730348597667945,.0004996616145715036
1951,-.002397469987827055,.0004218091442069839,.0004001226615092907,.0004665317009110624
1952,-.001768114067335519,.0004098905634202849,.0004138997207669917,.0004293354441642689
1953,-.0006237614893016359,.0004217205299191303,.0003765902560553174,.0004631164220403658
1954,-.002291478956541046,.0004256947034620001,.0003878228665850645,.0005209994444422514
1955,-.002386107549398871,.0003791707173501682,.0003627410338037701,.0005847574062116636
1956,-.00456577823638976,.0004748595092769027,.0003524841473554547,.0004360713354970657
1957,-.003285385411133449,.0004540437474009831,.0003503421201910962,.0003456656581041768
1958,-.002841759722798056,.0004684020006142153,.0003777222495251468,.0004690890118911585
1959,-.0007512226840356918,.0004277975503608828,.0003105542214776237,.0005071795633665623
1960,-.002837131064989593,.0004418058872623107,.0003378892312853535,.0004368617028561253
1961,-.002618363750171072,.000462403010429514,.0003268777952941305,.0004253575756769546
1962,-.001224329610494782,.0004475896344726452,.0004311248186862962,.0004866089021977539
1963,-.002380063088226645,.0004393463142424298,.0003699289320118276,.000500752898152495
1964,-.00327748281016756,.0004610745601736983,.00034367635494254,.0004275702533393047
1965,-.0008976002969216382,.0004115397227898181,.0003835503402842904,.0005648360458440419
1966,-.002054132750720236,.0004374249247883696,.0003842431628213277,.0005190497579000411
1967,-.0004300419785019005,.0004899809594012355,.0003011204695692041,.0004766207828608487
1968,-.002097640247610568,.0004214334372299347,.0003667317861701885,.0004743001878033658
1969,-.001698084586801144,.0004481545192648363,.0003529977949398372,.0005002671584754227
1970,-.001291937282029118,.0004512473003722815,.0003467349201957232,.0004286733667574772
1971,-.002642272456494777,.0004620948292889568,.0003882967581616149,.0004782774369592357
1972,-.002863062369682056,.0004498875433324542,.0003911407607583848,.0003937887366832131
1973,-.003124281805060272,.000454066058146962,.0003753176821044216,.0004667664083329465
1974,-.001251939240055606,.0004484869227932273,.0003288234514502957,.0004513735448014716
1975,-.002031458545934943,.000385610750541408,.0003275731608480823,.0005075085949669111
1976,-.002163046425513169,.00048669716176345,.0003891544146565921,.0005283226491277573
1977,-.002551350770929526,.0004549797611836579,.000361371289521884,.0003734988206760052
1978,-.001426892232276241,.0004174932113169901,.0003285981376001165,.0005267707413113141
1979,-.004194029049373327,.0004331524574828215,.0003170344860190558,.000428370166207012
1980,-.003459285563173087,.000479667122524958,.0003072887106910422,.0004496607003431673
1981,-.001325112846432977,.000424324898068542,.0003345134759057553,.000409308624554092
1982,-.002208390232528978,.0003934808032057903,.0003301433997055545,.0006237258775064566
1983,-.002781983569422936,.0004325453777267244,.0003969543488566619,.0005218544727058674
1984,-.002680820544435853,.00043097904380026,.0003781816577387334,.0004923811109670656
1985,-.001068567275065695,.0004514538794324186,.0003588100687304537,.000367154118719979
1986,-.003034880648953053,.0004339069466201118,.0003359139148462396,.0004636747151988596
1987,-.002634307880994574,.0004245922351735783,.0003560542353246016,.0004854078473257322
1988,-.002143876946814447,.000435478139797706,.0003462876379351133,.0004842456635765079
1989,-.002443995906555905,.0004459669175967712,.0003482762134316911,.0005488613364719242
1990,-.002636477264360969,.0004297984172389869,.0003452354639884916,.0005035021453268853
1991,-.002238690627062173,.0004119368568364242,.0003934603274579024,.0004327564481068126
1992,-.001476554064662098,.0004428049515361756,.0002734121676986363,.0003370179368177452
1993,-.002410702105311141,.0004128699405936746,.0003584317072041423,.00044340984740656
1994,-.002221702941539182,.0004668087560023775,.0003290273257134927,.000451419387793872
1995,-.001175765219718808,.0004410449063434232,.0003675307287715114,.0006048166885910428
1996,-.002564200230841019,.0004871751931750803,.0003651267233065214,.0004358611987163677
1997,-.002813710221365098,.00041508645662066,.0003978201328021222,.0004785786276892513
1998,-.002163004687949676,.0004363065192371148,.0003945219976511484,.0005558400741224762
1999,-.003368332212994361,.0003873770410266414,.0003335669951919988,.0004431578919828095
2000,-.00237162710529227,.0004316330855886003,.0003647567229258289,.0003854617885147463
