day,yr,mo,H1,H2,H3,H4,q1,q2,q3,q4,pm10,y0_all,y0_cvd,y0_resp,pop_exp,bindc
2015-01-01,2015,1,1.935692551964794,4.272195528348863,1.726440269887178,1.726895003808498,353,425,349,341,11.71738607465629,21.45161290322581,5.709677419354839,2.838709677419355,814769,0
2015-01-02,2015,1,6.193831811948255,2.857328835564186,.5321537240176027,1.467391542061078,354,400,333,305,14.32244670801867,21.45161290322581,5.709677419354839,2.838709677419355,814769,0
2015-01-03,2015,1,3.000454733921319,4.677098558060012,.3238109097826253,.3238109097826253,354,395,327,289,13.42934651866407,21.45161290322581,5.709677419354839,2.838709677419355,814769,0
2015-01-04,2015,1,1.402629360104552,0,4.935237818043474,6.337867178148027,354,387,318,278,19.46966521166767,21.45161290322581,5.709677419354839,2.838709677419355,814769,0
2015-01-05,2015,1,0,.9356925519647942,4.207433346392338,4.676189090217374,463,427,337,325,32.53533686146684,21.45161290322581,5.709677419354839,2.838709677419355,814769,0
2015-01-06,2015,1,2.87002090216563,2.403538827947191,3.467846275982397,3.935237818043475,525,560,418,351,32.29251523560258,21.45161290322581,5.709677419354839,2.838709677419355,814769,0
2015-01-07,2015,1,2.871385103929589,2.337867178148028,0,.4673915420610777,614,596,483,532,29.88621682772014,21.45161290322581,5.709677419354839,2.838709677419355,814769,0
2015-01-08,2015,1,3.337867178148027,3.935237818043475,6.207888080313658,4.805258720209105,666,662,604,636,25.32472037762526,21.45161290322581,5.709677419354839,2.838709677419355,814769,0
2015-01-09,2015,1,.06476218195652508,.06476218195652508,.5969159059741279,1.532608457938922,665,670,662,742,24.27174079442755,21.45161290322581,5.709677419354839,2.838709677419355,814769,0
2015-01-10,2015,1,.4673915420610777,.6616780879306529,2.338321912069346,6.546209992383004,665,671,660,730,15.85641936772155,21.45161290322581,5.709677419354839,2.838709677419355,814769,0
2015-01-11,2015,1,3.74049653825258,1.12952436391305,.5321537240176027,3.803894518445146,663,680,671,738,13.50449592120812,21.45161290322581,5.709677419354839,2.838709677419355,814769,0
2015-01-12,2015,1,2.936147285886113,4.74049653825258,.2590487278261003,.7264402698871779,603,670,675,747,19.33268471857147,21.45161290322581,5.709677419354839,2.838709677419355,814769,0
2015-01-13,2015,1,6.403084094025871,2.726895003808497,0,0,563,616,618,701,12.25133711261403,21.45161290322581,5.709677419354839,2.838709677419355,814769,0
2015-01-14,2015,1,0,4.208797548156296,1.324265643703945,2.258593993904781,563,611,594,648,15.83061167700466,21.45161290322581,5.709677419354839,2.838709677419355,814769,0
2015-01-15,2015,1,2.870930370008269,1.532153724017603,1.402629360104552,.9347830841221554,563,612,584,632,27.41119764500679,21.45161290322581,5.709677419354839,2.838709677419355,814769,0
2015-01-16,2015,1,1.402629360104552,1.467846275982397,6.207433346392338,4.805713454130425,582,612,578,618,28.74951955707614,21.45161290322581,5.709677419354839,2.838709677419355,814769,0
2015-01-17,2015,1,7.078818450321927,.1295243639130501,3.870020902165629,2.934783084122155,596,624,590,623,26.46193473500524,21.45161290322581,5.709677419354839,2.838709677419355,814769,0
2015-01-18,2015,1,1.12952436391305,1,5.401719892261914,1.662132821851973,595,627,600,631,15.92209101752071,21.45161290322581,5.709677419354839,2.838709677419355,814769,0
2015-01-19,2015,1,.4678462759823972,5.61097217433953,4.804803986287787,2.933873616279517,596,630,606,628,27.929295100659,21.45161290322581,5.709677419354839,2.838709677419355,814769,0
2015-01-20,2015,1,3.466936808139759,8.078818450321927,.4673915420610777,.4673915420610777,595,642,607,614,23.92426185111715,21.45161290322581,5.709677419354839,2.838709677419355,814769,0
2015-01-21,2015,1,6.403084094025872,1.12997909783437,.4678462759823972,0,595,642,621,632,17.99909053215736,21.45161290322581,5.709677419354839,2.838709677419355,814769,0
2015-01-22,2015,1,.9347830841221555,3.273559730112822,.06476218195652508,.06476218195652508,597,645,642,621,12.73913233648862,21.45161290322581,5.709677419354839,2.838709677419355,814769,0
2015-01-23,2015,1,0,4.208342814234977,3.531698990096284,2.596461172052809,596,648,606,612,21.01129668843016,21.45161290322581,5.709677419354839,2.838709677419355,814769,0
2015-01-24,2015,1,8.546209992383003,4.272650262270183,1.064762181956525,1.532608457938922,595,648,606,605,12.40169895941059,21.45161290322581,5.709677419354839,2.838709677419355,814769,0
2015-01-25,2015,1,3.402174626183234,7.547119460225645,.9211815496780726,2.790747717922384,595,648,607,604,12.41347131461339,21.45161290322581,5.709677419354839,2.838709677419355,814769,0
2015-01-26,2015,1,7.546664726304322,3.805258720209105,2.870930370008269,3.337867178148027,593,645,618,615,28.69193028185057,21.45161290322581,5.709677419354839,2.838709677419355,814769,0
2015-01-27,2015,1,3.741860740016538,1.467846275982397,2.064307448035206,.6616780879306529,592,648,624,635,29.73682749047469,21.45161290322581,5.709677419354839,2.838709677419355,814769,0
2015-01-28,2015,1,3.935692551964794,3.467391542061077,3.86956616824431,2.935237818043475,594,648,645,652,22.98000101425012,21.45161290322581,5.709677419354839,2.838709677419355,814769,0
2015-01-29,2015,1,1.87047563608695,1.403538827947191,.06476218195652508,.06476218195652508,594,666,659,653,24.08599135705289,21.45161290322581,5.709677419354839,2.838709677419355,814769,0
2015-01-30,2015,1,7.468301009903716,3.725985535965859,.4673915420610777,0,595,666,704,687,9.974182065727115,21.45161290322581,5.709677419354839,2.838709677419355,814769,0
2015-01-31,2015,1,3.467391542061077,5.000454733921319,1,2.402629360104553,596,672,732,721,6.519006923494839,21.45161290322581,5.709677419354839,2.838709677419355,814769,0
2015-02-01,2015,2,4.675734356296056,.7268950038084975,.4678462759823972,.4673915420610777,597,669,644,704,6.479142964412556,18.67857142857143,4.785714285714286,1.892857142857143,814769,0
2015-02-02,2015,2,.5969159059741279,1.935237818043475,5.33650297638407,5.337867178148028,598,660,632,684,17.63265608335721,18.67857142857143,4.785714285714286,1.892857142857143,814769,0
2015-02-03,2015,2,1.064762181956525,2.467391542061077,1.596461172052808,2.99954526607868,597,657,625,681,22.81152215909742,18.67857142857143,4.785714285714286,1.892857142857143,814769,0
2015-02-04,2015,2,4.207888080313658,3,1.531698990096283,2.466936808139758,598,654,619,677,25.45777977689872,18.67857142857143,4.785714285714286,1.892857142857143,814769,0
2015-02-05,2015,2,3.337867178148027,2.000909467842638,2.12906962999173,1.661678087930653,597,651,618,675,21.8300104933434,18.67857142857143,4.785714285714286,1.892857142857143,814769,0
2015-02-06,2015,2,2.935692551964794,3.467391542061077,1.999090532157361,3.869566168244311,597,651,617,680,22.27615412122326,18.67857142857143,4.785714285714286,1.892857142857143,814769,0
2015-02-07,2015,2,1.99954526607868,5.273104996191502,3.064307448035206,5.401265158340594,598,651,641,690,18.52848467623972,18.67857142857143,4.785714285714286,1.892857142857143,814769,0
2015-02-08,2015,2,6.078818450321926,1.532153724017603,2.804803986287785,0,598,657,673,729,14.5180974556522,18.67857142857143,4.785714285714286,1.892857142857143,814769,0
2015-02-09,2015,2,5.273559730112822,3.467391542061077,2.402629360104553,.5321537240176029,639,663,657,731,19.13624253672269,18.67857142857143,4.785714285714286,1.892857142857143,814769,0
2015-02-10,2015,2,1.870930370008269,1,4.467391542061077,3.532153724017602,669,719,704,751,28.87673907497527,18.67857142857143,4.785714285714286,1.892857142857143,814769,0
2015-02-11,2015,2,3.274014464034142,.4673915420610777,.06476218195652508,.06476218195652508,672,718,714,789,10.78661369266718,18.67857142857143,4.785714285714286,1.892857142857143,814769,0
2015-02-12,2015,2,4.661678087930652,3.467846275982397,2.726440269887178,1.323810909782625,672,718,715,774,15.08875093698813,18.67857142857143,4.785714285714286,1.892857142857143,814769,0
2015-02-13,2015,2,.4678462759823971,2.338321912069346,5.063852714113885,1.323356175861306,740,713,697,765,23.61814508107048,18.67857142857143,4.785714285714286,1.892857142857143,814769,0
2015-02-14,2015,2,3.741406006095219,1.934783084122156,5.00045473392132,4.064307448035206,783,812,769,792,15.90621581347003,18.67857142857143,4.785714285714286,1.892857142857143,814769,0
2015-02-15,2015,2,1.402174626183234,2.87047563608695,1.467391542061078,1.934328350200836,785,812,813,833,15.30884517357459,18.67857142857143,4.785714285714286,1.892857142857143,814769,0
2015-02-16,2015,2,1.402629360104553,.9352378180434749,1,2.87047563608695,785,803,797,856,19.73728222439602,18.67857142857143,4.785714285714286,1.892857142857143,814769,0
2015-02-17,2015,2,8.610517440418212,4.791657185765023,0,0,787,772,781,857,14.86361276156452,18.67857142857143,4.785714285714286,1.892857142857143,814769,0
2015-02-18,2015,2,5.676643824138694,1.129069629991731,1.064307448035205,.5969159059741278,788,758,764,846,20.24696110769538,18.67857142857143,4.785714285714286,1.892857142857143,814769,0
2015-02-19,2015,2,4.273559730112821,5.273559730112821,4.870475636086949,1.597370639895447,787,755,756,838,23.47410971487071,18.67857142857143,4.785714285714286,1.892857142857143,814769,0
2015-02-20,2015,2,0,2.338321912069346,4.12952436391305,6.935237818043474,787,755,761,831,33.08098928391837,18.67857142857143,4.785714285714286,1.892857142857143,814769,0
2015-02-21,2015,2,1.467391542061078,.6621328218519723,2.194741279790894,4.064307448035205,786,751,764,832,22.43655060180235,18.67857142857143,4.785714285714286,1.892857142857143,814769,0
2015-02-22,2015,2,2.870475636086949,3.338321912069347,.06476218195652507,.06476218195652507,789,755,762,852,24.12108043528251,18.67857142857143,4.785714285714286,1.892857142857143,814769,0
2015-02-23,2015,2,6.144035366199772,4.337412444226708,.1295243639130501,.1295243639130501,788,763,749,838,17.55474710087792,18.67857142857143,4.785714285714286,1.892857142857143,814769,0
2015-02-24,2015,2,2.338321912069346,2.87002090216563,1.467391542061078,.5326084579389222,791,765,749,825,17.8273973631481,18.67857142857143,4.785714285714286,1.892857142857143,814769,0
2015-02-25,2015,2,6.675279622374736,1.12952436391305,.5969159059741279,1.064762181956525,670,775,784,849,20.4111976450068,18.67857142857143,4.785714285714286,1.892857142857143,814769,0
2015-02-26,2015,2,1.064307448035205,1.935692551964794,2.804349252366466,.4673915420610777,541,639,649,783,15.32014186200474,18.67857142857143,4.785714285714286,1.892857142857143,814769,0
2015-02-27,2015,2,11.86956616824431,2.583769105451364,1.467391542061078,.9995452660786804,544,600,491,610,9.543450412447759,18.67857142857143,4.785714285714286,1.892857142857143,814769,0
2015-02-28,2015,2,6.582404903687405,3.049796445748484,2.936602019807432,.5973706398954473,544,622,468,524,8.726895003808496,18.67857142857143,4.785714285714286,1.892857142857143,814769,0
2015-03-01,2015,3,.4678462759823971,.9995452660786804,1.193831811948256,1.661223354009334,546,622,500,617,12.86909050147167,17.93548387096774,4.645161290322581,2.064516129032258,814769,0
2015-03-02,2015,3,3.001364201763958,.2590487278261003,.9352378180434748,1.402629360104552,712,626,483,572,17.91796723582151,17.93548387096774,4.645161290322581,2.064516129032258,814769,0
2015-03-03,2015,3,.5321537240176027,.06476218195652507,5.272650262270182,2.467846275982397,828,776,648,667,5.75133849276142,17.93548387096774,4.645161290322581,2.064516129032258,814769,0
2015-03-04,2015,3,3.129069629991731,6.740951272173899,.2590487278261003,1.193831811948256,820,793,702,864,10.77623671563566,17.93548387096774,4.645161290322581,2.064516129032258,814769,0
2015-03-05,2015,3,7.935692551964793,4.12952436391305,.1942865458695752,.6616780879306529,812,782,669,845,8.621814128848369,17.93548387096774,4.645161290322581,2.064516129032258,814769,0
2015-03-06,2015,3,0,0,.4673915420610777,0,812,780,655,834,19.44875675807515,17.93548387096774,4.645161290322581,2.064516129032258,814769,0
2015-03-07,2015,3,0,0,1.403084094025872,3.273104996191503,808,785,648,798,21.65983866513337,17.93548387096774,4.645161290322581,2.064516129032258,814769,0
2015-03-08,2015,3,4.741406006095218,3.739587070409941,2.194741279790894,1.259503461747419,804,781,667,828,14.99678568614344,17.93548387096774,4.645161290322581,2.064516129032258,814769,0
2015-03-09,2015,3,5.208342814234977,.5326084579389222,.1942865458695752,.1942865458695752,735,766,643,842,21.13991158450057,17.93548387096774,4.645161290322581,2.064516129032258,814769,0
2015-03-10,2015,3,3.403538827947192,5.207888080313658,.8559646338002282,.3885730917391504,694,690,576,730,20.22911725541002,17.93548387096774,4.645161290322581,2.064516129032258,814769,0
2015-03-11,2015,3,2.403993561868511,3.531244256174963,5.806168188051744,5.805713454130424,694,690,553,676,22.29433417128786,17.93548387096774,4.645161290322581,2.064516129032258,814769,0
2015-03-12,2015,3,0,4.675734356296055,4.064307448035205,3.596915905974127,650,700,555,694,31.76036151158498,17.93548387096774,4.645161290322581,2.064516129032258,814769,0
2015-03-13,2015,3,.5969159059741278,2.467391542061077,.06476218195652507,.06476218195652507,648,710,577,664,28.04154888235008,17.93548387096774,4.645161290322581,2.064516129032258,814769,0
2015-03-14,2015,3,9.078818450321926,3.000454733921319,.06476218195652507,.06476218195652507,655,710,585,696,10.58240490368741,17.93548387096774,4.645161290322581,2.064516129032258,814769,0
2015-03-15,2015,3,.4678462759823971,3.272650262270183,7.209252282077615,7.208342814234976,652,710,614,734,14.0502511796698,17.93548387096774,4.645161290322581,2.064516129032258,814769,0
2015-03-16,2015,3,.4678462759823971,2.063852714113886,4.467391542061077,3.532153724017602,802,720,605,745,22.8273973631481,17.93548387096774,4.645161290322581,2.064516129032258,814769,0
2015-03-17,2015,3,1.402629360104552,1.466936808139758,1.532153724017603,1.064762181956525,910,910,820,850,47.8857309173915,17.93548387096774,4.645161290322581,2.064516129032258,814769,0
2015-03-18,2015,3,.4678462759823971,1.934783084122155,4.532608457938922,3.129979097834369,910,920,908,974,20.68612157688357,17.93548387096774,4.645161290322581,2.064516129032258,814769,0
2015-03-19,2015,3,.4673915420610777,0,1.870930370008269,7.4819025443478,911,930,939,994,8.688405490046177,17.93548387096774,4.645161290322581,2.064516129032258,814769,0
2015-03-20,2015,3,4.805258720209105,4.466936808139757,0,0,1360,1010,1010,1030,8.999090532157361,17.93548387096774,4.645161290322581,2.064516129032258,814769,0
2015-03-21,2015,3,1.870930370008269,2.934328350200836,1.38857309173915,.4533352736956755,1760,1640,1600,1520,9.190617498091692,17.93548387096774,4.645161290322581,2.064516129032258,814769,0
2015-03-22,2015,3,0,.9352378180434749,5.272195528348864,3.869566168244312,1760,1720,1660,1680,10.36322013494359,17.93548387096774,4.645161290322581,2.064516129032258,814769,0
2015-03-23,2015,3,0,0,2.99954526607868,4.402174626183233,1750,1860,1700,1700,27.68254738912919,17.93548387096774,4.645161290322581,2.064516129032258,814769,0
2015-03-24,2015,3,3.740951272173899,2.87002090216563,1.596915905974128,1.12952436391305,1750,1870,1750,1690,29.68254738912918,17.93548387096774,4.645161290322581,2.064516129032258,814769,0
2015-03-25,2015,3,6.209252282077617,3.726895003808498,.5321537240176029,.9995452660786805,1770,1860,1720,1640,37.55067587417668,17.93548387096774,4.645161290322581,2.064516129032258,814769,0
2015-03-26,2015,3,2.934328350200836,1.065216915877845,2.87002090216563,1.934783084122156,1780,1820,1720,1640,15.02444348895292,17.93548387096774,4.645161290322581,2.064516129032258,814769,0
2015-03-27,2015,3,.5321537240176027,8.417595096312592,2.662132821851972,3.12906962999173,1650,1800,1730,1680,19.13718318097265,17.93548387096774,4.645161290322581,2.064516129032258,814769,0
2015-03-28,2015,3,2.337867178148028,1.870930370008269,5.338321912069347,8.610517440418212,1550,1660,1550,1540,12.15351311894466,17.93548387096774,4.645161290322581,2.064516129032258,814769,0
2015-03-29,2015,3,.5326084579389222,0,4.805713454130425,5.273104996191502,1540,1650,1530,1470,28.76078506909897,17.93548387096774,4.645161290322581,2.064516129032258,814769,0
2015-03-30,2015,3,4.468755743825036,1.532153724017603,3.805713454130425,3.805258720209105,1540,1710,1520,1480,35.80158967243123,17.93548387096774,4.645161290322581,2.064516129032258,814769,0
2015-03-31,2015,3,1.87047563608695,4.675734356296055,2.919817347914114,1.050251179669803,1670,1710,1500,1460,20.41164168963279,17.93548387096774,4.645161290322581,2.064516129032258,814769,0
2015-04-01,2015,4,.4673915420610777,0,1.855964633800228,3.2590487278261,1790,1870,1740,1640,29.22547938403946,18.3,5.566666666666666,1.735849056603773,814769,0
2015-04-02,2015,4,0,0,3.532608457938922,5.870475636086949,1790,1840,1760,1680,47.49264166284648,18.3,5.566666666666666,1.735849056603773,814769,0
2015-04-03,2015,4,3.337412444226707,4.936147285886113,1.12997909783437,1.597370639895447,1680,1810,1810,1680,29.45193989552439,18.3,5.566666666666666,1.735849056603773,814769,0
2015-04-04,2015,4,3,.5973706398954474,.4678462759823972,1.870930370008269,1580,1650,1620,1540,39.30744979540331,18.3,5.566666666666666,1.735849056603773,814769,0
2015-04-05,2015,4,0,0,7.402629360104553,2.726440269887179,1580,1540,1580,1440,23.54390514636908,18.3,5.566666666666666,1.735849056603773,814769,0
2015-04-06,2015,4,0,0,9.013146800522764,3.402174626183232,1250,1500,1550,1480,22.6684167478523,18.3,5.566666666666666,1.735849056603773,814769,0
2015-04-07,2015,4,0,0,7.078363716400608,6.144035366199772,1030,1120,1050,1110,23.65709957231013,18.3,5.566666666666666,1.735849056603773,814769,0
2015-04-08,2015,4,0,.9352378180434748,6.86956616824431,4.064762181956525,993,1110,960,921,46.45414190552815,18.3,5.566666666666666,1.735849056603773,814769,0
2015-04-09,2015,4,4.741406006095218,4.531698990096284,2.064762181956525,2.531698990096283,906,1060,944,920,21.4895613614074,18.3,5.566666666666666,1.735849056603773,814769,0
2015-04-10,2015,4,2.402629360104553,1.869566168244311,1.000454733921319,1.468301009903717,815,930,736,757,42.52390616061921,18.3,5.566666666666666,1.735849056603773,814769,0
2015-04-11,2015,4,.5326084579389222,.06476218195652507,8.482357278269118,7.545300524540365,770,840,680,689,32.16529571770345,18.3,5.566666666666666,1.735849056603773,814769,0
2015-04-12,2015,4,3.870475636086949,2.194286545869575,2.466936808139758,3.870020902165629,770,840,633,611,22.50542587616276,18.3,5.566666666666666,1.735849056603773,814769,0
2015-04-13,2015,4,.9356925519647944,.9356925519647944,.9347830841221555,2.337412444226708,768,840,636,612,22.19016276417037,18.3,5.566666666666666,1.735849056603773,814769,0
2015-04-14,2015,4,1,1.402629360104552,5.338776645990666,6.741860740016537,759,850,634,600,26.67070110675421,18.3,5.566666666666666,1.735849056603773,814769,0
2015-04-15,2015,4,0,.4678462759823971,3.805713454130425,3.805713454130425,746,850,583,558,23.68518093263361,18.3,5.566666666666666,1.735849056603773,814769,0
2015-04-16,2015,4,1.467846275982397,2.532608457938922,2.532153724017603,2.063852714113886,744,860,610,567,24.53033478833232,18.3,5.566666666666666,1.735849056603773,814769,0
2015-04-17,2015,4,2,1.726440269887178,4.338776645990666,4.338321912069347,744,840,581,524,15.32244670801867,18.3,5.566666666666666,1.735849056603773,814769,0
2015-04-18,2015,4,6.207433346392338,6.741406006095219,.4678462759823971,1.87047563608695,742,840,610,565,13.9578516820158,18.3,5.566666666666666,1.735849056603773,814769,0
2015-04-19,2015,4,4.273559730112821,2.403084094025872,2.337867178148028,4.208342814234976,738,825,627,570,11.49319923277796,18.3,5.566666666666666,1.735849056603773,814769,0
2015-04-20,2015,4,.6621328218519723,3.403084094025872,3.338321912069347,3.337867178148027,737,840,619,571,22.54163147676248,18.3,5.566666666666666,1.735849056603773,814769,0
2015-04-21,2015,4,1.403084094025872,.9995452660786805,6.740041804331262,2.533063191860242,739,840,611,551,24.20376429861446,18.3,5.566666666666666,1.735849056603773,814769,0
2015-04-22,2015,4,.9352378180434749,2.338321912069347,4.403084094025872,6.273559730112822,743,830,585,528,21.16435507345349,18.3,5.566666666666666,1.735849056603773,814769,0
2015-04-23,2015,4,0,.9347830841221554,3.531698990096283,5.402629360104552,745,830,568,513,29.42158486559431,18.3,5.566666666666666,1.735849056603773,814769,0
2015-04-24,2015,4,1.403084094025872,.9352378180434749,.5969159059741279,2.935237818043475,764,810,556,502,15.7527133838207,18.3,5.566666666666666,1.735849056603773,814769,0
2015-04-25,2015,4,0,0,8.480993076505161,6.143580632278452,766,800,567,537,11.24939222153908,18.3,5.566666666666666,1.735849056603773,814769,0
2015-04-26,2015,4,1.49975688861563,4.500243111384369,4.00048622276874,4.00048622276874,775,850,661,571,6.49975688861563,18.3,5.566666666666666,1.735849056603773,814769,0
2015-04-27,2015,4,3.49975688861563,1.50024311138437,1,1,742,860,680,668,8.998541331693779,18.3,5.566666666666666,1.735849056603773,814769,0
2015-04-28,2015,4,.4673915420610777,1.403538827947191,4.999090532157362,1.726440269887178,717,780,648,630,12.86911143432299,18.3,5.566666666666666,1.735849056603773,814769,0
2015-04-29,2015,4,0,.06476218195652507,2.726440269887178,3.194286545869575,719,790,620,551,18.83015694308335,18.3,5.566666666666666,1.735849056603773,814769,0
2015-04-30,2015,4,0,1.87047563608695,2.726895003808497,3.193831811948256,717,780,584,511,13.30793570573195,18.3,5.566666666666666,1.735849056603773,814769,0
2015-05-01,2015,5,2.337412444226708,1.935237818043474,2.258593993904781,1.323810909782625,716,780,578,487,22.13718318097265,16.45161290322581,3.903225806451613,1.530533576790424,814769,0
2015-05-02,2015,5,.1295243639130501,0,2.467391542061077,2.467846275982397,717,780,575,489,23.91663421046487,16.45161290322581,3.903225806451613,1.530533576790424,814769,0
2015-05-03,2015,5,1.531698990096283,1.532608457938922,2.596461172052809,1.194286545869575,718,770,566,472,12.0643074480352,16.45161290322581,3.903225806451613,1.530533576790424,814769,0
2015-05-04,2015,5,.1295243639130502,2.402629360104553,1.596915905974128,2.064762181956525,752,892,636,531,15.76448529328418,16.45161290322581,3.903225806451613,1.530533576790424,814769,0
2015-05-05,2015,5,0,.9352378180434749,4.337412444226708,4.805258720209107,778,880,819,795,8.531244256174965,16.45161290322581,3.903225806451613,1.530533576790424,814769,0
2015-05-06,2015,5,.4673915420610777,1.934783084122156,7.61097217433953,3.870930370008268,1050,890,619,548,12.98457952987064,16.45161290322581,3.903225806451613,1.530533576790424,814769,0
2015-05-07,2015,5,.4678462759823972,1,5.208797548156297,6.611881642182169,1290,1240,977,810,14.77623671563566,16.45161290322581,3.903225806451613,1.530533576790424,814769,0
2015-05-08,2015,5,0,0,1.870020902165631,2.338321912069347,1290,1220,1040,973,30.70459117204469,16.45161290322581,3.903225806451613,1.530533576790424,814769,0
2015-05-09,2015,5,2.337867178148028,1.402629360104553,1.791202451843703,2.726440269887179,1160,1200,1010,930,21.71332464577174,16.45161290322581,3.903225806451613,1.530533576790424,814769,0
2015-05-10,2015,5,.9352378180434749,5.143580632278453,.7912024518437032,1.258593993904781,1060,1050,885,837,6.532608457938922,16.45161290322581,3.903225806451613,1.530533576790424,814769,0
2015-05-11,2015,5,2.805713454130424,2.870475636086949,1.597370639895447,2.064762181956525,1070,1050,846,772,14.13945685057925,16.45161290322581,3.903225806451613,1.530533576790424,814769,0
2015-05-12,2015,5,.1295243639130501,.9347830841221554,0,.4673915420610777,1070,1050,817,729,23.1765719190216,16.45161290322581,3.903225806451613,1.530533576790424,814769,0
2015-05-13,2015,5,0,2.337412444226708,1.467391542061078,3.337867178148027,1030,1130,921,823,12.53169899009628,16.45161290322581,3.903225806451613,1.530533576790424,814769,0
2015-05-14,2015,5,.9352378180434749,.9995452660786805,0,0,898,1040,836,819,18.65755430623145,16.45161290322581,3.903225806451613,1.530533576790424,814769,0
2015-05-15,2015,5,.4673915420610777,.06476218195652507,1,1.934328350200836,844,980,759,718,14.39805084448403,16.45161290322581,3.903225806451613,1.530533576790424,814769,0
2015-05-16,2015,5,1.064762181956525,5.676189090217374,4,1.662132821851972,912,1010,867,822,5.791657185765021,16.45161290322581,3.903225806451613,1.530533576790424,814769,0
2015-05-17,2015,5,0,.4673915420610777,5.143580632278453,5.610517440418211,1160,1060,882,853,5.596915905974129,16.45161290322581,3.903225806451613,1.530533576790424,814769,0
2015-05-18,2015,5,2.12952436391305,1.064762181956525,.7268950038084975,.7268950038084975,1290,1260,1070,988,19.41788464140911,16.45161290322581,3.903225806451613,1.530533576790424,814769,0
2015-05-19,2015,5,3.661678087930653,1.000454733921319,.9356925519647944,1.870020902165631,1320,1360,1240,1190,11.02489822287424,16.45161290322581,3.903225806451613,1.530533576790424,814769,0
2015-05-20,2015,5,2.87093037000827,1.934783084122156,2.467846275982397,2.935237818043475,1890,1470,1340,1290,16.10050235933961,16.45161290322581,3.903225806451613,1.530533576790424,814769,0
2015-05-21,2015,5,3.403084094025872,1,0,0,2650,2370,2030,1710,10.34825439873555,16.45161290322581,3.903225806451613,1.530533576790424,814769,0
2015-05-22,2015,5,2.402629360104553,.4673915420610777,3.273104996191503,2.337867178148028,3160,2780,2470,2280,12.67252004243949,16.45161290322581,3.903225806451613,1.530533576790424,814769,0
2015-05-23,2015,5,2.402629360104553,.5326084579389223,2.193831811948256,1.258593993904781,3380,2870,2710,2680,13.19428654586957,16.45161290322581,3.903225806451613,1.530533576790424,814769,0
2015-05-24,2015,5,3.065216915877845,3.726895003808498,1.467391542061078,1.467391542061078,3360,2940,2690,2790,11.25950346174742,16.45161290322581,3.903225806451613,1.530533576790424,814769,0
2015-05-25,2015,5,.9352378180434749,4.675734356296056,.7912024518437032,1.726440269887178,3300,2990,2810,2760,7.701087313091617,16.45161290322581,3.903225806451613,1.530533576790424,814769,0
2015-05-26,2015,5,0,3.634905221741625,4.87830174058054,3.121698259419458,3140,3010,2870,2770,9.560849129709728,16.45161290322581,3.903225806451613,1.530533576790424,814769,0
2015-05-27,2015,5,1.467846275982397,4.273104996191502,1.999545266078681,.5973706398954474,2880,2790,2840,2570,15.00947775274488,16.45161290322581,3.903225806451613,1.530533576790424,814769,0
2015-05-28,2015,5,.06476218195652507,1.935237818043474,5.532608457938921,4.597370639895447,2600,2310,2540,2230,18.81382700511135,16.45161290322581,3.903225806451613,1.530533576790424,814769,0
2015-05-29,2015,5,7.675734356296054,4.402629360104552,.5326084579389222,.06476218195652507,2320,1810,2290,1900,17.71011033191518,16.45161290322581,3.903225806451613,1.530533576790424,814769,0
2015-05-30,2015,5,3.272650262270183,2.869566168244311,2.467846275982397,1.532608457938922,2060,1540,1980,1590,10.15487732070861,16.45161290322581,3.903225806451613,1.530533576790424,814769,0
2015-05-31,2015,5,2.12906962999173,2,3.597825373816766,4.532608457938922,1960,1400,1730,1330,11.59691590597413,16.45161290322581,3.903225806451613,1.530533576790424,814769,0
2015-06-01,2015,6,.4673915420610777,1.467846275982397,5.660313886166694,3.791202451843703,1890,1280,1670,1260,27.74815535531218,17.96666666666667,4.166666666666667,1.928721174004193,814769,0
2015-06-02,2015,6,.4678462759823971,0,8.870475636086949,7.467391542061078,1730,1190,1500,1180,27.51309538251768,17.96666666666667,4.166666666666667,1.928721174004193,814769,0
2015-06-03,2015,6,1.403084094025872,1.869566168244311,3,2.064762181956525,1660,1160,1270,1030,22.79977073674594,17.96666666666667,4.166666666666667,1.928721174004193,814769,0
2015-06-04,2015,6,0,.4678462759823972,4.740951272173899,3.338321912069347,1670,1120,1250,972,23.12403638044989,17.96666666666667,4.166666666666667,1.928721174004193,814769,0
2015-06-05,2015,6,3.596461172052808,2.468301009903716,.5969159059741278,.5969159059741278,1610,1110,1210,946,21.60639365871901,17.96666666666667,4.166666666666667,1.928721174004193,814769,0
2015-06-06,2015,6,2.597370639895447,1.532153724017603,2.87093037000827,7.547574194146964,1580,1100,1140,906,23.76312109152023,17.96666666666667,4.166666666666667,1.928721174004193,814769,0
2015-06-07,2015,6,6.676189090217375,3.662587555773292,2.806168188051744,1.403084094025872,1590,1070,1130,854,11.85641936772155,17.96666666666667,4.166666666666667,1.928721174004193,814769,0
2015-06-08,2015,6,1.999545266078681,9.417140362391276,.5326084579389223,.5326084579389223,1590,1140,1180,919,19.66076862008802,17.96666666666667,4.166666666666667,1.928721174004193,814769,0
2015-06-09,2015,6,.4678462759823971,.4673915420610777,2.403538827947191,4.741406006095218,1580,1180,1130,882,16.81610067471794,17.96666666666667,4.166666666666667,1.928721174004193,814769,0
2015-06-10,2015,6,2.935237818043475,2.064762181956525,3.935692551964795,4.402629360104553,1950,1230,1140,876,12.62135939492705,17.96666666666667,4.166666666666667,1.928721174004193,814769,0
2015-06-11,2015,6,2.065216915877845,1.661678087930653,3.467391542061077,.661678087930653,2550,1790,1640,1210,21.52988005441101,17.96666666666667,4.166666666666667,1.928721174004193,814769,0
2015-06-12,2015,6,1.467391542061078,5.207888080313658,1.38902782566047,1.388573091739151,2710,2240,2020,1670,13.28212801501506,17.96666666666667,4.166666666666667,1.928721174004193,814769,0
2015-06-13,2015,6,1.532608457938922,.1295243639130501,1.467846275982397,3.805713454130425,2560,2180,2090,1870,10.66167808793065,17.96666666666667,4.166666666666667,1.928721174004193,814769,0
2015-06-14,2015,6,2.337867178148028,7.48144781042648,2.791657185765022,1.388573091739151,2680,2090,2020,1780,5.323810909782625,17.96666666666667,4.166666666666667,1.928721174004193,814769,0
2015-06-15,2015,6,2.468301009903716,.5973706398954474,2.338321912069347,.9356925519647944,2830,2590,2240,1920,14.9259439079681,17.96666666666667,4.166666666666667,1.928721174004193,814769,0
2015-06-16,2015,6,.06476218195652507,2.87002090216563,.4533352736956755,1.388118357817831,2700,2690,2410,2150,20.12169825941946,17.96666666666667,4.166666666666667,1.928721174004193,814769,0
2015-06-17,2015,6,3.740951272173899,4.467391542061077,1.064307448035205,1.064762181956525,2600,2480,2230,2160,14.64625761780129,17.96666666666667,4.166666666666667,1.928721174004193,814769,0
2015-06-18,2015,6,2.935692551964794,3.933873616279516,1.194741279790895,1.194286545869575,2600,2430,2220,2140,17.05972893241468,17.96666666666667,4.166666666666667,1.928721174004193,814769,0
2015-06-19,2015,6,0,0,0,0,2490,2330,2120,2080,20.14036631842189,17.96666666666667,4.166666666666667,1.928721174004193,814769,0
2015-06-20,2015,6,1.402629360104552,1.402629360104552,.1295243639130501,.1295243639130501,2350,2150,2030,2010,23.67388424420345,17.96666666666667,4.166666666666667,1.928721174004193,814769,0
2015-06-21,2015,6,.9352378180434749,1.870930370008269,6.338321912069347,6.805713454130425,2170,1980,1910,1910,21.98639846555592,17.96666666666667,4.166666666666667,1.928721174004193,814769,0
2015-06-22,2015,6,1.87002090216563,2.402629360104553,2.99954526607868,1.597370639895447,2000,1850,1730,1720,30.29433417128786,17.96666666666667,4.166666666666667,1.928721174004193,814769,0
2015-06-23,2015,6,1.532153724017603,.4673915420610777,.5326084579389222,2.869566168244311,1790,1670,1550,1490,32.25583441396953,17.96666666666667,4.166666666666667,1.928721174004193,814769,0
2015-06-24,2015,6,.5321537240176029,2.87047563608695,3.402629360104553,1.532608457938922,1590,1470,1400,1260,43.11546809554765,17.96666666666667,4.166666666666667,1.928721174004193,814769,0
2015-06-25,2015,6,1.402629360104552,2.870930370008269,2.12906962999173,.7264402698871779,1440,1230,1200,1140,32.63083714767193,17.96666666666667,4.166666666666667,1.928721174004193,814769,0
2015-06-26,2015,6,2.934783084122155,1.934783084122155,1.467846275982397,.06476218195652507,1380,1180,1050,1020,22.55338289911396,17.96666666666667,4.166666666666667,1.928721174004193,814769,0
2015-06-27,2015,6,2,1.064762181956525,2.338776645990666,3.27446919795546,1380,1400,1080,948,18.19337707802693,17.96666666666667,4.166666666666667,1.928721174004193,814769,0
2015-06-28,2015,6,5.935237818043474,6.337412444226707,.8564193677215475,.3885730917391504,1380,1540,1410,1270,9.428437050821433,17.96666666666667,4.166666666666667,1.928721174004193,814769,0
2015-06-29,2015,6,3.402174626183234,6.338776645990666,.2590487278261003,.2590487278261003,1380,1250,1190,1090,15.11410389378369,17.96666666666667,4.166666666666667,1.928721174004193,814769,0
2015-06-30,2015,6,2.532153724017603,4.467846275982397,2.99954526607868,2.064307448035205,1390,1260,1100,986,23.25768452606214,17.96666666666667,4.166666666666667,1.928721174004193,814769,0
2015-07-01,2015,7,1.193831811948256,.06476218195652507,4.209707015998935,6.546209992383004,1290,1210,1060,931,23.14127578626453,16.51612903225806,4.483870967741935,1.269222966118888,814769,0
2015-07-02,2015,7,6.337867178148027,4.935237818043475,.1295243639130502,.1295243639130502,1220,1060,968,843,19.94471557078836,16.51612903225806,4.483870967741935,1.269222966118888,814769,0
2015-07-03,2015,7,2.064307448035206,1.935692551964794,1.532608457938922,1.064307448035205,1220,1060,902,720,11.79211191968634,16.51612903225806,4.483870967741935,1.269222966118888,814769,0
2015-07-04,2015,7,.9347830841221554,1.468301009903716,3,3.935237818043475,1220,1050,917,729,14.2993674208297,16.51612903225806,4.483870967741935,1.269222966118888,814769,0
2015-07-05,2015,7,0,1.402629360104552,3.12906962999173,1.2590487278261,1240,1080,940,728,8.831975878768624,16.51612903225806,4.483870967741935,1.269222966118888,814769,0
2015-07-06,2015,7,1,5.26981044348325,2.243396518838916,4,1450,1240,944,735,15.29103868622648,16.51612903225806,4.483870967741935,1.269222966118888,814769,0
2015-07-07,2015,7,1.935237818043474,1.532153724017603,2.806168188051744,6.078818450321926,1700,2170,1750,1800,12.04979644574848,16.51612903225806,4.483870967741935,1.269222966118888,814769,0
2015-07-08,2015,7,1,3.273104996191502,3.000454733921319,4.870930370008268,1980,2240,2030,1850,13.69972311132766,16.51612903225806,4.483870967741935,1.269222966118888,814769,0
2015-07-09,2015,7,1.532608457938922,2.935237818043475,4.74049653825258,1.935237818043474,2230,2150,2080,1880,11.78938351615842,16.51612903225806,4.483870967741935,1.269222966118888,814769,0
2015-07-10,2015,7,0,.9352378180434749,4.403084094025872,3.935692551964795,2160,2240,2160,1930,11.79029298400106,16.51612903225806,4.483870967741935,1.269222966118888,814769,0
2015-07-11,2015,7,.4678462759823971,1.064307448035205,.9347830841221554,3.740951272173899,2060,2020,1990,1720,10.68703104472621,16.51612903225806,4.483870967741935,1.269222966118888,814769,0
2015-07-12,2015,7,4.065671649799163,3.064307448035205,1.726440269887178,1.726440269887178,1890,2110,1950,1640,11.02489822287424,16.51612903225806,4.483870967741935,1.269222966118888,814769,0
2015-07-13,2015,7,1.402629360104553,4.676189090217375,3.662132821851972,2.726895003808497,1620,1750,1800,1410,17.33559350854143,16.51612903225806,4.483870967741935,1.269222966118888,814769,0
2015-07-14,2015,7,1.934783084122156,2.805258720209105,4.337867178148028,2.000454733921319,1410,1500,1490,1150,16.58058596800213,16.51612903225806,4.483870967741935,1.269222966118888,814769,0
2015-07-15,2015,7,.4673915420610777,8.417595096312594,2.388118357817831,1.453335273695676,1210,1320,1350,1140,18.91799841222884,16.51612903225806,4.483870967741935,1.269222966118888,814769,0
2015-07-16,2015,7,2.337867178148028,4.207888080313658,5.596915905974129,2.324720377625265,1130,1130,1140,966,22.48865189356477,16.51612903225806,4.483870967741935,1.269222966118888,814769,0
2015-07-17,2015,7,0,.4678462759823971,4.74004180433126,7.078363716400608,1120,1070,995,783,24.87949865491051,16.51612903225806,4.483870967741935,1.269222966118888,814769,0
2015-07-18,2015,7,0,1.87047563608695,5.402629360104553,5.403084094025872,1110,1030,954,704,17.63541566329245,16.51612903225806,4.483870967741935,1.269222966118888,814769,0
2015-07-19,2015,7,.6616780879306529,5.869111434322991,.8564193677215475,.3885730917391504,1110,1000,921,667,8.499756888615631,16.51612903225806,4.483870967741935,1.269222966118888,814769,0
2015-07-20,2015,7,1.533063191860241,1.87047563608695,2.806168188051744,2.805713454130424,990,980,945,712,12.72553080204454,16.51612903225806,4.483870967741935,1.269222966118888,814769,0
2015-07-21,2015,7,5.53306319186024,4.064762181956525,.06476218195652507,.06476218195652507,972,1140,1020,731,11.9977263303934,16.51612903225806,4.483870967741935,1.269222966118888,814769,0
2015-07-22,2015,7,.9352378180434749,4.272650262270183,1.597370639895447,3,1010,910,942,706,15.28258274893638,16.51612903225806,4.483870967741935,1.269222966118888,814769,0
2015-07-23,2015,7,2.87002090216563,4.805713454130425,.3238109097826253,.3238109097826253,978,900,845,651,19.475505093042,16.51612903225806,4.483870967741935,1.269222966118888,814769,0
2015-07-24,2015,7,2.467391542061077,3.402174626183232,1.726440269887178,3.12952436391305,954,840,780,622,20.24317352377542,16.51612903225806,4.483870967741935,1.269222966118888,814769,0
2015-07-25,2015,7,1.402174626183233,5.144035366199771,2.193831811948256,.7916571857650225,944,810,706,577,16.42616338121483,16.51612903225806,4.483870967741935,1.269222966118888,814769,0
2015-07-26,2015,7,1.935237818043474,1.064762181956525,5.611881642182168,6.546664726304323,942,800,704,579,15.72598553596585,16.51612903225806,4.483870967741935,1.269222966118888,814769,0
2015-07-27,2015,7,.06476218195652507,3.338321912069347,4,3.532153724017602,955,800,826,680,13.06385271411389,16.51612903225806,4.483870967741935,1.269222966118888,814769,0
2015-07-28,2015,7,.4678462759823971,2.804803986287785,2.597370639895447,1.194286545869575,918,815,713,618,22.11228495809841,16.51612903225806,4.483870967741935,1.269222966118888,814769,0
2015-07-29,2015,7,6.079273184243247,0,.661678087930653,1.596915905974128,1280,910,675,584,11.82970220916203,16.51612903225806,4.483870967741935,1.269222966118888,814769,0
2015-07-30,2015,7,5.740951272173898,3.870930370008268,1.403084094025872,.9352378180434748,1160,1180,931,811,13.25722979214082,16.51612903225806,4.483870967741935,1.269222966118888,814769,0
2015-07-31,2015,7,6.272650262270182,2.870475636086949,2.467846275982397,2.467846275982397,1030,960,1160,986,12.3233561758613,16.51612903225806,4.483870967741935,1.269222966118888,814769,0
2015-08-01,2015,8,1.935237818043475,3.337867178148028,1.064762181956525,.5973706398954474,1070,1320,1290,1100,10.83061167700467,16.51612903225806,4.387096774193548,1.645161290322581,814769,0
2015-08-02,2015,8,1.99951377723126,1.49927066584689,1.99951377723126,1.99951377723126,1260,1120,1130,978,7.00048622276874,16.51612903225806,4.387096774193548,1.645161290322581,814769,0
2015-08-03,2015,8,5.676189090217374,5.207888080313658,.3885730917391504,.3885730917391504,1160,1270,1210,1060,13.69926837740634,16.51612903225806,4.387096774193548,1.645161290322581,814769,0
2015-08-04,2015,8,0,1.935237818043475,3.467391542061077,2.064762181956525,1020,970,1010,931,18.67115584067554,16.51612903225806,4.387096774193548,1.645161290322581,814769,0
2015-08-05,2015,8,.4678462759823972,1.403084094025872,3.934783084122155,2.064762181956525,952,920,848,799,18.12449111437121,16.51612903225806,4.387096774193548,1.645161290322581,814769,0
2015-08-06,2015,8,6.078818450321926,1.531698990096283,3.466482074218439,3.467391542061077,897,780,722,719,22.33192446076355,16.51612903225806,4.387096774193548,1.645161290322581,814769,0
2015-08-07,2015,8,3.533063191860242,3.466936808139759,2.064762181956525,1.12997909783437,895,740,628,614,28.87858918706788,16.51612903225806,4.387096774193548,1.645161290322581,814769,0
2015-08-08,2015,8,2.403084094025872,4.337867178148028,.4533352736956756,1.388118357817831,891,740,593,567,10.34870913265687,16.51612903225806,4.387096774193548,1.645161290322581,814769,0
2015-08-09,2015,8,2.805713454130425,6.675734356296055,3.193377078026937,1.323356175861306,884,750,688,619,8.518552189573519,16.51612903225806,4.387096774193548,1.645161290322581,814769,0
2015-08-10,2015,8,2.598280107738086,1.999545266078681,2.338321912069347,1.87047563608695,885,730,689,621,15.88086285667447,16.51612903225806,4.387096774193548,1.645161290322581,814769,0
2015-08-11,2015,8,1,1.467846275982397,2.87002090216563,2.87002090216563,891,1220,703,584,18.25768452606214,16.51612903225806,4.387096774193548,1.645161290322581,814769,0
2015-08-12,2015,8,4.273104996191502,2.064307448035206,3.274014464034141,5.610972174339529,892,810,1090,914,19.43791480356631,16.51612903225806,4.387096774193548,1.645161290322581,814769,0
2015-08-13,2015,8,.4678462759823972,1.402629360104553,5.338321912069347,4.870020902165631,891,750,703,628,26.07287573293745,16.51612903225806,4.387096774193548,1.645161290322581,814769,0
2015-08-14,2015,8,3.274014464034141,3.402629360104552,2.792111919686342,3.2590487278261,911,720,680,608,27.51306420611035,16.51612903225806,4.387096774193548,1.645161290322581,814769,0
2015-08-15,2015,8,3.403084094025872,4.337412444226708,.2590487278261003,.7264402698871779,934,760,695,596,17.28394695070034,16.51612903225806,4.387096774193548,1.645161290322581,814769,0
2015-08-16,2015,8,1.87047563608695,5.610517440418211,.9854889977132782,.5180974556522007,937,770,745,625,10.49319923277796,16.51612903225806,4.387096774193548,1.645161290322581,814769,0
2015-08-17,2015,8,.6616780879306529,1.402174626183233,2.870475636086949,5.208797548156296,944,800,734,609,18.58195016976608,16.51612903225806,4.387096774193548,1.645161290322581,814769,0
2015-08-18,2015,8,2.337412444226708,7.144035366199772,2.064762181956525,2.064762181956525,947,810,695,597,24.87904392098919,16.51612903225806,4.387096774193548,1.645161290322581,814769,0
2015-08-19,2015,8,1.596461172052808,2.870475636086949,1.934783084122155,1.934783084122155,888,820,625,558,28.43700533572368,16.51612903225806,4.387096774193548,1.645161290322581,814769,0
2015-08-20,2015,8,3,3.064762181956525,2.935692551964794,2.467846275982397,844,770,582,540,31.76127097942762,16.51612903225806,4.387096774193548,1.645161290322581,814769,0
2015-08-21,2015,8,1.467391542061078,0,5.208797548156297,7.547119460225645,838,760,530,481,33.5782811219882,16.51612903225806,4.387096774193548,1.645161290322581,814769,0
2015-08-22,2015,8,.4678462759823971,2.805258720209105,3.934328350200836,4.87002090216563,836,760,522,464,15.80249914027386,16.51612903225806,4.387096774193548,1.645161290322581,814769,0
2015-08-23,2015,8,3.934783084122155,1.597370639895447,.4673915420610777,.4673915420610777,838,770,544,473,58.73910116008128,16.51612903225806,4.387096774193548,1.645161290322581,814769,0
2015-08-24,2015,8,1.403538827947191,2.531698990096284,2.466936808139758,1.064307448035206,838,750,558,493,36.64716708564394,16.51612903225806,4.387096774193548,1.645161290322581,814769,0
2015-08-25,2015,8,2.934783084122155,2.064307448035206,.5969159059741278,2,816,740,559,488,21.42476800304355,16.51612903225806,4.387096774193548,1.645161290322581,814769,0
2015-08-26,2015,8,.4673915420610777,1.532608457938922,1.064762181956525,1.064762181956525,810,710,570,499,18.69650879747109,16.51612903225806,4.387096774193548,1.645161290322581,814769,0
2015-08-27,2015,8,.4673915420610777,2.337412444226708,2.402629360104553,1.467391542061078,822,730,574,515,10.59646117205281,16.51612903225806,4.387096774193548,1.645161290322581,814769,0
2015-08-28,2015,8,1.934783084122156,4.273559730112821,2.661223354009333,2.193831811948256,778,700,525,482,17.13854738273661,16.51612903225806,4.387096774193548,1.645161290322581,814769,0
2015-08-29,2015,8,3.805713454130425,3.533517925781561,.5326084579389222,.5321537240176027,752,670,487,447,14.36000582108702,16.51612903225806,4.387096774193548,1.645161290322581,814769,0
2015-08-30,2015,8,1.402174626183234,1.532153724017603,6.20743334639234,2,753,660,452,411,13.81701014256059,16.51612903225806,4.387096774193548,1.645161290322581,814769,0
2015-08-31,2015,8,1.467391542061078,3.273104996191502,2,2,753,650,448,412,14.24793355323285,16.51612903225806,4.387096774193548,1.645161290322581,814769,0
2015-09-01,2015,9,1.87002090216563,2.805713454130424,4.934783084122155,5.87002090216563,757,670,430,393,16.41347131461339,16.53333333333333,3.9,1.388679245283019,814769,0
2015-09-02,2015,9,.4673915420610777,1.87047563608695,4.128614896070412,5.99954526607868,734,660,426,387,26.42249433343695,16.53333333333333,3.9,1.388679245283019,814769,0
2015-09-03,2015,9,0,2.337412444226708,1.466936808139758,.5321537240176027,718,630,392,371,14.84099889759219,16.53333333333333,3.9,1.388679245283019,814769,0
2015-09-04,2015,9,0,0,3.272650262270183,3.273104996191502,720,640,401,367,12.03574017738308,16.53333333333333,3.9,1.388679245283019,814769,0
2015-09-05,2015,9,0,.9352378180434748,3.661678087930653,3.194286545869575,722,630,408,370,8.363220134943587,16.53333333333333,3.9,1.388679245283019,814769,0
2015-09-06,2015,9,2.805713454130424,3.402629360104552,.2590487278261003,1.661223354009334,721,620,419,377,7.791657185765022,16.53333333333333,3.9,1.388679245283019,814769,0
2015-09-07,2015,9,.5321537240176027,2.87002090216563,3.063852714113886,1.193831811948256,700,620,422,372,9.219184768743816,16.53333333333333,3.9,1.388679245283019,814769,0
2015-09-08,2015,9,0,3.273104996191503,3.128614896070411,2.194286545869575,688,600,398,364,14.98412479594932,16.53333333333333,3.9,1.388679245283019,814769,0
2015-09-09,2015,9,3,3.805258720209105,.7264402698871781,.7264402698871781,668,600,371,326,19.33328866252751,16.53333333333333,3.9,1.388679245283019,814769,0
2015-09-10,2015,9,.4678462759823971,3.271740794427544,2.855509899878908,1.920726815756753,657,570,368,324,17.43791480356631,16.53333333333333,3.9,1.388679245283019,814769,0
2015-09-11,2015,9,1.870020902165631,.9352378180434749,1.193831811948256,1.193831811948256,663,560,348,296,26.25537968004822,16.53333333333333,3.9,1.388679245283019,814769,0
2015-09-12,2015,9,0,0,.6621328218519723,1.596915905974128,664,560,346,303,20.56789390140068,16.53333333333333,3.9,1.388679245283019,814769,0
2015-09-13,2015,9,0,0,5.611426908260849,7.014056268365402,666,560,317,278,14.84236309935614,16.53333333333333,3.9,1.388679245283019,814769,0
2015-09-14,2015,9,0,0,4.402174626183233,4.869566168244311,619,560,335,294,17.29387943736654,16.53333333333333,3.9,1.388679245283019,814769,0
2015-09-15,2015,9,.4678462759823971,0,5.74004180433126,3.870930370008268,588,500,291,271,16.08462715528892,16.53333333333333,3.9,1.388679245283019,814769,0
2015-09-16,2015,9,0,.06476218195652508,5.143125898357133,3.741406006095219,603,500,254,202,14.38308510827599,16.53333333333333,3.9,1.388679245283019,814769,0
2015-09-17,2015,9,1.403084094025872,1.467846275982397,3.596461172052808,2.661223354009333,648,510,250,180,26.21187784959537,16.53333333333333,3.9,1.388679245283019,814769,0
2015-09-18,2015,9,.4673915420610777,1.934783084122155,2.323356175861305,1.388573091739151,650,540,278,220,21.58866834257572,16.53333333333333,3.9,1.388679245283019,814769,0
2015-09-19,2015,9,.9352378180434749,.4673915420610777,.1295243639130502,1.532153724017603,650,550,287,231,41.35588203938782,16.53333333333333,3.9,1.388679245283019,814769,0
2015-09-20,2015,9,0,2.466936808139758,2.597370639895447,3.531698990096283,616,560,298,231,10.20512850037841,16.53333333333333,3.9,1.388679245283019,814769,0
2015-09-21,2015,9,0,.4673915420610777,4.596006438131488,4.596461172052808,580,550,365,286,22.40843806507155,16.53333333333333,3.9,1.388679245283019,814769,0
2015-09-22,2015,9,.06476218195652508,.06476218195652508,3.74049653825258,4.676189090217375,526,900,727,477,7.388573091739151,16.53333333333333,3.9,1.388679245283019,814769,0
2015-09-23,2015,9,0,3.273104996191502,1.064762181956525,.5969159059741278,436,500,527,689,16.20421903253578,16.53333333333333,3.9,1.388679245283019,814769,0
2015-09-24,2015,9,5.935692551964795,1.662132821851973,0,0,401,430,329,336,10.84145363151351,16.53333333333333,3.9,1.388679245283019,814769,0
2015-09-25,2015,9,1.935237818043475,1.467846275982397,5.273559730112822,2.935237818043475,400,420,261,230,14.86635185438775,16.53333333333333,3.9,1.388679245283019,814769,0
2015-09-26,2015,9,0,.9352378180434748,7.674824888453415,4.87002090216563,374,400,253,221,16.41347131461339,16.53333333333333,3.9,1.388679245283019,814769,0
2015-09-27,2015,9,2.805713454130424,7.949748820330195,1.38857309173915,.4533352736956755,356,370,231,199,16.38490404396126,16.53333333333333,3.9,1.388679245283019,814769,0
2015-09-28,2015,9,5.207888080313658,5.144035366199771,.5973706398954473,1.064307448035205,355,340,214,162,29.82375949177755,16.53333333333333,3.9,1.388679245283019,814769,0
2015-09-29,2015,9,3.403084094025872,5.741406006095218,2.064762181956525,1.12952436391305,353,330,203,142,28.55247343127132,16.53333333333333,3.9,1.388679245283019,814769,0
2015-09-30,2015,9,3.805258720209105,.2590487278261003,.9352378180434748,2.338776645990666,344,310,193,128,31.50222225160152,16.53333333333333,3.9,1.388679245283019,814769,0
2015-10-01,2015,10,1.402174626183234,.4673915420610777,3.87047563608695,2.467846275982397,385,300,179,111,23.89034060941935,16.83870967741936,3.870967741935484,1.045242442686143,814769,0
2015-10-02,2015,10,0,1.000454733921319,2.467391542061077,4.337867178148027,442,310,185,92.90000000000001,33.73043003916889,16.83870967741936,3.870967741935484,1.045242442686143,814769,0
2015-10-03,2015,10,.5321537240176027,0,.4673915420610777,1.87047563608695,457,340,228,164,18.28394695070034,16.83870967741936,3.870967741935484,1.045242442686143,814769,0
2015-10-04,2015,10,1.87047563608695,.4678462759823971,1.403084094025872,1.870930370008269,458,360,276,234,9.596915905974125,16.83870967741936,3.870967741935484,1.045242442686143,814769,0
2015-10-05,2015,10,.9352378180434749,1.466936808139758,1.467391542061078,2.402629360104553,414,360,297,250,11.82924747524071,16.83870967741936,3.870967741935484,1.045242442686143,814769,0
2015-10-06,2015,10,1.87047563608695,2.934783084122155,2.597825373816766,4,395,,299,273,13.78983825007974,16.83870967741936,3.870967741935484,1.045242442686143,814769,0
2015-10-07,2015,10,1.934783084122155,.9352378180434748,2.870475636086949,3.338776645990666,394,,260,208,12.46648207421844,16.83870967741936,3.870967741935484,1.045242442686143,814769,0
2015-10-08,2015,10,2.87047563608695,4.403084094025872,1.402174626183234,.4673915420610777,395,304,260,221,14.33513877462011,16.83870967741936,3.870967741935484,1.045242442686143,814769,0
2015-10-09,2015,10,.5326084579389222,.4678462759823971,.9347830841221554,1.869566168244311,355,314,262,218,13.64625761780129,16.83870967741936,3.870967741935484,1.045242442686143,814769,0
2015-10-10,2015,10,.4673915420610777,.5321537240176027,5.74049653825258,3.402629360104552,329,275,225,201,14.57919058983084,16.83870967741936,3.870967741935484,1.045242442686143,814769,0
2015-10-11,2015,10,2,6.143580632278452,2.869111434322992,2.401719892261914,329,283,192,154,12.7508837588401,16.83870967741936,3.870967741935484,1.045242442686143,814769,0
2015-10-12,2015,10,2.403084094025872,1.597370639895447,4.74049653825258,4.74049653825258,328,277,179,144,20.27845896723718,16.83870967741936,3.870967741935484,1.045242442686143,814769,0
2015-10-13,2015,10,0,5.144035366199772,1.985488997713278,1.518097455652201,327,293,177,132,22.44875675807516,16.83870967741936,3.870967741935484,1.045242442686143,814769,0
2015-10-14,2015,10,0,.4673915420610777,6.272195528348865,3,330,293,167,126,32.00080663183249,16.83870967741936,3.870967741935484,1.045242442686143,814769,0
2015-10-15,2015,10,4.675734356296055,3.274014464034141,2.129979097834369,1.662132821851972,333,285,166,113,38.97681787680088,16.83870967741936,3.870967741935484,1.045242442686143,814769,0
2015-10-16,2015,10,1,2.466482074218439,0,0,332,280,173,122,51.574157340289,16.83870967741936,3.870967741935484,1.045242442686143,814769,0
2015-10-17,2015,10,3.531244256174964,2.2590487278261,2.339231379911986,7.014056268365402,330,271,171,127,21.58285963760872,16.83870967741936,3.870967741935484,1.045242442686143,814769,0
2015-10-18,2015,10,.4673915420610777,0,1.402629360104552,2.337867178148028,330,272,171,131,13.41392604853471,16.83870967741936,3.870967741935484,1.045242442686143,814769,0
2015-10-19,2015,10,0,0,1.467391542061078,4.74049653825258,337,284,166,145,10.64716708564393,16.83870967741936,3.870967741935484,1.045242442686143,814769,0
2015-10-20,2015,10,2.532153724017603,1.661678087930653,1.402629360104552,1.869566168244311,330,300,184,150,17.94426083686703,16.83870967741936,3.870967741935484,1.045242442686143,814769,0
2015-10-21,2015,10,8.338776645990666,4.791657185765023,.5321537240176029,.06476218195652508,335,709,586,379,5.596915905974129,16.83870967741936,3.870967741935484,1.045242442686143,814769,0
2015-10-22,2015,10,1.935237818043474,3.740951272173899,3.935237818043475,2.999090532157361,595,890,955,924,14.19428654586957,16.83870967741936,3.870967741935484,1.045242442686143,814769,0
2015-10-23,2015,10,1.064762181956525,4.207888080313658,1.934328350200836,2.869566168244311,860,736,621,636,15.33237919468487,16.83870967741936,3.870967741935484,1.045242442686143,814769,0
2015-10-24,2015,10,3.871839837850908,1,.9347830841221554,.4673915420610777,826,840,762,672,8.790747717922383,16.83870967741936,3.870967741935484,1.045242442686143,814769,0
2015-10-25,2015,10,4.934783084122155,1.661678087930653,1.870930370008269,2.805258720209105,750,701,670,674,10.30884517357458,16.83870967741936,3.870967741935484,1.045242442686143,814769,0
2015-10-26,2015,10,1.999090532157361,2.596461172052808,2.402629360104553,2.403084094025872,623,699,624,638,19.7608162455063,16.83870967741936,3.870967741935484,1.045242442686143,814769,0
2015-10-27,2015,10,2.869566168244311,5.676643824138694,2.064307448035206,3.466936808139758,468,579,500,589,22.05700052888677,16.83870967741936,3.870967741935484,1.045242442686143,814769,0
2015-10-28,2015,10,4.273104996191502,4.740951272173898,1.934783084122156,.5326084579389222,394,483,420,475,26.56240591793752,16.83870967741936,3.870967741935484,1.045242442686143,814769,0
2015-10-29,2015,10,2.467391542061078,1.467846275982397,1.193831811948256,.2590487278261003,337,432,360,398,16.17932080966154,16.83870967741936,3.870967741935484,1.045242442686143,814769,0
2015-10-30,2015,10,2.467391542061077,2.870475636086949,1.532608457938922,2,308,400,301,367,6.25859399390478,16.83870967741936,3.870967741935484,1.045242442686143,814769,0
2015-10-31,2015,10,9.144944834042409,2.791657185765022,0,.4673915420610777,308,430,339,402,5.712384001521775,16.83870967741936,3.870967741935484,1.045242442686143,814769,0
2015-11-01,2015,11,.4673915420610777,3.741406006095219,3.531698990096283,3.999545266078679,308,449,329,392,8.816555408639264,19.23333333333333,4.833333333333333,1.581551362683438,814769,0
2015-11-02,2015,11,1.403538827947191,1.935237818043474,3.531698990096283,2.597370639895447,355,435,324,390,11.73637275655338,19.23333333333333,4.833333333333333,1.581551362683438,814769,0
2015-11-03,2015,11,0,1.402174626183233,1.531698990096283,1.99954526607868,390,474,336,374,14.52893941016104,19.23333333333333,4.833333333333333,1.581551362683438,814769,0
2015-11-04,2015,11,0,.5321537240176027,.5321537240176027,.06476218195652507,432,463,320,386,7.15487732070861,19.23333333333333,4.833333333333333,1.581551362683438,814769,0
2015-11-05,2015,11,3.532153724017602,3,1.532153724017603,1.064762181956525,478,538,394,373,9.257684526062141,19.23333333333333,4.833333333333333,1.581551362683438,814769,0
2015-11-06,2015,11,5.74049653825258,4.12952436391305,.9995452660786804,2.402629360104553,560,510,408,464,13.30793570573194,19.23333333333333,4.833333333333333,1.581551362683438,814769,0
2015-11-07,2015,11,3.532608457938922,1.935692551964794,.4673915420610777,0,631,594,449,448,10.62226886276969,19.23333333333333,4.833333333333333,1.581551362683438,814769,0
2015-11-08,2015,11,6.000454733921318,1.662132821851972,2.402629360104553,2.869566168244311,633,631,503,545,18.38857309173915,19.23333333333333,4.833333333333333,1.581551362683438,814769,0
2015-11-09,2015,11,.9352378180434748,.9347830841221554,5.740951272173898,4.805713454130425,1020,668,510,553,22.91614830013623,19.23333333333333,4.833333333333333,1.581551362683438,814769,0
2015-11-10,2015,11,.4678462759823971,.9352378180434748,2.193831811948256,3.12952436391305,1260,1050,925,771,29.30199298834746,19.23333333333333,4.833333333333333,1.581551362683438,814769,0
2015-11-11,2015,11,7.078818450321927,3.194286545869575,1.064307448035205,.5969159059741278,1260,1100,1040,926,17.20561441070706,19.23333333333333,4.833333333333333,1.581551362683438,814769,0
2015-11-12,2015,11,2.805713454130424,2.338321912069346,4.338776645990666,6.675734356296054,1260,1130,1080,948,25.95282912176927,19.23333333333333,4.833333333333333,1.581551362683438,814769,0
2015-11-13,2015,11,5.74186074001654,1.193831811948256,2.467391542061078,2,1260,1130,1100,994,25.0297974599986,19.23333333333333,4.833333333333333,1.581551362683438,814769,0
2015-11-14,2015,11,2.467846275982397,1,3,2.99954526607868,1260,1110,1110,1020,21.59415632603888,19.23333333333333,4.833333333333333,1.581551362683438,814769,0
2015-11-15,2015,11,2.936147285886113,4.336502976384069,.1295243639130501,2.466936808139758,1260,1160,1160,1060,16.5443598802904,19.23333333333333,4.833333333333333,1.581551362683438,814769,0
2015-11-16,2015,11,0,1.87047563608695,2,3.403084094025872,1380,1280,1270,1150,7.557961414734483,19.23333333333333,4.833333333333333,1.581551362683438,814769,0
2015-11-17,2015,11,2.467846275982397,5.208342814234977,1.064762181956525,1.064762181956525,1540,1280,1320,1300,11.70108731309162,19.23333333333333,4.833333333333333,1.581551362683438,814769,0
2015-11-18,2015,11,8.546664726304323,2.2590487278261,.9995452660786804,.5326084579389222,1500,1340,1400,1310,12.90439687778475,19.23333333333333,4.833333333333333,1.581551362683438,814769,0
2015-11-19,2015,11,0,5.14449010012109,4.532153724017602,3.12906962999173,1580,1370,1330,1230,21.56516549787277,19.23333333333333,4.833333333333333,1.581551362683438,814769,0
2015-11-20,2015,11,7.546664726304325,1.790747717922384,2.323356175861306,2.324265643703945,1520,1440,1430,1320,30.74679115354822,19.23333333333333,4.833333333333333,1.581551362683438,814769,0
2015-11-21,2015,11,3.466936808139758,3,1.871385103929588,4.676189090217374,1480,1320,1380,1280,13.98457952987064,19.23333333333333,4.833333333333333,1.581551362683438,814769,0
2015-11-22,2015,11,.9352378180434748,3.273559730112821,3.337867178148027,2.403084094025872,1480,1340,1380,1250,18.06063840025732,19.23333333333333,4.833333333333333,1.581551362683438,814769,0
2015-11-23,2015,11,3.806168188051744,2.531698990096284,2.12952436391305,2.596915905974128,1480,1400,1390,1260,24.47410971487071,19.23333333333333,4.833333333333333,1.581551362683438,814769,0
2015-11-24,2015,11,0,0,5.402174626183233,3.999545266078679,1480,1440,1380,1290,34.97772734464352,19.23333333333333,4.833333333333333,1.581551362683438,814769,0
2015-11-25,2015,11,0,.4673915420610777,1.402174626183233,.9347830841221554,1470,1470,1380,1290,27.12267217868593,19.23333333333333,4.833333333333333,1.581551362683438,814769,0
2015-11-26,2015,11,0,0,0,0,1470,1480,1360,1270,7.035740177383081,19.23333333333333,4.833333333333333,1.581551362683438,814769,0
2015-11-27,2015,11,.9347830841221554,.4673915420610777,0,0,1490,1430,1400,1300,10.21597045488725,19.23333333333333,4.833333333333333,1.581551362683438,814769,0
2015-11-28,2015,11,6.740951272173898,1.2590487278261,.2590487278261003,.2590487278261003,1570,1430,1390,1310,7.478688230491235,19.23333333333333,4.833333333333333,1.581551362683438,814769,0
2015-11-29,2015,11,0,0,.9352378180434749,2.805258720209105,1700,1500,1450,1380,7.323810909782625,19.23333333333333,4.833333333333333,1.581551362683438,814769,0
2015-11-30,2015,11,2,3.065216915877845,2.064307448035206,2.999545266078681,1700,1650,1550,1500,12.79029298400106,19.23333333333333,4.833333333333333,1.581551362683438,814769,0
2015-12-01,2015,12,5.805713454130424,3.12952436391305,2.805258720209105,1.403084094025872,1560,1570,1460,1430,27.66751796930497,17.96774193548387,5.225806451612903,1.605193751268006,814769,0
2015-12-02,2015,12,1.870930370008269,4.208342814234976,4.337867178148027,3.870475636086949,1510,1480,1410,1290,29.83736102622163,17.96774193548387,5.225806451612903,1.605193751268006,814769,0
2015-12-03,2015,12,1.000454733921319,1.934328350200836,3.272650262270183,3.740041804331261,1510,1460,1430,1270,34.50040331591624,17.96774193548387,5.225806451612903,1.605193751268006,814769,0
2015-12-04,2015,12,3.273104996191502,2.531244256174964,1.596915905974128,3.467391542061077,1500,1420,1430,1270,33.85047665033706,17.96774193548387,5.225806451612903,1.605193751268006,814769,0
2015-12-05,2015,12,4.337867178148027,2.99954526607868,1.99954526607868,2.467391542061077,1500,1420,1390,1280,26.86498765262379,17.96774193548387,5.225806451612903,1.605193751268006,814769,0
2015-12-06,2015,12,3.870020902165631,1.935692551964794,5.7409512721739,3.87047563608695,1500,1450,1400,1290,18.10095709326093,17.96774193548387,5.225806451612903,1.605193751268006,814769,0
2015-12-07,2015,12,2.338321912069347,3.272650262270183,4.999090532157362,3.596461172052809,1630,1460,1420,1310,38.59279212427493,17.96774193548387,5.225806451612903,1.605193751268006,814769,0
2015-12-08,2015,12,.9352378180434748,.9347830841221554,2.401719892261914,2.402174626183233,1710,1590,1560,1430,40.98902403307368,17.96774193548387,5.225806451612903,1.605193751268006,814769,0
2015-12-09,2015,12,5.273559730112821,3.12952436391305,2.87002090216563,2.87002090216563,1700,1570,1570,1480,30.70280341276673,17.96774193548387,5.225806451612903,1.605193751268006,814769,0
2015-12-10,2015,12,.4678462759823972,.06476218195652508,3.401719892261914,3.869111434322992,1700,1570,1570,1450,42.89890889432159,17.96774193548387,5.225806451612903,1.605193751268006,814769,0
2015-12-11,2015,12,0,0,1.531698990096283,1.531698990096283,1700,1590,1550,1440,34.33636896396659,17.96774193548387,5.225806451612903,1.605193751268006,814769,0
2015-12-12,2015,12,1.065216915877844,1.12952436391305,.5973706398954473,1.99954526607868,1700,1700,1630,1520,10.59737063989545,17.96774193548387,5.225806451612903,1.605193751268006,814769,0
2015-12-13,2015,12,1.467391542061078,3.805713454130425,3.531698990096283,4,1880,1750,1740,1660,11.50771023506468,17.96774193548387,5.225806451612903,1.605193751268006,814769,0
2015-12-14,2015,12,0,0,3.258593993904781,3.259958195668739,2010,1920,1820,1720,19.9977263303934,17.96774193548387,5.225806451612903,1.605193751268006,814769,0
2015-12-15,2015,12,0,4.208797548156296,4.064307448035205,4.999090532157361,2000,1870,1860,1720,25.22872487430335,17.96774193548387,5.225806451612903,1.605193751268006,814769,0
2015-12-16,2015,12,5.272650262270182,2.467391542061077,.2590487278261003,2.12906962999173,2000,1780,1870,1660,16.68430264119829,17.96774193548387,5.225806451612903,1.605193751268006,814769,0
2015-12-17,2015,12,8.014056268365401,1.51855218957352,.4673915420610777,.4673915420610777,1880,1710,1890,1610,19.73546328871074,17.96774193548387,5.225806451612903,1.605193751268006,814769,0
2015-12-18,2015,12,.9356925519647944,1.064307448035206,2.401719892261914,5.20697861247102,1800,1560,1750,1480,42.21600163129459,17.96774193548387,5.225806451612903,1.605193751268006,814769,0
2015-12-19,2015,12,6.273559730112821,2.99954526607868,3.870475636086949,2.467846275982397,1790,1580,1740,1450,40.99678568614343,17.96774193548387,5.225806451612903,1.605193751268006,814769,0
2015-12-20,2015,12,.9995452660786805,1.466936808139758,1.855964633800228,1.855509899878909,1780,1610,1770,1450,37.02427830012812,17.96774193548387,5.225806451612903,1.605193751268006,814769,0
2015-12-21,2015,12,1.403084094025872,1.87002090216563,.9995452660786804,.5326084579389222,1700,1620,1780,1490,25.24622264880717,17.96774193548387,5.225806451612903,1.605193751268006,814769,0
2015-12-22,2015,12,.06476218195652507,.06476218195652507,.9347830841221554,3.740041804331261,1440,1470,1700,1390,14.97006852758392,17.96774193548387,5.225806451612903,1.605193751268006,814769,0
2015-12-23,2015,12,2,2.870475636086949,1.597370639895447,2.064762181956525,1220,1260,1450,1160,6.855964633800227,17.96774193548387,5.225806451612903,1.605193751268006,814769,0
2015-12-24,2015,12,4.064762181956525,1.726440269887178,1.596915905974128,1.12952436391305,947,1150,1280,1030,9.687485778647535,17.96774193548387,5.225806451612903,1.605193751268006,814769,0
2015-12-25,2015,12,1.12952436391305,.06476218195652508,4.337412444226708,2.934783084122155,836,912,1020,825,17.42522273696487,17.96774193548387,5.225806451612903,1.605193751268006,814769,0
2015-12-26,2015,12,8.274014464034142,1.855964633800228,.3238109097826253,.3238109097826253,840,883,970,726,9.597370639895447,17.96774193548387,5.225806451612903,1.605193751268006,814769,0
2015-12-27,2015,12,9.259503461747419,2.374516823373748,.06476218195652507,.06476218195652507,838,878,948,715,11.66167808793065,17.96774193548387,5.225806451612903,1.605193751268006,814769,0
2015-12-28,2015,12,.06476218195652507,0,3.402629360104552,5.272650262270182,743,873,927,713,18.3374124442267,17.96774193548387,5.225806451612903,1.605193751268006,814769,0
2015-12-29,2015,12,.06476218195652507,1.935237818043474,4.208342814234976,3.273104996191502,649,731,796,664,13.42707284905747,17.96774193548387,5.225806451612903,1.605193751268006,814769,0
2015-12-30,2015,12,0,.5321537240176027,4.676189090217374,6.078818450321926,616,703,687,588,16.70063257917029,17.96774193548387,5.225806451612903,1.605193751268006,814769,0
2015-12-31,2015,12,3.87093037000827,7.530789522253644,.1942865458695752,.1942865458695752,618,707,650,539,19.02580769071688,17.96774193548387,5.225806451612903,1.605193751268006,814769,0
2016-01-01,2016,1,1,1.064762181956525,2.466936808139758,.5973706398954473,617,679,615,484,14.27265026227018,20.67741935483871,5.483870967741935,1.806451612903226,818147,0
2016-01-02,2016,1,.4678462759823971,2.805258720209105,1.194286545869575,1.662132821851972,617,681,596,466,16.53306319186024,20.67741935483871,5.483870967741935,1.806451612903226,818147,0
2016-01-03,2016,1,6.677553291981333,.5973706398954473,1.12997909783437,3,617,682,621,482,22.66258755577329,20.67741935483871,5.483870967741935,1.806451612903226,818147,0
2016-01-04,2016,1,5.208342814234978,7.545755258461686,.2590487278261003,.2590487278261003,615,659,630,485,33.09528433477512,20.67741935483871,5.483870967741935,1.806451612903226,818147,0
2016-01-05,2016,1,1.121698259419458,1.243396518838916,5.513206962322166,5.513206962322166,614,629,614,495,12.9259439079681,20.67741935483871,5.483870967741935,1.806451612903226,818147,0
2016-01-06,2016,1,1,.3650947782583751,1.121698259419458,2,616,694,633,525,9.486793037677833,20.67741935483871,5.483870967741935,1.806451612903226,818147,0
2016-01-07,2016,1,.1295243639130501,.06476218195652507,2.87002090216563,7.077908982479288,616,680,634,562,8.283946950700342,20.67741935483871,5.483870967741935,1.806451612903226,818147,0
2016-01-08,2016,1,1.402174626183233,.5969159059741278,3.402629360104552,2,656,680,616,535,7.298003219065743,20.67741935483871,5.483870967741935,1.806451612903226,818147,0
2016-01-09,2016,1,7.014511002286723,1,.4673915420610777,1.402629360104553,688,750,641,558,8.661678087930653,20.67741935483871,5.483870967741935,1.806451612903226,818147,0
2016-01-10,2016,1,1.597370639895447,2.662132821851972,3.934328350200836,4.401719892261913,688,765,658,600,9.856419367721546,20.67741935483871,5.483870967741935,1.806451612903226,818147,0
2016-01-11,2016,1,4.583769105451364,.6476218195652508,.06476218195652508,.06476218195652508,688,749,654,604,11.54254094460512,20.67741935483871,5.483870967741935,1.806451612903226,818147,0
2016-01-12,2016,1,4.675279622374735,2.12952436391305,.1295243639130501,1.532153724017603,655,734,636,580,19.3432211491937,20.67741935483871,5.483870967741935,1.806451612903226,818147,0
2016-01-13,2016,1,1.402629360104552,4.337867178148027,1.661223354009334,1.193831811948256,584,677,626,574,24.22729831972474,20.67741935483871,5.483870967741935,1.806451612903226,818147,0
2016-01-14,2016,1,5.273559730112821,2.323810909782625,2.661223354009333,1.726895003808497,549,634,578,545,34.07105679725217,20.67741935483871,5.483870967741935,1.806451612903226,818147,0
2016-01-15,2016,1,7.208342814234975,.3238109097826253,2.338321912069346,1.402629360104552,551,622,539,505,20.89310018935459,20.67741935483871,5.483870967741935,1.806451612903226,818147,0
2016-01-16,2016,1,11.20834281423498,1.050251179669803,0,0,553,610,522,498,5.349163866578186,20.67741935483871,5.483870967741935,1.806451612903226,818147,0
2016-01-17,2016,1,6.676189090217374,1.921181549678072,1.402174626183233,0,607,628,521,510,9.154877320708611,20.67741935483871,5.483870967741935,1.806451612903226,818147,0
2016-01-18,2016,1,0,0,3.634905221741625,3.634905221741625,657,737,567,533,22.65613346448485,20.67741935483871,5.483870967741935,1.806451612903226,818147,0
2016-01-19,2016,1,3.00045473392132,3.934328350200837,2.805258720209105,3.272650262270183,656,743,619,616,20.2667075448857,20.67741935483871,5.483870967741935,1.806451612903226,818147,0
2016-01-20,2016,1,1.403084094025872,4.208342814234976,1.596915905974128,.6616780879306529,655,741,611,605,28.85096256066571,20.67741935483871,5.483870967741935,1.806451612903226,818147,0
2016-01-21,2016,1,3,3.596915905974128,0,0,655,737,614,617,10.73591802263206,20.67741935483871,5.483870967741935,1.806451612903226,818147,0
2016-01-22,2016,1,1.87002090216563,2.870475636086949,2.87002090216563,3.337412444226707,656,729,605,613,23.86498765262379,20.67741935483871,5.483870967741935,1.806451612903226,818147,0
2016-01-23,2016,1,1.936147285886114,2.467391542061078,3.403084094025872,5.740496538252581,657,732,605,602,24.63311081727853,20.67741935483871,5.483870967741935,1.806451612903226,818147,0
2016-01-24,2016,1,0,1.402629360104552,3.115013361626328,4.049341711827164,655,747,613,597,25.83827049406427,20.67741935483871,5.483870967741935,1.806451612903226,818147,0
2016-01-25,2016,1,8.014056268365405,1.791202451843703,1.87047563608695,0,596,764,614,596,17.21554689737326,20.67741935483871,5.483870967741935,1.806451612903226,818147,0
2016-01-26,2016,1,1.935237818043475,3.805258720209105,1.532153724017603,1.064762181956525,562,701,540,551,16.0198649733324,20.67741935483871,5.483870967741935,1.806451612903226,818147,0
2016-01-27,2016,1,3.273559730112821,4.207888080313658,1.064307448035205,1.999090532157361,563,702,526,530,20.7345538208681,20.67741935483871,5.483870967741935,1.806451612903226,818147,0
2016-01-28,2016,1,4.208797548156297,1.87047563608695,1.531698990096283,2.934328350200836,564,686,496,515,27.18925329632773,20.67741935483871,5.483870967741935,1.806451612903226,818147,0
2016-01-29,2016,1,4.740951272173898,.7916571857650225,5.272195528348862,2.935237818043475,565,675,515,527,37.7345538208681,20.67741935483871,5.483870967741935,1.806451612903226,818147,0
2016-01-30,2016,1,0,.06476218195652508,3.402174626183234,9.013146800522764,565,654,516,532,24.77441777995039,20.67741935483871,5.483870967741935,1.806451612903226,818147,0
2016-01-31,2016,1,0,0,2.805713454130425,2.337412444226708,566,644,522,538,18.98321532810668,20.67741935483871,5.483870967741935,1.806451612903226,818147,0
2016-02-01,2016,2,0,.4673915420610777,3.000454733921319,2.532608457938922,568,682,528,545,20.5276063848044,19.44827586206896,4.931034482758621,2,818147,0
2016-02-02,2016,2,3.272650262270183,9.819769722495826,2.2590487278261,.8564193677215475,607,682,526,544,13.03713555555436,19.44827586206896,4.931034482758621,2,818147,0
2016-02-03,2016,2,7.014056268365402,1.193831811948256,.1295243639130501,1.064307448035205,664,728,543,548,12.15351311894465,19.44827586206896,4.931034482758621,2,818147,0
2016-02-04,2016,2,7.01496573620804,1.596915905974128,4.273104996191502,1.934783084122156,664,730,591,607,15.55432354336393,19.44827586206896,4.931034482758621,2,818147,0
2016-02-05,2016,2,12.82067919033847,1.582404903687406,.06476218195652508,.06476218195652508,664,712,564,585,10.62090466100573,19.44827586206896,4.931034482758621,2,818147,0
2016-02-06,2016,2,5.675734356296055,1.791657185765023,.9352378180434749,3.273104996191503,664,721,584,606,6.985488997713278,19.44827586206896,4.931034482758621,2,818147,0
2016-02-07,2016,2,6.740951272173898,.9854889977132781,1.467846275982397,4.273104996191502,663,711,569,597,8.349163866578184,19.44827586206896,4.931034482758621,2,818147,0
2016-02-08,2016,2,8.610972174339528,3.662587555773291,1.402629360104552,0,665,721,582,623,23.02080561758236,19.44827586206896,4.931034482758621,2,818147,0
2016-02-09,2016,2,3.273559730112822,5.610062706496891,2.661678087930653,.7912024518437032,665,714,577,611,22.18879856240642,19.44827586206896,4.931034482758621,2,818147,0
2016-02-10,2016,2,7.078363716400609,2.403084094025872,2.934783084122155,1.064762181956525,665,711,540,595,23.05605988463681,19.44827586206896,4.931034482758621,2,818147,0
2016-02-11,2016,2,4.805258720209107,2.662132821851972,2.337412444226708,.9352378180434749,665,705,562,609,24.23904974207622,19.44827586206896,4.931034482758621,2,818147,0
2016-02-12,2016,2,3.870930370008268,5.273559730112821,1.531698990096283,.5973706398954473,702,713,575,603,30.7182238828961,19.44827586206896,4.931034482758621,2,818147,0
2016-02-13,2016,2,3.40399356186851,.9347830841221554,3.661678087930653,4.597370639895447,734,753,618,630,21.32059659592606,19.44827586206896,4.931034482758621,2,818147,0
2016-02-14,2016,2,2.935237818043475,2.596915905974128,3.337412444226707,3.805258720209105,732,743,646,664,12.97052326150524,19.44827586206896,4.931034482758621,2,818147,0
2016-02-15,2016,2,6.337867178148027,3.532153724017602,.1942865458695752,.1942865458695752,729,739,657,668,18.51673325388824,19.44827586206896,4.931034482758621,2,818147,0
2016-02-16,2016,2,4.676643824138694,3.12952436391305,2.402174626183234,1.935237818043475,821,747,671,676,20.05790999672941,19.44827586206896,4.931034482758621,2,818147,0
2016-02-17,2016,2,3.7409512721739,1.403084094025872,2.531698990096284,1.597370639895447,916,1020,789,737,23.39438179670615,19.44827586206896,4.931034482758621,2,818147,0
2016-02-18,2016,2,0,.4673915420610777,3.193831811948256,2.725985535965859,1030,1070,881,827,42.28796789638939,19.44827586206896,4.931034482758621,2,818147,0
2016-02-19,2016,2,1.064762181956525,1.402629360104552,3.403538827947191,5.74049653825258,1070,1140,982,918,27.7345538208681,19.44827586206896,4.931034482758621,2,818147,0
2016-02-20,2016,2,6.611426908260849,4.870930370008268,2.064307448035205,.6616780879306529,1070,1130,998,993,10.99902755446252,19.44827586206896,4.931034482758621,2,818147,0
2016-02-21,2016,2,2.870930370008269,.06476218195652507,0,0,973,1160,1010,1010,17.50024311138437,19.44827586206896,4.931034482758621,2,818147,0
2016-02-22,2016,2,4.468301009903715,3.661223354009333,2.805258720209105,.9356925519647942,1070,1040,895,941,24.74817666461723,19.44827586206896,4.931034482758621,2,818147,0
2016-02-23,2016,2,5.129979097834369,1.935237818043474,.5321537240176027,.06476218195652507,1180,1280,1050,1010,9.748662887385965,19.44827586206896,4.931034482758621,2,818147,0
2016-02-24,2016,2,3.805258720209105,5.402629360104552,0,1.402629360104552,1190,1240,1080,1120,12.54163147676248,19.44827586206896,4.931034482758621,2,818147,0
2016-02-25,2016,2,3.466936808139758,1.597370639895447,4.272195528348862,.9995452660786804,1180,1250,1080,1100,17.79977073674594,19.44827586206896,4.931034482758621,2,818147,0
2016-02-26,2016,2,1.403084094025872,4.273559730112821,1.790747717922384,.3885730917391504,1070,1260,1100,1100,24.43927900533027,19.44827586206896,4.931034482758621,2,818147,0
2016-02-27,2016,2,1.403084094025872,.9352378180434748,4.596461172052808,3.193831811948255,973,1070,1020,1020,20.95646699313983,19.44827586206896,4.931034482758621,2,818147,0
2016-02-28,2016,2,.5321537240176027,.9995452660786804,3.869566168244311,9.014056268365401,974,1070,977,940,17.84099889759218,19.44827586206896,4.931034482758621,2,818147,0
2016-02-29,2016,2,1.531698990096283,2.934783084122155,2.934783084122155,2.935692551964795,856,1040,964,934,33.05336265751621,19.44827586206896,4.931034482758621,2,818147,0
2016-03-01,2016,3,.5321537240176029,.4678462759823972,4.676189090217375,4.676189090217375,838,945,819,835,27.44648308846856,20.70967741935484,6.032258064516129,2.258064516129032,818147,0
2016-03-02,2016,3,3.870020902165629,4,2.401719892261914,3.337867178148027,828,961,854,822,33.40343599193704,20.70967741935484,6.032258064516129,2.258064516129032,818147,0
2016-03-03,2016,3,.9352378180434748,2.337867178148028,1.403538827947191,3.273104996191502,832,939,819,815,29.29024156599599,20.70967741935484,6.032258064516129,2.258064516129032,818147,0
2016-03-04,2016,3,0,.9347830841221554,3.063852714113886,3.064762181956525,998,958,860,810,30.49683955200319,20.70967741935484,6.032258064516129,2.258064516129032,818147,0
2016-03-05,2016,3,1.87047563608695,.5321537240176029,1.467391542061078,2.403084094025872,1110,1170,1050,943,28.76704850798729,20.70967741935484,6.032258064516129,2.258064516129032,818147,0
2016-03-06,2016,3,0,0,6.144035366199772,3.806168188051744,1110,1150,1100,1030,13.16526454129613,20.70967741935484,6.032258064516129,2.258064516129032,818147,0
2016-03-07,2016,3,0,1.402629360104553,5.740496538252581,3.87093037000827,1040,1120,1070,999,24.57967650015949,20.70967741935484,6.032258064516129,2.258064516129032,818147,0
2016-03-08,2016,3,4.532608457938922,4.402629360104552,.9995452660786804,2.402174626183233,936,1030,1020,944,20.93111403634427,20.70967741935484,6.032258064516129,2.258064516129032,818147,0
2016-03-09,2016,3,5.208342814234977,4.467846275982397,0,0,914,995,901,826,18.33237919468487,20.70967741935484,6.032258064516129,2.258064516129032,818147,0
2016-03-10,2016,3,4.467846275982397,2.467391542061078,3.000909467842639,3.935237818043475,1050,1030,895,823,17.97006852758392,20.70967741935484,6.032258064516129,2.258064516129032,818147,0
2016-03-11,2016,3,0,0,0,0,1170,1270,1090,977,18.95555752529719,20.70967741935484,6.032258064516129,2.258064516129032,818147,0
2016-03-12,2016,3,0,3.273559730112821,2.12952436391305,1.194286545869575,1180,1280,1100,1010,40.27939961148714,20.70967741935484,6.032258064516129,2.258064516129032,818147,0
2016-03-13,2016,3,.4673915420610777,.9356925519647942,5.337867178148027,5.338321912069346,1180,1260,1120,989,9.348709132656866,20.70967741935484,6.032258064516129,2.258064516129032,818147,0
2016-03-14,2016,3,0,.4673915420610777,3.402174626183232,2.933873616279516,1030,1190,1110,962,29.09689566437638,20.70967741935484,6.032258064516129,2.258064516129032,818147,0
2016-03-15,2016,3,5.272650262270182,4.064762181956525,.06476218195652507,2.402629360104553,940,1010,978,878,35.23817145064091,20.70967741935484,6.032258064516129,2.258064516129032,818147,0
2016-03-16,2016,3,8.014056268365405,1.453335273695676,.9347830841221555,.9347830841221555,933,1000,946,797,38.82012162040699,20.70967741935484,6.032258064516129,2.258064516129032,818147,0
2016-03-17,2016,3,1.467846275982397,2.467391542061078,4.870020902165631,4.402629360104553,928,1020,912,793,36.95558870170453,20.70967741935484,6.032258064516129,2.258064516129032,818147,0
2016-03-18,2016,3,0,.4678462759823971,.9352378180434748,0,927,1010,866,782,42.35367072259587,20.70967741935484,6.032258064516129,2.258064516129032,818147,0
2016-03-19,2016,3,0,0,0,0,919,944,815,730,23.02489822287425,20.70967741935484,6.032258064516129,2.258064516129032,818147,0
2016-03-20,2016,3,0,0,0,0,918,966,825,737,18.68612157688358,20.70967741935484,6.032258064516129,2.258064516129032,818147,0
2016-03-21,2016,3,0,0,1,1,917,977,817,743,35.65209749917562,20.70967741935484,6.032258064516129,2.258064516129032,818147,0
2016-03-22,2016,3,0,0,4.338321912069347,4.337412444226708,910,988,833,746,158.6092994645451,20.70967741935484,6.032258064516129,2.258064516129032,818147,0
2016-03-23,2016,3,2.402629360104553,11.82022445641715,2.259048727826101,.3885730917391504,904,972,827,730,81.86861621720617,20.70967741935484,6.032258064516129,2.258064516129032,818147,0
2016-03-24,2016,3,.5969159059741278,3.402174626183232,.5969159059741278,1.064762181956525,963,981,866,736,17.64307448035205,20.70967741935484,6.032258064516129,2.258064516129032,818147,0
2016-03-25,2016,3,3.272650262270183,.06476218195652507,3.466482074218439,3,1010,1040,907,779,24.9410776994178,20.70967741935484,6.032258064516129,2.258064516129032,818147,0
2016-03-26,2016,3,4.805713454130426,1.12952436391305,2.193831811948256,2.193831811948256,1010,1040,926,820,27.31877766024079,20.70967741935484,6.032258064516129,2.258064516129032,818147,0
2016-03-27,2016,3,3.337412444226707,3.806168188051744,2.727349737729817,3.194741279790894,1010,1050,922,836,8.607757860482966,20.70967741935484,6.032258064516129,2.258064516129032,818147,0
2016-03-28,2016,3,0,.4673915420610777,.9995452660786805,2.402174626183234,1000,1060,938,829,25.79792062465334,20.70967741935484,6.032258064516129,2.258064516129032,818147,0
2016-03-29,2016,3,1,1.064762181956525,4.740951272173899,4.273559730112821,934,1060,924,801,75.00061026660035,20.70967741935484,6.032258064516129,2.258064516129032,818147,0
2016-03-30,2016,3,9.077908982479288,1.388573091739151,2.2590487278261,.3885730917391504,892,1000,872,762,25.33422930677747,20.70967741935484,6.032258064516129,2.258064516129032,818147,0
2016-03-31,2016,3,0,3.805713454130425,3.402629360104553,3.403084094025872,894,1010,840,704,23.31789936880547,20.70967741935484,6.032258064516129,2.258064516129032,818147,0
2016-04-01,2016,4,0,.4678462759823971,1.532153724017603,1.999090532157361,896,986,795,673,14.15305838502333,18.56666666666667,5.9,2.097247706422019,818147,0
2016-04-02,2016,4,.4678462759823971,2.805713454130424,3.531244256174964,2.128614896070411,898,974,798,671,10.92072681575675,18.56666666666667,5.9,2.097247706422019,818147,0
2016-04-03,2016,4,1,4.740951272173899,4.531244256174965,3.12952436391305,898,968,798,679,10.2187300348225,18.56666666666667,5.9,2.097247706422019,818147,0
2016-04-04,2016,4,0,1.870930370008269,4.804803986287787,3.87093037000827,800,935,800,691,19.30839043965327,18.56666666666667,5.9,2.097247706422019,818147,0
2016-04-05,2016,4,2.337867178148028,3.805713454130425,2.000454733921319,2.935237818043475,732,822,647,563,41.35318481226723,18.56666666666667,5.9,2.097247706422019,818147,0
2016-04-06,2016,4,6.208342814234977,4.597370639895447,.9352378180434749,0,682,808,590,468,16.47641456088464,18.56666666666667,5.9,2.097247706422019,818147,0
2016-04-07,2016,4,0,4.208797548156297,2.338321912069347,3.273104996191503,652,751,557,476,26.60454354662641,18.56666666666667,5.9,2.097247706422019,818147,0
2016-04-08,2016,4,.4673915420610777,0,.9352378180434749,1.87047563608695,650,748,534,406,21.56880336924332,18.56666666666667,5.9,2.097247706422019,818147,0
2016-04-09,2016,4,1.99902755446252,1.00048622276874,5.500243111384369,7.499756888615631,654,830,654,544,6.749635332923445,18.56666666666667,5.9,2.097247706422019,818147,0
2016-04-10,2016,4,.7912024518437031,3.000454733921319,2.532153724017603,2.064762181956525,654,789,586,483,8.427527582978794,18.56666666666667,5.9,2.097247706422019,818147,0
2016-04-11,2016,4,0,0,4.806622921973064,7.611881642182169,821,800,562,488,7.621814128848369,18.56666666666667,5.9,2.097247706422019,818147,0
2016-04-12,2016,4,2.402629360104553,.1942865458695752,.9352378180434748,1.402629360104552,928,958,754,586,8.387663623896509,18.56666666666667,5.9,2.097247706422019,818147,0
2016-04-13,2016,4,1.402629360104552,.9347830841221554,3.467391542061077,1.597370639895447,820,941,826,711,13.06339798019257,18.56666666666667,5.9,2.097247706422019,818147,0
2016-04-14,2016,4,0,0,.5969159059741278,1.531698990096283,729,778,661,636,17.17841134181889,18.56666666666667,5.9,2.097247706422019,818147,0
2016-04-15,2016,4,1.403084094025872,.9995452660786804,4.208342814234976,4.207888080313658,708,754,570,544,22.07333046685877,18.56666666666667,5.9,2.097247706422019,818147,0
2016-04-16,2016,4,.5326084579389223,0,3,7.207433346392339,712,790,594,535,8.064762181956526,18.56666666666667,5.9,2.097247706422019,818147,0
2016-04-17,2016,4,3.065671649799164,.06476218195652508,0,0,713,794,641,590,3.492744498856639,18.56666666666667,5.9,2.097247706422019,818147,0
2016-04-18,2016,4,2.323356175861305,2.727349737729817,1.935237818043474,1.935237818043474,900,818,654,600,8.998635798236041,18.56666666666667,5.9,2.097247706422019,818147,0
2016-04-19,2016,4,5.336502976384069,4.339231379911985,.5969159059741278,.5973706398954473,1010,1040,947,770,15.55341407552129,18.56666666666667,5.9,2.097247706422019,818147,0
2016-04-20,2016,4,6.208342814234976,4.467846275982397,1,.06476218195652507,1070,1030,962,843,16.68384790727697,18.56666666666667,5.9,2.097247706422019,818147,0
2016-04-21,2016,4,4.532608457938922,2.532608457938922,1.935237818043474,1.467391542061078,1110,1080,1010,865,14.6965087974711,18.56666666666667,5.9,2.097247706422019,818147,0
2016-04-22,2016,4,1.065216915877844,1.596915905974128,.4678462759823971,1.87047563608695,1110,1110,1070,927,28.90166847425684,18.56666666666667,5.9,2.097247706422019,818147,0
2016-04-23,2016,4,0,0,3.467391542061077,2.532608457938922,1100,1130,1080,949,16.74963533292345,18.56666666666667,5.9,2.097247706422019,818147,0
2016-04-24,2016,4,0,1.87047563608695,4.935692551964793,5.402174626183233,1100,1110,1060,933,10.5,18.56666666666667,5.9,2.097247706422019,818147,0
2016-04-25,2016,4,.8783017405805416,0,2.634905221741625,7.026413924644332,1200,1120,1060,925,54,18.56666666666667,5.9,2.097247706422019,818147,0
2016-04-26,2016,4,.5321537240176027,5.208797548156296,2.661678087930652,1.726895003808497,1320,1260,1180,985,44.16347678201817,18.56666666666667,5.9,2.097247706422019,818147,0
2016-04-27,2016,4,0,1.935237818043474,3.596915905974127,3.12906962999173,1320,1240,1190,1020,22.54029845140585,18.56666666666667,5.9,2.097247706422019,818147,0
2016-04-28,2016,4,1.934783084122156,1,.06476218195652508,1.466936808139758,1230,1230,1190,995,21.71101979975781,18.56666666666667,5.9,2.097247706422019,818147,0
2016-04-29,2016,4,2.467391542061078,4.870020902165631,2.12952436391305,1.194286545869575,1150,1140,1100,936,15.10189773751089,18.56666666666667,5.9,2.097247706422019,818147,0
2016-04-30,2016,4,2.064307448035206,3.12952436391305,1.467846275982397,1.935237818043475,1130,1120,1060,856,5.090115138752087,18.56666666666667,5.9,2.097247706422019,818147,0
2016-05-01,2016,5,0,0,0,0,1140,1140,1080,866,10.25262010011298,18.12903225806452,4.612903225806452,1.728913879846108,818147,0
2016-05-02,2016,5,1.935692551964794,.9352378180434748,5.596461172052808,.9211815496780725,1140,1160,1100,853,14.38584468821123,18.12903225806452,4.612903225806452,1.728913879846108,818147,0
2016-05-03,2016,5,4.337412444226708,4.870475636086949,.4533352736956755,.4533352736956755,1140,1170,1090,839,14.39944622265532,18.12903225806452,4.612903225806452,1.728913879846108,818147,0
2016-05-04,2016,5,2.596915905974128,.5973706398954474,3.531698990096284,2.596915905974128,1130,1160,1070,834,18.80116611491723,18.12903225806452,4.612903225806452,1.728913879846108,818147,0
2016-05-05,2016,5,.9347830841221554,1.934328350200836,1.468301009903716,3.338321912069347,1120,1130,1040,816,26.1498752475741,18.12903225806452,4.612903225806452,1.728913879846108,818147,0
2016-05-06,2016,5,.5321537240176029,.5326084579389223,0,.9347830841221555,1090,1070,992,787,116.5450543693246,18.12903225806452,4.612903225806452,1.728913879846108,818147,0
2016-05-07,2016,5,1.403084094025872,2.934783084122155,5.273559730112822,3.87047563608695,1060,1040,938,739,23.82742853955543,18.12903225806452,4.612903225806452,1.728913879846108,818147,0
2016-05-08,2016,5,2.806168188051744,6.546664726304323,1.194286545869575,3.064762181956525,1060,1070,960,762,10.66031388616669,18.12903225806452,4.612903225806452,1.728913879846108,818147,0
2016-05-09,2016,5,.4673915420610777,7.481902544347799,.2590487278261003,.2590487278261003,1120,1100,967,792,24.81294871367603,18.12903225806452,4.612903225806452,1.728913879846108,818147,0
2016-05-10,2016,5,.06476218195652507,1.467846275982397,5.12861489607041,2.791202451843703,1250,1210,1010,831,19.67118701708286,18.12903225806452,4.612903225806452,1.728913879846108,818147,0
2016-05-11,2016,5,3.467846275982397,4.403084094025871,4.273559730112821,1,1310,1330,1130,924,29.73231132766882,18.12903225806452,4.612903225806452,1.728913879846108,818147,0
2016-05-12,2016,5,4.870020902165631,3.065216915877845,.2590487278261003,1.661678087930653,1300,1320,1150,977,18.51491431820297,18.12903225806452,4.612903225806452,1.728913879846108,818147,0
2016-05-13,2016,5,3.063397980192566,1.194286545869575,2.403084094025872,2.870475636086949,1300,1290,1170,991,25.74477310523605,18.12903225806452,4.612903225806452,1.728913879846108,818147,0
2016-05-14,2016,5,1.403084094025872,.9347830841221555,1,.5326084579389223,1360,1290,1170,967,35.22895206658522,18.12903225806452,4.612903225806452,1.728913879846108,818147,0
2016-05-15,2016,5,.4678462759823971,.4673915420610777,1.402629360104552,0,1450,1410,1270,1040,13.43836953748763,18.12903225806452,4.612903225806452,1.728913879846108,818147,0
2016-05-16,2016,5,3.00045473392132,.2590487278261003,7.675734356296055,3.468301009903717,1560,1580,1400,1110,28.41168355533544,18.12903225806452,4.612903225806452,1.728913879846108,818147,0
2016-05-17,2016,5,1.87002090216563,1.403084094025872,1,1,1650,1660,1510,1220,16.35773215148043,18.12903225806452,4.612903225806452,1.728913879846108,818147,0
2016-05-18,2016,5,2.337867178148028,.4673915420610777,.4673915420610777,.9352378180434748,1760,1720,1590,1280,6.439764915658919,18.12903225806452,4.612903225806452,1.728913879846108,818147,0
2016-05-19,2016,5,.5326084579389222,.5321537240176027,8.142671164435813,3.936147285886113,1950,1850,1690,1400,13.60869850473293,18.12903225806452,4.612903225806452,1.728913879846108,818147,0
2016-05-20,2016,5,0,.4673915420610777,3.337412444226707,6.143125898357132,2120,1980,1850,1550,14.95831710523244,18.12903225806452,4.612903225806452,1.728913879846108,818147,0
2016-05-21,2016,5,0,0,2.401719892261914,1.467391542061078,2230,2120,1970,1690,20.06203377842861,18.12903225806452,4.612903225806452,1.728913879846108,818147,0
2016-05-22,2016,5,0,0,5.338321912069347,8.61097217433953,2230,2110,1990,1740,10.85550989987891,18.12903225806452,4.612903225806452,1.728913879846108,818147,0
2016-05-23,2016,5,1.402629360104552,.06476218195652507,7.013601534444082,3.274014464034141,2640,2150,1990,1730,20.9311452127516,18.12903225806452,4.612903225806452,1.728913879846108,818147,0
2016-05-24,2016,5,.4678462759823971,1.467391542061078,7.207888080313658,7.677098558060012,3110,2610,2440,2080,27.74282821416109,18.12903225806452,4.612903225806452,1.728913879846108,818147,0
2016-05-25,2016,5,.4678462759823971,0,2.934783084122155,1.531698990096283,3340,2830,2660,2440,18.98321532810668,18.12903225806452,4.612903225806452,1.728913879846108,818147,0
2016-05-26,2016,5,0,1.935237818043474,7.337412444226707,4.532608457938922,3400,2950,2710,2550,35.65303814342558,18.12903225806452,4.612903225806452,1.728913879846108,818147,0
2016-05-27,2016,5,.5321537240176029,5.675734356296055,.9854889977132782,1.920726815756753,3400,2950,2710,2600,24.80025664707459,18.12903225806452,4.612903225806452,1.728913879846108,818147,0
2016-05-28,2016,5,1.999090532157361,2.869566168244311,2.403084094025872,2.870475636086949,3410,2960,2740,2650,14.37451682337375,18.12903225806452,4.612903225806452,1.728913879846108,818147,0
2016-05-29,2016,5,2.402629360104553,2.805258720209105,2.87047563608695,3.806168188051744,3390,2980,2830,2740,18.29478890520918,18.12903225806452,4.612903225806452,1.728913879846108,818147,0
2016-05-30,2016,5,1.402629360104553,.1942865458695752,4.208797548156297,3.7409512721739,3380,3000,2920,2720,18.79120245184371,18.12903225806452,4.612903225806452,1.728913879846108,818147,0
2016-05-31,2016,5,.06476218195652508,1.532608457938922,1.402629360104553,.9352378180434749,3300,3000,2980,2690,26.82145464576362,18.12903225806452,4.612903225806452,1.728913879846108,818147,0
2016-06-01,2016,6,1.935237818043474,1.403084094025872,.9356925519647942,1.870930370008269,3260,3030,2920,2610,19.99545266078681,17,4.666666666666667,1.320489296636086,818147,0
2016-06-02,2016,6,4.065216915877845,1.194286545869575,2.532153724017603,.661678087930653,3260,3090,3140,2740,13.4655726063758,17,4.666666666666667,1.320489296636086,818147,0
2016-06-03,2016,6,6.611881642182168,3.533063191860241,.1295243639130501,.1295243639130501,3400,3120,3070,2620,20.15123944933805,17,4.666666666666667,1.320489296636086,818147,0
2016-06-04,2016,6,3.870930370008268,.9352378180434748,1.402629360104552,0,3470,3310,3400,2690,16.34870913265686,17,4.666666666666667,1.320489296636086,818147,0
2016-06-05,2016,6,1.467391542061078,1.468301009903716,.9352378180434748,1.870930370008269,3730,3330,3630,2730,17.88086285667447,17,4.666666666666667,1.320489296636086,818147,0
2016-06-06,2016,6,4.00048622276874,.5002431113843699,2.00097244553748,3.50072933415311,3970,3680,3310,2900,21.74866288738597,17,4.666666666666667,1.320489296636086,818147,0
2016-06-07,2016,6,1.532608457938922,.4678462759823971,5.143125898357132,1.871385103929588,4020,3840,3450,3100,28.04843224398453,17,4.666666666666667,1.320489296636086,818147,0
2016-06-08,2016,6,2.402629360104553,1.532153724017603,1.403084094025872,2.805713454130425,3930,3820,3330,3190,28.93065930242296,17,4.666666666666667,1.320489296636086,818147,0
2016-06-09,2016,6,4.74049653825258,2.000454733921319,1,1.467391542061078,3880,3700,3170,3250,27.09913815757564,17,4.666666666666667,1.320489296636086,818147,0
2016-06-10,2016,6,4.402629360104552,5.208342814234977,.3238109097826253,.7912024518437031,3800,3690,3100,3280,23.2667075448857,17,4.666666666666667,1.320489296636086,818147,0
2016-06-11,2016,6,.06476218195652507,1.467391542061078,2.065216915877844,2.064762181956525,3620,3580,2880,3100,22.58104070192344,17,4.666666666666667,1.320489296636086,818147,0
2016-06-12,2016,6,.9352378180434748,1.935237818043474,1.661678087930653,1.662132821851972,3550,3450,2740,2870,16.13991158450057,17,4.666666666666667,1.320489296636086,818147,0
2016-06-13,2016,6,.06476218195652507,.9352378180434748,3.661678087930653,3.194286545869575,3410,3410,2710,2870,31.07242099901613,17,4.666666666666667,1.320489296636086,818147,0
2016-06-14,2016,6,0,0,6.079727918164565,7.013601534444082,3220,3140,2650,2890,24.72280239851662,17,4.666666666666667,1.320489296636086,818147,0
2016-06-15,2016,6,0,0,0,0,3170,2940,2550,2760,36.61632614538521,17,4.666666666666667,1.320489296636086,818147,0
2016-06-16,2016,6,0,.9352378180434748,3.597370639895447,2.194741279790894,3030,2820,2580,2740,56.29841746979156,17,4.666666666666667,1.320489296636086,818147,0
2016-06-17,2016,6,5.207888080313658,4.806622921973064,2.999090532157362,1.596461172052809,2770,2620,2460,2580,29.81109860158343,17,4.666666666666667,1.320489296636086,818147,0
2016-06-18,2016,6,1.402629360104552,2.402629360104553,1.791657185765022,.8564193677215475,2430,2340,2220,2340,20.05972893241468,17,4.666666666666667,1.320489296636086,818147,0
2016-06-19,2016,6,4.337867178148027,5.208342814234977,1.2590487278261,1.2590487278261,2130,1980,1920,1990,30.60821259440428,17,4.666666666666667,1.320489296636086,818147,0
2016-06-20,2016,6,1.129069629991731,1.935237818043474,2.805258720209105,1.402629360104552,1900,1750,1690,1720,27.22775305364605,17,4.666666666666667,1.320489296636086,818147,0
2016-06-21,2016,6,.9995452660786804,.5969159059741278,3.805713454130425,6.14449010012109,1640,1500,1460,1490,31.91572474262223,17,4.666666666666667,1.320489296636086,818147,0
2016-06-22,2016,6,1.402629360104553,3.74049653825258,2.064762181956525,3.935237818043475,1430,1280,1220,1260,40.57649336271026,17,4.666666666666667,1.320489296636086,818147,0
2016-06-23,2016,6,1.87002090216563,2.935692551964794,4.192922344105616,.4533352736956755,1240,1100,1050,1120,28.2263888518821,17,4.666666666666667,1.320489296636086,818147,0
2016-06-24,2016,6,2.934783084122155,1.935237818043475,1.661678087930653,2.12997909783437,1160,990,860,912,26.73500855478942,17,4.666666666666667,1.320489296636086,818147,0
2016-06-25,2016,6,2.870475636086949,1.99954526607868,1,1.934783084122156,1240,1050,835,838,15.11501336162633,17,4.666666666666667,1.320489296636086,818147,0
2016-06-26,2016,6,.5973706398954473,.4673915420610777,1.467391542061078,2.402174626183233,1290,1190,905,895,11.26989068233494,17,4.666666666666667,1.320489296636086,818147,0
2016-06-27,2016,6,.9995452660786805,3.532608457938923,2.337867178148028,1.87047563608695,1290,1240,927,928,20.89173598759064,17,4.666666666666667,1.320489296636086,818147,0
2016-06-28,2016,6,.9347830841221554,1.403084094025872,.4678462759823971,1.403084094025872,1260,1250,919,933,25.06248851234992,17,4.666666666666667,1.320489296636086,818147,0
2016-06-29,2016,6,.4673915420610777,.4678462759823971,3.805258720209105,3.337412444226707,1130,1200,833,889,30.49903911415228,17,4.666666666666667,1.320489296636086,818147,0
2016-06-30,2016,6,2,2.403084094025872,3.935237818043475,1.597825373816766,1080,1090,731,830,37.76025867557482,17,4.666666666666667,1.320489296636086,818147,0
2016-07-01,2016,7,1,.5002431113843699,3.00097244553748,3.50024311138437,1080,1120,654,730,43.48565642832217,17.54838709677419,4.548387096774194,1.428233205090264,818147,0
2016-07-02,2016,7,2.402174626183234,6.740951272173899,1,.5321537240176029,1070,1080,692,740,7.557506680813164,17.54838709677419,4.548387096774194,1.428233205090264,818147,0
2016-07-03,2016,7,4.336957710305389,2.467391542061077,1.531698990096283,.1295243639130501,1070,1030,669,739,12.38811835781783,17.54838709677419,4.548387096774194,1.428233205090264,818147,0
2016-07-04,2016,7,3,4.403084094025871,.5973706398954473,1.531698990096283,1070,1040,654,737,27.33877664599066,17.54838709677419,4.548387096774194,1.428233205090264,818147,0
2016-07-05,2016,7,.5326084579389223,2.467846275982397,5.065216915877844,2.726895003808497,1070,1020,669,740,42.09550028620509,17.54838709677419,4.548387096774194,1.428233205090264,818147,0
2016-07-06,2016,7,0,3.273104996191502,5.74004180433126,4.337867178148027,1040,981,631,733,18.12679596038513,17.54838709677419,4.548387096774194,1.428233205090264,818147,0
2016-07-07,2016,7,1.467846275982397,2.402629360104553,2,1.064762181956525,1030,866,555,666,40.09371252692713,17.54838709677419,4.548387096774194,1.428233205090264,818147,0
2016-07-08,2016,7,1.064762181956525,4.337412444226708,1.532608457938922,2,1030,904,557,618,21.50085804983756,17.54838709677419,4.548387096774194,1.428233205090264,818147,0
2016-07-09,2016,7,2.065216915877845,2.661223354009334,3.533063191860242,2.130433831755689,1020,899,566,620,16.94471557078836,17.54838709677419,4.548387096774194,1.428233205090264,818147,0
2016-07-10,2016,7,.4678462759823971,.9352378180434748,3.064762181956525,3.532153724017602,1030,862,575,614,25.66979163891157,17.54838709677419,4.548387096774194,1.428233205090264,818147,0
2016-07-11,2016,7,0,1.87047563608695,1.452880539774356,1.920272081835434,987,840,560,587,33.97960863314346,17.54838709677419,4.548387096774194,1.428233205090264,818147,0
2016-07-12,2016,7,0,0,2.129069629991731,1.193831811948256,1030,776,528,556,33.24995404939972,17.54838709677419,4.548387096774194,1.428233205090264,818147,0
2016-07-13,2016,7,3.403084094025872,4.402629360104553,2.063852714113886,2.064307448035206,1070,875,574,575,39.13312175208812,17.54838709677419,4.548387096774194,1.428233205090264,818147,0
2016-07-14,2016,7,1.402629360104553,4.805713454130426,3.467391542061077,2.532608457938922,1080,860,580,618,47.76759677113059,17.54838709677419,4.548387096774194,1.428233205090264,818147,0
2016-07-15,2016,7,1.87047563608695,.4673915420610777,2.064307448035206,2.064307448035206,1080,876,608,623,50.27573056370927,17.54838709677419,4.548387096774194,1.428233205090264,818147,0
2016-07-16,2016,7,.4673915420610777,0,1.99954526607868,1.532153724017603,1090,870,642,658,79.76711086080194,17.54838709677419,4.548387096774194,1.428233205090264,818147,0
2016-07-17,2016,7,3.337867178148027,3.467391542061077,1.12952436391305,2.064307448035206,1100,858,655,676,34.50088922624489,17.54838709677419,4.548387096774194,1.428233205090264,818147,0
2016-07-18,2016,7,.5326084579389222,2.467846275982397,3.870475636086949,1.532608457938922,1090,862,658,683,46.6752079627719,17.54838709677419,4.548387096774194,1.428233205090264,818147,0
2016-07-19,2016,7,.4673915420610777,2.806168188051744,5.143125898357132,4.207888080313658,1060,876,656,670,24.64534814995865,17.54838709677419,4.548387096774194,1.428233205090264,818147,0
2016-07-20,2016,7,1.402629360104552,1.403084094025872,2.935692551964794,3.403084094025872,1040,827,614,640,38.14535908476822,17.54838709677419,4.548387096774194,1.428233205090264,818147,0
2016-07-21,2016,7,.9347830841221554,0,4.871385103929588,6.273104996191501,1040,772,561,583,29.18655606920714,17.54838709677419,4.548387096774194,1.428233205090264,818147,0
2016-07-22,2016,7,.9995452660786804,2.805713454130424,2.661678087930652,3.12952436391305,1040,781,559,594,25.06066957666465,17.54838709677419,4.548387096774194,1.428233205090264,818147,0
2016-07-23,2016,7,2,2.063852714113886,4.532608457938922,2.662132821851972,1040,801,536,566,13.05070591359113,17.54838709677419,4.548387096774194,1.428233205090264,818147,0
2016-07-24,2016,7,4.466936808139758,2.935692551964795,1.532153724017603,.5969159059741279,1060,799,587,589,15.60639365871901,17.54838709677419,4.548387096774194,1.428233205090264,818147,0
2016-07-25,2016,7,1.532153724017603,4.403538827947191,.4673915420610777,1.87002090216563,1040,852,600,591,30.18655606920714,17.54838709677419,4.548387096774194,1.428233205090264,818147,0
2016-07-26,2016,7,3.467846275982397,5.870475636086949,1.597370639895447,1.596915905974128,976,805,581,624,22.8028198617777,17.54838709677419,4.548387096774194,1.428233205090264,818147,0
2016-07-27,2016,7,.5321537240176027,0,4.74004180433126,3.336957710305389,950,803,543,560,23.64261974643073,17.54838709677419,4.548387096774194,1.428233205090264,818147,0
2016-07-28,2016,7,2.935692551964795,2.532608457938922,2.934783084122155,1.999090532157361,933,752,488,523,29.47232195559277,17.54838709677419,4.548387096774194,1.428233205090264,818147,0
2016-07-29,2016,7,2.337867178148028,1.064762181956525,1.935237818043474,4.273104996191502,1010,785,532,518,45.90426286536727,17.54838709677419,4.548387096774194,1.428233205090264,818147,0
2016-07-30,2016,7,1.596915905974128,1.12952436391305,4.209252282077616,6.079727918164565,1060,1260,745,726,17.5420862106838,17.54838709677419,4.548387096774194,1.428233205090264,818147,0
2016-07-31,2016,7,2.596915905974128,4.805258720209105,1.597370639895447,.6621328218519723,1060,1020,1080,1220,8.557506680813162,17.54838709677419,4.548387096774194,1.428233205090264,818147,0
2016-08-01,2016,8,4.273104996191502,5.143580632278453,.7912024518437032,1.2590487278261,990,892,740,718,12.36049173141567,18.25806451612903,4.935483870967742,1.540988458123705,818147,0
2016-08-02,2016,8,1.467391542061078,1.532153724017603,2.338321912069346,1.870930370008269,947,839,631,654,16.08647726738153,18.25806451612903,4.935483870967742,1.540988458123705,818147,0
2016-08-03,2016,8,.5321537240176027,.9347830841221554,1.870930370008269,4.676189090217374,907,874,643,621,27.69335683642919,18.25806451612903,4.935483870967742,1.540988458123705,818147,0
2016-08-04,2016,8,.5326084579389223,1.870020902165631,2.338321912069347,3.274014464034142,890,1030,623,617,12.83963469582823,18.25806451612903,4.935483870967742,1.540988458123705,818147,0
2016-08-05,2016,8,3.467846275982397,2,.4678462759823972,1.402629360104553,885,931,891,891,14.86729249863771,18.25806451612903,4.935483870967742,1.540988458123705,818147,0
2016-08-06,2016,8,4.467391542061077,3,1.727349737729817,1.258593993904781,883,826,717,632,9.596006438131488,18.25806451612903,4.935483870967742,1.540988458123705,818147,0
2016-08-07,2016,8,1.2590487278261,2.87002090216563,1.467391542061078,1.934783084122156,882,794,691,615,8.259503461747421,18.25806451612903,4.935483870967742,1.540988458123705,818147,0
2016-08-08,2016,8,1.467391542061078,2.338321912069346,1.935237818043474,.06476218195652507,883,813,752,646,18.76312109152022,18.25806451612903,4.935483870967742,1.540988458123705,818147,0
2016-08-09,2016,8,0,0,0,0,880,814,666,637,18.49001609532872,18.25806451612903,4.935483870967742,1.540988458123705,818147,0
2016-08-10,2016,8,0,0,.9356925519647944,2.338321912069347,766,803,669,579,10.85369096419363,18.25806451612903,4.935483870967742,1.540988458123705,818147,0
2016-08-11,2016,8,3.337867178148027,1.467391542061078,2,1.065216915877844,681,696,525,560,28.78301740580542,18.25806451612903,4.935483870967742,1.540988458123705,818147,0
2016-08-12,2016,8,3.064307448035206,5.403084094025871,.1295243639130501,.1295243639130501,676,678,415,415,27.19056866955025,18.25806451612903,4.935483870967742,1.540988458123705,818147,0
2016-08-13,2016,8,.9352378180434748,1,2.467391542061077,2.934783084122155,676,676,398,390,12.43791480356631,18.25806451612903,4.935483870967742,1.540988458123705,818147,0
2016-08-14,2016,8,1.532608457938922,1.467846275982397,.9352378180434748,2.337412444226708,680,727,482,447,7.348709132656867,18.25806451612903,4.935483870967742,1.540988458123705,818147,0
2016-08-15,2016,8,1.934328350200836,.5321537240176029,3.000909467842639,4.87047563608695,673,675,378,433,19.24226405593279,18.25806451612903,4.935483870967742,1.540988458123705,818147,0
2016-08-16,2016,8,1.12952436391305,1.467391542061078,3.596461172052808,1.726895003808497,666,655,373,402,41.79707350962535,18.25806451612903,4.935483870967742,1.540988458123705,818147,0
2016-08-17,2016,8,4.467391542061077,.7264402698871781,2.468755743825036,3.869566168244312,666,650,351,379,19.51627851996692,18.25806451612903,4.935483870967742,1.540988458123705,818147,0
2016-08-18,2016,8,4.337412444226708,4.402629360104552,1.2590487278261,.3238109097826253,667,675,395,401,19.41028817716415,18.25806451612903,4.935483870967742,1.540988458123705,818147,0
2016-08-19,2016,8,2.467391542061078,2.064762181956525,.5321537240176029,.9995452660786805,665,624,375,425,18.06157904450729,18.25806451612903,4.935483870967742,1.540988458123705,818147,0
2016-08-20,2016,8,1.467846275982397,.4673915420610777,2.87002090216563,1,666,632,360,376,11.85550989987891,18.25806451612903,4.935483870967742,1.540988458123705,818147,0
2016-08-21,2016,8,3.12952436391305,2.596915905974128,3.273559730112821,2.337412444226708,674,682,369,369,7.582859637608725,18.25806451612903,4.935483870967742,1.540988458123705,818147,0
2016-08-22,2016,8,.5969159059741278,1.532608457938922,1.596915905974128,2.065216915877844,730,956,761,570,9.413016580692073,18.25806451612903,4.935483870967742,1.540988458123705,818147,0
2016-08-23,2016,8,1.935237818043475,2,1.531698990096283,.1295243639130502,747,773,695,781,14.7105650658365,18.25806451612903,4.935483870967742,1.540988458123705,818147,0
2016-08-24,2016,8,.1942865458695752,.1295243639130501,2.337867178148028,1.870930370008269,750,733,547,567,17.2545013886129,18.25806451612903,4.935483870967742,1.540988458123705,818147,0
2016-08-25,2016,8,1.869566168244311,5.676189090217374,1.467391542061078,.5321537240176027,748,742,573,562,20.28121854717243,18.25806451612903,4.935483870967742,1.540988458123705,818147,0
2016-08-26,2016,8,.9995452660786804,4.337412444226708,.5973706398954473,1.064762181956525,726,746,542,529,17.74906482315482,18.25806451612903,4.935483870967742,1.540988458123705,818147,0
2016-08-27,2016,8,.4673915420610777,1.87047563608695,2.402174626183234,3.805713454130425,705,723,568,531,21.79931600282463,18.25806451612903,4.935483870967742,1.540988458123705,818147,0
2016-08-28,2016,8,3.597370639895447,2.532153724017603,1.402629360104553,.9356925519647944,662,708,526,484,9.880862856674471,18.25806451612903,4.935483870967742,1.540988458123705,818147,0
2016-08-29,2016,8,2.338321912069347,2.531698990096284,.9356925519647944,.4678462759823972,637,633,464,450,12.88988587549803,18.25806451612903,4.935483870967742,1.540988458123705,818147,0
2016-08-30,2016,8,.4673915420610777,2.467846275982397,.4678462759823971,.4678462759823971,640,604,462,421,11.17886607574021,18.25806451612903,4.935483870967742,1.540988458123705,818147,0
2016-08-31,2016,8,2.934328350200836,2.000454733921319,.9995452660786804,1,635,546,384,357,8.438369537487635,18.25806451612903,4.935483870967742,1.540988458123705,818147,0
2016-09-01,2016,9,4.337412444226708,1.935692551964794,1.935237818043474,2.402174626183233,579,531,347,312,16.74951955707614,16.63333333333333,3.9,1.592354740061162,818147,0
2016-09-02,2016,9,.06476218195652508,.4673915420610777,2.804803986287786,2.805713454130425,587,506,319,281,19.11228495809841,16.63333333333333,3.9,1.592354740061162,818147,0
2016-09-03,2016,9,1,1.467846275982397,4.337867178148028,3.87047563608695,611,595,312,238,9.751793226682739,16.63333333333333,3.9,1.592354740061162,818147,0
2016-09-04,2016,9,0,0,.4678462759823971,3.74049653825258,607,595,343,287,13.54299567852644,16.63333333333333,3.9,1.592354740061162,818147,0
2016-09-05,2016,9,0,0,0,5.61097217433953,604,553,331,270,15.26989068233494,16.63333333333333,3.9,1.592354740061162,818147,0
2016-09-06,2016,9,0,.9352378180434749,.5321537240176029,.9995452660786805,613,651,388,293,15.06063840025732,16.63333333333333,3.9,1.592354740061162,818147,0
2016-09-07,2016,9,0,0,1.467846275982397,2.87047563608695,591,547,503,496,11.94517030470968,16.63333333333333,3.9,1.592354740061162,818147,0
2016-09-08,2016,9,.4678462759823971,.9352378180434748,1.935692551964794,2.870475636086949,576,546,404,389,11.38766362389651,16.63333333333333,3.9,1.592354740061162,818147,0
2016-09-09,2016,9,3.337412444226708,3.87047563608695,.9995452660786805,3.804803986287786,572,553,392,338,25.12452229077854,16.63333333333333,3.9,1.592354740061162,818147,0
2016-09-10,2016,9,0,0,2.806168188051744,3.740951272173899,577,544,378,328,25.75942086733502,16.63333333333333,3.9,1.592354740061162,818147,0
2016-09-11,2016,9,.9352378180434749,0,.4678462759823972,5.610517440418211,582,647,390,348,28.86638303079507,16.63333333333333,3.9,1.592354740061162,818147,0
2016-09-12,2016,9,.5973706398954473,1.532153724017603,2.870475636086949,3.337867178148027,540,600,496,497,29.19970286972991,16.63333333333333,3.9,1.592354740061162,818147,0
2016-09-13,2016,9,.4673915420610777,1.870930370008269,.9995452660786804,.9995452660786804,511,554,375,365,14.41256184677075,16.63333333333333,3.9,1.592354740061162,818147,0
2016-09-14,2016,9,.4678462759823972,1.467391542061078,1.467391542061078,2.87047563608695,508,529,345,294,17.63129188159325,16.63333333333333,3.9,1.592354740061162,818147,0
2016-09-15,2016,9,0,.5321537240176027,3.806168188051744,2.871385103929589,503,479,304,260,19.45015213624644,16.63333333333333,3.9,1.592354740061162,818147,0
2016-09-16,2016,9,.5321537240176029,1.403084094025872,.9995452660786805,.9995452660786805,504,450,310,235,14.04888697790584,16.63333333333333,3.9,1.592354740061162,818147,0
2016-09-17,2016,9,3.064762181956525,1,2.467846275982397,.5969159059741278,503,432,285,227,13.51764272173088,16.63333333333333,3.9,1.592354740061162,818147,0
2016-09-18,2016,9,5.337412444226707,4.87002090216563,.7264402698871779,.7264402698871779,502,432,265,204,15.7748725138717,16.63333333333333,3.9,1.592354740061162,818147,0
2016-09-19,2016,9,0,1,5.129524363913049,2.792111919686342,505,429,252,229,32.30384310044007,16.63333333333333,3.9,1.592354740061162,818147,0
2016-09-20,2016,9,.9347830841221555,1.87047563608695,1.870020902165631,4.207888080313658,505,397,251,232,30.22820778756738,16.63333333333333,3.9,1.592354740061162,818147,0
2016-09-21,2016,9,2.661678087930652,.5969159059741278,1.467846275982397,3.804349252366466,505,404,251,228,26.73409908694678,16.63333333333333,3.9,1.592354740061162,818147,0
2016-09-22,2016,9,2.467391542061077,1.934328350200836,.4678462759823971,2.337867178148028,506,436,250,227,17.8011349385099,16.63333333333333,3.9,1.592354740061162,818147,0
2016-09-23,2016,9,3.935237818043475,1.596915905974128,.5321537240176027,4.272650262270182,507,445,254,250,19.8151912068753,16.63333333333333,3.9,1.592354740061162,818147,0
2016-09-24,2016,9,9.547119460225643,4.064307448035205,1.12952436391305,.1942865458695752,511,431,223,237,13.79074771792238,16.63333333333333,3.9,1.592354740061162,818147,0
2016-09-25,2016,9,1.12952436391305,4.273104996191502,1.402629360104552,2.338321912069346,511,420,237,235,11.34916386657819,16.63333333333333,3.9,1.592354740061162,818147,0
2016-09-26,2016,9,.5002431113843699,3.49975688861563,.49975688861563,0,511,427,262,269,20.49732577477193,16.63333333333333,3.9,1.592354740061162,818147,0
2016-09-27,2016,9,4.99902755446252,3.00048622276874,3.49975688861563,2.99951377723126,511,442,270,281,20.9975688861563,16.63333333333333,3.9,1.592354740061162,818147,0
2016-09-28,2016,9,.49975688861563,3,2.499756888615631,.5002431113843699,516,437,266,278,40.48857376493461,16.63333333333333,3.9,1.592354740061162,818147,0
2016-09-29,2016,9,3.934328350200836,2.532608457938922,4.676189090217374,2.805713454130424,485,436,257,269,25.90303267602079,16.63333333333333,3.9,1.592354740061162,818147,0
2016-09-30,2016,9,0,2.337412444226708,2.467846275982397,1.99954526607868,415,412,269,265,7.935237818043473,16.63333333333333,3.9,1.592354740061162,818147,0
2016-10-01,2016,10,0,4.49927066584689,1.99902755446252,3.49829822030941,382,378,264,271,10.7491491101547,18.2258064516129,4.516129032258065,1.465818289434744,818147,0
2016-10-02,2016,10,.49975688861563,2.500243111384369,6.99951377723126,5.500243111384369,382,350,223,237,10.24890599877033,18.2258064516129,4.516129032258065,1.465818289434744,818147,0
2016-10-03,2016,10,0,0,3.49927066584689,3.99951377723126,357,311,222,229,14.74623177354226,18.2258064516129,4.516129032258065,1.465818289434744,818147,0
2016-10-04,2016,10,4.74049653825258,2.194286545869575,2.467391542061077,2,341,236,179,211,15.20330956469314,18.2258064516129,4.516129032258065,1.465818289434744,818147,0
2016-10-05,2016,10,.1295243639130501,.06476218195652507,5.143125898357132,6.078818450321926,341,219,146,147,23.43564113395972,18.2258064516129,4.516129032258065,1.465818289434744,818147,0
2016-10-06,2016,10,3.272650262270183,3.338321912069347,.9995452660786804,1.466936808139758,341,207,130,113,25.04661330829925,18.2258064516129,4.516129032258065,1.465818289434744,818147,0
2016-10-07,2016,10,4,.99951377723126,0,0,341,212,126,95.3,23.49683955200319,18.2258064516129,4.516129032258065,1.465818289434744,818147,0
2016-10-08,2016,10,9.856874101642868,2.323356175861306,1.403084094025872,.4678462759823972,341,212,142,114,17.94517030470968,18.2258064516129,4.516129032258065,1.465818289434744,818147,0
2016-10-09,2016,10,.9352378180434748,.4673915420610777,3.273104996191502,3.741406006095219,345,226,186,230,7.597370639895447,18.2258064516129,4.516129032258065,1.465818289434744,818147,0
2016-10-10,2016,10,0,1.467391542061078,5.869566168244311,3.999090532157361,346,210,149,172,13.13900211665793,18.2258064516129,4.516129032258065,1.465818289434744,818147,0
2016-10-11,2016,10,0,0,2.337867178148028,5.142671164435813,345,211,143,143,18.56698443355804,18.2258064516129,4.516129032258065,1.465818289434744,818147,0
2016-10-12,2016,10,.4678462759823971,0,2.402174626183233,3.336957710305389,344,211,134,146,20.12221744476461,18.2258064516129,4.516129032258065,1.465818289434744,818147,0
2016-10-13,2016,10,2.467846275982397,3.935237818043475,3.402629360104552,4.804803986287785,344,205,119,130,21.49092556317136,18.2258064516129,4.516129032258065,1.465818289434744,818147,0
2016-10-14,2016,10,0,0,6.273559730112821,8.610517440418208,342,204,110,106,29.20285483077181,18.2258064516129,4.516129032258065,1.465818289434744,818147,0
2016-10-15,2016,10,.4678462759823972,.4673915420610777,6.674824888453417,7.61051744041821,343,218,116,110,17.54072200891985,18.2258064516129,4.516129032258065,1.465818289434744,818147,0
2016-10-16,2016,10,0,0,5.498298220309411,7.99951377723126,342,226,117,117,14.99854133169378,18.2258064516129,4.516129032258065,1.465818289434744,818147,0
2016-10-17,2016,10,0,0,4.49975688861563,5,340,225,122,129,24.74477310523604,18.2258064516129,4.516129032258065,1.465818289434744,818147,0
2016-10-18,2016,10,0,.49975688861563,3,4.500243111384369,335,222,110,103,24.24550243938916,18.2258064516129,4.516129032258065,1.465818289434744,818147,0
2016-10-19,2016,10,3.805258720209105,3.12952436391305,.4673915420610777,2.336957710305389,335,224,112,95.59999999999999,33.18610133528583,18.2258064516129,4.516129032258065,1.465818289434744,818147,0
2016-10-20,2016,10,.9356925519647942,1.532153724017603,2.934783084122155,1.532608457938922,334,231,117,96.40000000000001,30.60366525519109,18.2258064516129,4.516129032258065,1.465818289434744,818147,0
2016-10-21,2016,10,.1295243639130501,.06476218195652507,8.013146800522762,4.272195528348862,335,230,122,104,41.75672364021442,18.2258064516129,4.516129032258065,1.465818289434744,818147,0
2016-10-22,2016,10,.06476218195652508,.2590487278261003,5.610517440418211,8.883622436609713,335,226,134,115,29.16390033953217,18.2258064516129,4.516129032258065,1.465818289434744,818147,0
2016-10-23,2016,10,.9347830841221554,5.274469197955461,3.063852714113886,2.12906962999173,335,225,141,134,21.99678568614343,18.2258064516129,4.516129032258065,1.465818289434744,818147,0
2016-10-24,2016,10,1.467846275982397,1.064307448035205,2.403538827947191,4.74004180433126,332,221,133,151,38.37853776906279,18.2258064516129,4.516129032258065,1.465818289434744,818147,0
2016-10-25,2016,10,5.726440269887178,5.258593993904781,1.129069629991731,1.129069629991731,330,217,127,130,20.61863099139913,18.2258064516129,4.516129032258065,1.465818289434744,818147,0
2016-10-26,2016,10,5.87002090216563,5.870930370008268,1.064307448035205,.5969159059741278,334,220,126,119,19.45732504297739,18.2258064516129,4.516129032258065,1.465818289434744,818147,0
2016-10-27,2016,10,1.129069629991731,1.064762181956525,3.337867178148027,6.61051744041821,334,220,128,123,39.50763857546185,18.2258064516129,4.516129032258065,1.465818289434744,818147,0
2016-10-28,2016,10,0,.4673915420610777,5.466936808139757,5.933873616279516,334,225,146,140,40.59999620741321,18.2258064516129,4.516129032258065,1.465818289434744,818147,0
2016-10-29,2016,10,2.805258720209105,4.870475636086949,6.660313886166693,3.389027825660469,335,231,156,163,24.25219654259898,18.2258064516129,4.516129032258065,1.465818289434744,818147,0
2016-10-30,2016,10,1.870930370008269,1.467391542061078,2.467846275982397,2.935237818043475,335,234,158,177,14.95646699313983,18.2258064516129,4.516129032258065,1.465818289434744,818147,0
2016-10-31,2016,10,0,0,5.142216430514494,2.337412444226708,329,239,188,188,36.63440335943966,18.2258064516129,4.516129032258065,1.465818289434744,818147,0
2016-11-01,2016,11,.06476218195652507,.1295243639130501,2.870475636086949,5.676189090217374,341,285,251,256,30.08602253346021,17.63333333333333,4.5,1.320489296636086,818147,0
2016-11-02,2016,11,.9352378180434748,2.065216915877844,1.935237818043474,1.935237818043474,347,312,283,303,31.25660986939469,17.63333333333333,4.5,1.320489296636086,818147,0
2016-11-03,2016,11,.9356925519647942,1.466936808139758,2.805258720209105,.4673915420610777,348,329,276,307,22.65849495048142,17.63333333333333,4.5,1.320489296636086,818147,0
2016-11-04,2016,11,2.403084094025872,3.740041804331261,.4678462759823972,.9352378180434749,348,339,285,306,16.40171989226192,17.63333333333333,4.5,1.320489296636086,818147,0
2016-11-05,2016,11,4.063852714113886,4.12997909783437,2.337867178148028,1.403084094025872,353,379,314,349,10.80707765589438,17.63333333333333,4.5,1.320489296636086,818147,0
2016-11-06,2016,11,2.402629360104553,6.144035366199772,.6616780879306529,1.596461172052808,357,479,502,479,11.4941087006206,17.63333333333333,4.5,1.320489296636086,818147,0
2016-11-07,2016,11,3.513206962322166,1.365094778258375,3.634905221741625,3.634905221741625,420,343,349,457,48.41792262754704,17.63333333333333,4.5,1.320489296636086,818147,0
2016-11-08,2016,11,3.805713454130425,2.338776645990666,1,.9995452660786804,455,393,358,362,33.03213348241984,17.63333333333333,4.5,1.320489296636086,818147,0
2016-11-09,2016,11,4.338776645990666,6.078818450321927,2.064762181956525,1.596915905974128,443,405,366,391,25.80298505060251,17.63333333333333,4.5,1.320489296636086,818147,0
2016-11-10,2016,11,2,3.805713454130425,3.741860740016538,6.079273184243247,445,394,347,374,29.94016823157516,17.63333333333333,4.5,1.320489296636086,818147,0
2016-11-11,2016,11,1.064762181956525,2.597825373816767,1.531698990096283,2.466936808139758,453,421,371,387,26.51309538251769,17.63333333333333,4.5,1.320489296636086,818147,0
2016-11-12,2016,11,3.338321912069347,1.935237818043475,4.337867178148028,3.403084094025872,452,430,376,411,19.79074771792238,17.63333333333333,4.5,1.320489296636086,818147,0
2016-11-13,2016,11,.06476218195652508,3.74049653825258,4.933418882358198,3.064307448035205,453,445,374,436,21.98321532810668,17.63333333333333,4.5,1.320489296636086,818147,0
2016-11-14,2016,11,2.935237818043475,5.676189090217374,3.467391542061077,3,544,438,374,448,33.48225444225896,17.63333333333333,4.5,1.320489296636086,818147,0
2016-11-15,2016,11,.4673915420610777,1.87047563608695,3.337412444226707,3.337412444226707,593,489,454,502,37.15935300031897,17.63333333333333,4.5,1.320489296636086,818147,0
2016-11-16,2016,11,0,0,.9995452660786805,2.402174626183234,590,539,488,543,38.66842743714761,17.63333333333333,4.5,1.320489296636086,818147,0
2016-11-17,2016,11,2.467391542061078,2.805713454130425,1.855964633800228,1.855964633800228,591,567,522,577,84.63566472519348,17.63333333333333,4.5,1.320489296636086,818147,0
2016-11-18,2016,11,7.740496538252581,2.403084094025872,.661678087930653,.1942865458695752,671,576,524,602,28.52348260310521,17.63333333333333,4.5,1.320489296636086,818147,0
2016-11-19,2016,11,2.870475636086949,3.273559730112821,1.532153724017603,2.935237818043475,732,643,604,622,25.84281783327746,17.63333333333333,4.5,1.320489296636086,818147,0
2016-11-20,2016,11,.06476218195652507,.06476218195652507,6.610972174339529,7.079273184243245,733,669,666,682,29.06154786809996,17.63333333333333,4.5,1.320489296636086,818147,0
2016-11-21,2016,11,1.466936808139758,4.208797548156296,.5321537240176027,2.87002090216563,713,750,722,681,21.49829822030941,17.63333333333333,4.5,1.320489296636086,818147,0
2016-11-22,2016,11,4.208342814234977,1.12952436391305,2.467391542061078,2.466936808139758,759,779,881,824,14.74623177354226,17.63333333333333,4.5,1.320489296636086,818147,0
2016-11-23,2016,11,0,0,1.870020902165631,8.415321426705997,821,782,786,773,23.37133368592451,17.63333333333333,4.5,1.320489296636086,818147,0
2016-11-24,2016,11,0,0,.4673915420610777,.4673915420610777,809,757,770,772,9.567893901400684,17.63333333333333,4.5,1.320489296636086,818147,0
2016-11-25,2016,11,0,0,0,0,810,763,768,765,13.67252004243949,17.63333333333333,4.5,1.320489296636086,818147,0
2016-11-26,2016,11,0,0,0,0,814,762,765,764,17.36137002285098,17.63333333333333,4.5,1.320489296636086,818147,0
2016-11-27,2016,11,0,0,1.453335273695675,2.38857309173915,812,764,766,768,13.02489822287424,17.63333333333333,4.5,1.320489296636086,818147,0
2016-11-28,2016,11,.5326084579389222,0,3.596915905974127,1.259503461747419,817,760,771,760,11.43976491565892,17.63333333333333,4.5,1.320489296636086,818147,0
2016-11-29,2016,11,3.337867178148028,1.12952436391305,.4673915420610777,.4673915420610777,820,758,780,779,12.97237337359784,17.63333333333333,4.5,1.320489296636086,818147,0
2016-11-30,2016,11,.4673915420610777,3.338321912069347,1.467391542061078,2.869566168244311,820,785,786,780,21.6720964849255,17.63333333333333,4.5,1.320489296636086,818147,0
2016-12-01,2016,12,.4678462759823971,1.467846275982397,7.207888080313658,5.806168188051743,819,813,816,762,24.49994858199492,18.7741935483871,5.290322580645161,2.096774193548387,818147,0
2016-12-02,2016,12,9.352378180434748,2.000454733921319,.06476218195652507,.06476218195652507,695,828,845,777,30.82265365870277,18.7741935483871,5.290322580645161,2.096774193548387,818147,0
2016-12-03,2016,12,8.948839352487555,3.870930370008268,.4673915420610777,0,613,662,712,721,11.96059077483903,18.7741935483871,5.290322580645161,2.096774193548387,818147,0
2016-12-04,2016,12,5.143125898357132,3.806168188051744,1.935237818043474,1.934783084122156,615,629,638,637,10.21918476874382,18.7741935483871,5.290322580645161,2.096774193548387,818147,0
2016-12-05,2016,12,.5326084579389222,0,2.99954526607868,5.804349252366466,643,648,609,633,33.51173118075373,18.7741935483871,5.290322580645161,2.096774193548387,818147,0
2016-12-06,2016,12,0,0,0,2.336957710305388,666,672,619,640,43.37947841331276,18.7741935483871,5.290322580645161,2.096774193548387,818147,0
2016-12-07,2016,12,5.194286545869575,1.194286545869575,.9347830841221554,.9347830841221554,713,669,619,646,32.69335683642918,18.7741935483871,5.290322580645161,2.096774193548387,818147,0
2016-12-08,2016,12,1.935237818043475,5.806168188051744,1.935237818043475,2.402629360104553,746,715,673,663,38.37318379801712,18.7741935483871,5.290322580645161,2.096774193548387,818147,0
2016-12-09,2016,12,.06476218195652508,.06476218195652508,2.337867178148028,7.013146800522764,763,751,702,691,49.74574555077353,18.7741935483871,5.290322580645161,2.096774193548387,818147,0
2016-12-10,2016,12,.1295243639130501,.1295243639130501,3.271740794427544,6.077454248557968,785,760,751,710,28.50024311138437,18.7741935483871,5.290322580645161,2.096774193548387,818147,0
2016-12-11,2016,12,2.337412444226708,.1295243639130502,4.869566168244312,4.869566168244312,783,778,770,728,23.24647488492663,18.7741935483871,5.290322580645161,2.096774193548387,818147,0
2016-12-12,2016,12,.06476218195652507,.06476218195652507,2.337412444226708,4.675279622374735,823,758,776,743,45.83508735661503,18.7741935483871,5.290322580645161,2.096774193548387,818147,0
2016-12-13,2016,12,0,.4678462759823971,4.676189090217374,3.273104996191502,853,764,810,783,33.67881465773513,18.7741935483871,5.290322580645161,2.096774193548387,818147,0
2016-12-14,2016,12,0,0,.9995452660786804,3.803894518445146,852,791,803,818,27.74331443692983,18.7741935483871,5.290322580645161,2.096774193548387,818147,0
2016-12-15,2016,12,.6621328218519723,.06476218195652507,1.934783084122156,5.207433346392338,852,782,791,829,52.77661978995415,18.7741935483871,5.290322580645161,2.096774193548387,818147,0
2016-12-16,2016,12,0,0,3.74049653825258,3.741406006095219,853,796,777,834,53.64712660244843,18.7741935483871,5.290322580645161,2.096774193548387,818147,0
2016-12-17,2016,12,.4678462759823972,2.87047563608695,.4533352736956756,.4533352736956756,855,851,816,882,12.1924676101843,18.7741935483871,5.290322580645161,2.096774193548387,818147,0
2016-12-18,2016,12,2.999090532157362,2.87047563608695,.06476218195652508,.06476218195652508,858,854,770,841,9.597825373816768,18.7741935483871,5.290322580645161,2.096774193548387,818147,0
2016-12-19,2016,12,12.6907000925041,1.2590487278261,0,0,857,846,780,790,24.42161604200164,18.7741935483871,5.290322580645161,2.096774193548387,818147,0
2016-12-20,2016,12,1.935692551964794,4.338776645990666,3.805258720209105,3.337412444226707,855,834,765,773,33.79658759929671,18.7741935483871,5.290322580645161,2.096774193548387,818147,0
2016-12-21,2016,12,.1295243639130502,1.597370639895447,4.740951272173899,5.208342814234978,853,840,771,768,41.59145909891829,18.7741935483871,5.290322580645161,2.096774193548387,818147,0
2016-12-22,2016,12,7.935237818043476,3.662132821851972,0,0,750,900,835,781,9.064307448035207,18.7741935483871,5.290322580645161,2.096774193548387,818147,0
2016-12-23,2016,12,1.129069629991731,.7264402698871781,3.869566168244312,4.806168188051744,707,807,781,768,12.06521691587784,18.7741935483871,5.290322580645161,2.096774193548387,818147,0
2016-12-24,2016,12,1.194741279790895,1.99954526607868,1.935237818043474,1.467391542061078,739,782,699,634,15.36549380455018,18.7741935483871,5.290322580645161,2.096774193548387,818147,0
2016-12-25,2016,12,0,0,2.323810909782625,2.323356175861306,740,800,714,641,5.000000000000001,18.7741935483871,5.290322580645161,2.096774193548387,818147,0
2016-12-26,2016,12,2.337867178148028,5.209252282077617,.5969159059741279,.5969159059741279,739,778,728,634,13.68748577864753,18.7741935483871,5.290322580645161,2.096774193548387,818147,0
2016-12-27,2016,12,1.467846275982397,3.742315473937857,3.273104996191502,4.207433346392338,740,752,729,618,24.58013123408081,18.7741935483871,5.290322580645161,2.096774193548387,818147,0
2016-12-28,2016,12,3.2590487278261,1,2.402174626183233,6.609607972575571,780,758,738,604,46.85005309282307,18.7741935483871,5.290322580645161,2.096774193548387,818147,0
2016-12-29,2016,12,4.467846275982397,1.194286545869575,3.273559730112821,3.74049653825258,750,799,781,637,31.96873550222728,18.7741935483871,5.290322580645161,2.096774193548387,818147,0
2016-12-30,2016,12,1.596915905974128,.1295243639130501,3.338321912069347,6.143125898357132,707,746,737,656,31.55523301120656,18.7741935483871,5.290322580645161,2.096774193548387,818147,0
2016-12-31,2016,12,0,0,2.337412444226708,3.272195528348863,708,740,719,636,15.98548899771328,18.7741935483871,5.290322580645161,2.096774193548387,818147,0
2017-01-01,2017,1,0,0,.9352378180434748,4.207433346392338,708,739,746,676,3.895828592882511,20.51612903225806,5.645161290322581,1.870967741935484,820892,0
2017-01-02,2017,1,0,0,.4673915420610777,.9347830841221555,708,746,709,644,10.12906962999173,20.51612903225806,5.645161290322581,1.870967741935484,820892,0
2017-01-03,2017,1,0,0,5.61006270649689,3.739587070409941,664,740,690,643,22.72189293067398,20.51612903225806,5.645161290322581,1.870967741935484,820892,0
2017-01-04,2017,1,0,0,4.208342814234976,8.416685628469953,633,693,641,618,25.12588649254249,20.51612903225806,5.645161290322581,1.870967741935484,820892,0
2017-01-05,2017,1,0,0,2.661678087930653,3.12952436391305,635,677,614,588,25.74682232995556,20.51612903225806,5.645161290322581,1.870967741935484,820892,0
2017-01-06,2017,1,3.25950346174742,.7268950038084975,.9352378180434749,0,636,685,608,570,12.79074771792238,20.51612903225806,5.645161290322581,1.870967741935484,820892,0
2017-01-07,2017,1,3.000454733921319,3.12952436391305,2.936147285886113,4.805713454130425,635,636,596,551,24.71787198498494,20.51612903225806,5.645161290322581,1.870967741935484,820892,0
2017-01-08,2017,1,5.273559730112822,.7268950038084975,4.207433346392339,2.805258720209105,635,632,585,551,23.45469947545963,20.51612903225806,5.645161290322581,1.870967741935484,820892,0
2017-01-09,2017,1,0,.9352378180434748,1,3.337412444226707,636,632,586,574,34.74724588746954,20.51612903225806,5.645161290322581,1.870967741935484,820892,0
2017-01-10,2017,1,.4678462759823971,.5321537240176027,2.660768620088013,2.661223354009333,634,630,579,571,18.48819715964344,20.51612903225806,5.645161290322581,1.870967741935484,820892,0
2017-01-11,2017,1,0,0,1.064762181956525,1.532153724017603,632,630,575,575,27.52487798127649,20.51612903225806,5.645161290322581,1.870967741935484,820892,0
2017-01-12,2017,1,.06476218195652507,1.934783084122155,2.870475636086949,2.870475636086949,629,667,605,627,29.01944141581841,20.51612903225806,5.645161290322581,1.870967741935484,820892,0
2017-01-13,2017,1,1.532608457938922,5.87002090216563,.5973706398954473,1.065216915877844,686,669,609,651,35.64031490041681,20.51612903225806,5.645161290322581,1.870967741935484,820892,0
2017-01-14,2017,1,3.467391542061077,4.000454733921319,.4673915420610777,.4673915420610777,735,702,635,658,16.66031388616669,20.51612903225806,5.645161290322581,1.870967741935484,820892,0
2017-01-15,2017,1,2.87002090216563,4.741406006095218,0,1.869566168244311,735,829,862,845,3.298457952987063,20.51612903225806,5.645161290322581,1.870967741935484,820892,0
2017-01-16,2017,1,.5326084579389223,.06476218195652508,2.402629360104553,3.337412444226708,736,867,934,1030,7.660768620088015,20.51612903225806,5.645161290322581,1.870967741935484,820892,0
2017-01-17,2017,1,3.870020902165629,3.597370639895447,.7268950038084974,1.661678087930653,867,827,855,922,15.97237337359784,20.51612903225806,5.645161290322581,1.870967741935484,820892,0
2017-01-18,2017,1,.06476218195652507,1.99954526607868,1.934783084122155,3.336957710305389,938,874,857,908,22.35912752965171,20.51612903225806,5.645161290322581,1.870967741935484,820892,0
2017-01-19,2017,1,1.597370639895447,3.805258720209105,1.12952436391305,2.064307448035205,937,840,838,917,30.04573501686393,20.51612903225806,5.645161290322581,1.870967741935484,820892,0
2017-01-20,2017,1,0,0,4.273559730112821,4.274014464034141,857,847,825,891,9.102807205353528,20.51612903225806,5.645161290322581,1.870967741935484,820892,0
2017-01-21,2017,1,0,4.208342814234976,2.323810909782625,1.856419367721548,803,824,822,910,4.467391542061077,20.51612903225806,5.645161290322581,1.870967741935484,820892,0
2017-01-22,2017,1,3.273104996191503,2.12952436391305,.4673915420610777,.4673915420610777,803,772,742,846,3.661678087930653,20.51612903225806,5.645161290322581,1.870967741935484,820892,0
2017-01-23,2017,1,.06476218195652507,1.935237818043474,4.273104996191502,2.403538827947191,778,774,731,786,18.51355011643901,20.51612903225806,5.645161290322581,1.870967741935484,820892,0
2017-01-24,2017,1,1.402629360104552,.1295243639130501,2.662132821851972,5,764,734,708,748,19.6838790836843,20.51612903225806,5.645161290322581,1.870967741935484,820892,0
2017-01-25,2017,1,4.273104996191502,3.870475636086949,.1295243639130501,.1295243639130501,728,724,702,727,23.64401512460202,20.51612903225806,5.645161290322581,1.870967741935484,820892,0
2017-01-26,2017,1,2,4.337867178148028,1.403084094025872,3.74049653825258,679,711,659,691,21.67164175100418,20.51612903225806,5.645161290322581,1.870967741935484,820892,0
2017-01-27,2017,1,6.259503461747419,1.51855218957352,0,0,663,692,626,646,22.28079498965843,20.51612903225806,5.645161290322581,1.870967741935484,820892,0
2017-01-28,2017,1,9.14403536619977,2.792111919686342,0,0,599,674,624,614,10.29754848514443,20.51612903225806,5.645161290322581,1.870967741935484,820892,0
2017-01-29,2017,1,2.403084094025872,1.064307448035206,2,2.000454733921319,562,616,564,579,12.64625761780129,20.51612903225806,5.645161290322581,1.870967741935484,820892,0
2017-01-30,2017,1,0,6.144035366199772,1.792111919686342,4.596006438131488,529,604,541,527,32.05885064097937,20.51612903225806,5.645161290322581,1.870967741935484,820892,0
2017-01-31,2017,1,5.273559730112821,2.194741279790894,4.676643824138693,4.207433346392338,496,558,497,489,32.99363372510152,20.51612903225806,5.645161290322581,1.870967741935484,820892,0
2017-02-01,2017,2,.4678462759823971,2.338776645990666,2.804349252366466,3.739587070409941,498,540,463,439,33.68293843943433,21.75,7.25,2.571428571428572,820892,0
2017-02-02,2017,2,.1295243639130501,2.065216915877844,2.402174626183233,4.272650262270182,496,534,474,461,36.7965875992967,21.75,7.25,2.571428571428572,820892,0
2017-02-03,2017,2,0,.06476218195652508,5.142216430514495,4.676189090217375,577,546,442,410,36.60184631950582,21.75,7.25,2.571428571428572,820892,0
2017-02-04,2017,2,0,.06476218195652507,6.063397980192566,4.661223354009333,624,645,537,460,28.49092556317136,21.75,7.25,2.571428571428572,820892,0
2017-02-05,2017,2,0,.06476218195652507,8.884077170531031,7.948384618566238,624,668,579,537,19.30793570573194,21.75,7.25,2.571428571428572,820892,0
2017-02-06,2017,2,.5969159059741278,1.12952436391305,2.337867178148028,4.676189090217374,624,675,591,531,47.58600229186246,21.75,7.25,2.571428571428572,820892,0
2017-02-07,2017,2,2,2.935237818043475,3.933873616279516,1.129069629991731,627,674,598,528,41.10867826313518,21.75,7.25,2.571428571428572,820892,0
2017-02-08,2017,2,7.675734356296054,.855964633800228,1.402174626183233,0,672,656,587,529,46.38898734246497,21.75,7.25,2.571428571428572,820892,0
2017-02-09,2017,2,0,.9352378180434748,4.676189090217374,7.013601534444082,694,684,620,579,31.06923786156689,21.75,7.25,2.571428571428572,820892,0
2017-02-10,2017,2,0,.1295243639130502,6.337412444226708,4.935692551964793,765,678,628,624,44.07245217542346,21.75,7.25,2.571428571428572,820892,0
2017-02-11,2017,2,.06476218195652508,.5969159059741279,2.337412444226708,2.337412444226708,803,721,692,662,17.83917996190691,21.75,7.25,2.571428571428572,820892,0
2017-02-12,2017,2,3.273104996191502,1.402629360104552,.5321537240176027,.06476218195652507,803,732,711,710,35.39424778428867,21.75,7.25,2.571428571428572,820892,0
2017-02-13,2017,2,5.934783084122155,5.001364201763958,3.467391542061077,1.597370639895447,897,801,779,770,10.59646117205281,21.75,7.25,2.571428571428572,820892,0
2017-02-14,2017,2,0,1.87047563608695,8.417595096312594,5.611881642182169,957,873,897,903,11.66122335400933,21.75,7.25,2.571428571428572,820892,0
2017-02-15,2017,2,0,0,4.532153724017602,3.596461172052808,966,839,882,869,22.79029298400106,21.75,7.25,2.571428571428572,820892,0
2017-02-16,2017,2,.06476218195652508,.9352378180434749,2.869566168244311,3.804349252366467,1030,835,871,829,27.98094165850008,21.75,7.25,2.571428571428572,820892,0
2017-02-17,2017,2,.4673915420610777,.4678462759823971,3.869566168244311,4.805258720209105,1090,881,879,824,22.78710984655183,21.75,7.25,2.571428571428572,820892,0
2017-02-18,2017,2,0,.5321537240176027,2.805258720209105,7.013601534444082,1080,895,926,875,17.89400965719723,21.75,7.25,2.571428571428572,820892,0
2017-02-19,2017,2,.9352378180434749,1.532608457938922,3.402629360104553,1.532153724017603,1080,905,943,900,7.532608457938923,21.75,7.25,2.571428571428572,820892,0
2017-02-20,2017,2,9.481902544347797,.8564193677215475,.4673915420610777,0,1080,937,963,919,17.54120791924849,21.75,7.25,2.571428571428572,820892,0
2017-02-21,2017,2,6.144490100121091,5.337412444226708,.5321537240176029,.06476218195652508,1080,944,961,905,21.01944141581841,21.75,7.25,2.571428571428572,820892,0
2017-02-22,2017,2,1.467391542061078,.4678462759823972,.8564193677215477,2.725985535965859,1080,953,951,894,25.86592829687376,21.75,7.25,2.571428571428572,820892,0
2017-02-23,2017,2,2.403084094025872,2.403084094025872,1.050251179669803,.5828596376087255,1080,967,941,886,29.7078678387159,21.75,7.25,2.571428571428572,820892,0
2017-02-24,2017,2,0,3.273559730112822,2.985943731634598,2.985488997713279,1080,976,936,890,27.72192410708132,21.75,7.25,2.571428571428572,820892,0
2017-02-25,2017,2,.4678462759823972,.9356925519647944,5.999090532157362,5.064307448035207,1080,983,923,881,11.96013604091772,21.75,7.25,2.571428571428572,820892,0
2017-02-26,2017,2,.4678462759823971,2.935692551964794,2,1.064307448035205,1080,969,925,869,11.42843705082143,21.75,7.25,2.571428571428572,820892,0
2017-02-27,2017,2,0,0,3.272650262270183,4.674824888453416,1000,955,959,869,19.29618428338047,21.75,7.25,2.571428571428572,820892,0
2017-02-28,2017,2,0,1.87047563608695,2.791202451843703,2.322901441939986,911,888,890,835,55.88124593099296,21.75,7.25,2.571428571428572,820892,0
2017-03-01,2017,3,11.95020355425151,2.309299907495904,.1295243639130501,.1295243639130501,816,798,763,707,14.24411416802538,20.48387096774194,4.870967741935484,2.387096774193548,820892,0
2017-03-02,2017,3,5.144490100121091,2.194286545869575,1.467391542061078,1,774,705,687,653,10.17886607574022,20.48387096774194,4.870967741935484,2.387096774193548,820892,0
2017-03-03,2017,3,.6621328218519723,3.806168188051744,1.467846275982397,2.87002090216563,773,693,665,619,21.43700533572367,20.48387096774194,4.870967741935484,2.387096774193548,820892,0
2017-03-04,2017,3,.1295243639130501,1.129069629991731,3.273559730112821,4.676189090217374,774,703,694,626,26.25904872782609,20.48387096774194,4.870967741935484,2.387096774193548,820892,0
2017-03-05,2017,3,.06476218195652507,.06476218195652507,7.014511002286721,7.014511002286721,775,716,730,651,16.79165718576502,20.48387096774194,4.870967741935484,2.387096774193548,820892,0
2017-03-06,2017,3,.06476218195652507,1.87047563608695,1.453335273695675,.5180974556522006,774,741,707,619,34.87862036347519,20.48387096774194,4.870967741935484,2.387096774193548,820892,0
2017-03-07,2017,3,2.12952436391305,5.403084094025871,1.99954526607868,1.064762181956525,773,750,688,596,10.81473647295399,20.48387096774194,4.870967741935484,2.387096774193548,820892,0
2017-03-08,2017,3,1.467846275982397,4.338776645990666,4.337867178148027,3.870475636086949,870,744,685,576,16.9696137936626,20.48387096774194,4.870967741935484,2.387096774193548,820892,0
2017-03-09,2017,3,7.610517440418209,4.273559730112821,2.338321912069346,1.403084094025872,925,837,769,617,17.11364915986237,20.48387096774194,4.870967741935484,2.387096774193548,820892,0
2017-03-10,2017,3,5.804803986287784,1.533063191860241,2.532608457938922,3,921,877,806,693,21.67115584067553,20.48387096774194,4.870967741935484,2.387096774193548,820892,0
2017-03-11,2017,3,.4673915420610777,.5969159059741278,4.805258720209105,5.740951272173898,926,882,814,718,25.15120827293073,20.48387096774194,4.870967741935484,2.387096774193548,820892,0
2017-03-12,2017,3,2.194286545869575,3.467846275982397,2.87093037000827,4.740951272173899,925,883,822,741,20.10371667319617,20.48387096774194,4.870967741935484,2.387096774193548,820892,0
2017-03-13,2017,3,1.467846275982397,3.87047563608695,3.805713454130425,6.142671164435814,1100,897,802,755,21.57967650015949,20.48387096774194,4.870967741935484,2.387096774193548,820892,0
2017-03-14,2017,3,3.273559730112821,3.870475636086949,2.402629360104553,2.402629360104553,1180,1050,971,878,34.22505582652546,20.48387096774194,4.870967741935484,2.387096774193548,820892,0
2017-03-15,2017,3,0,3.273559730112821,3.870475636086949,2.467846275982397,1460,1110,973,907,23.83917996190691,20.48387096774194,4.870967741935484,2.387096774193548,820892,0
2017-03-16,2017,3,1.87047563608695,4.466936808139757,2.933873616279516,3.401719892261914,1710,1430,1260,1130,36.62995885623661,20.48387096774194,4.870967741935484,2.387096774193548,820892,0
2017-03-17,2017,3,.06476218195652507,3.870020902165629,4.87002090216563,3.468301009903716,2110,1900,1500,1390,29.20103589508654,20.48387096774194,4.870967741935484,2.387096774193548,820892,0
2017-03-18,2017,3,3.533517925781561,1.596915905974128,3.273104996191503,6.546664726304325,2190,2030,1740,1810,22.9859437316346,20.48387096774194,4.870967741935484,2.387096774193548,820892,0
2017-03-19,2017,3,0,.06476218195652507,5.804803986287784,3.000454733921319,2200,2030,1810,1900,17.19428654586957,20.48387096774194,4.870967741935484,2.387096774193548,820892,0
2017-03-20,2017,3,0,.06476218195652507,9.206523878549699,6.402629360104552,2550,2180,1880,1980,26.86544238654511,20.48387096774194,4.870967741935484,2.387096774193548,820892,0
2017-03-21,2017,3,.4673915420610777,1.467846275982397,6.207888080313658,4.806168188051744,2910,2770,2390,2440,28.60548419087636,20.48387096774194,4.870967741935484,2.387096774193548,820892,0
2017-03-22,2017,3,2.467846275982397,2.000454733921319,1.064762181956525,2.466936808139758,3090,2890,2570,2710,44.48404220153692,20.48387096774194,4.870967741935484,2.387096774193548,820892,0
2017-03-23,2017,3,0,0,5.403084094025871,6.806168188051744,3340,3040,2600,2880,38.72004281858138,20.48387096774194,4.870967741935484,2.387096774193548,820892,0
2017-03-24,2017,3,11.22148961475774,2.38857309173915,3.402629360104552,.5969159059741278,3510,3230,2730,3020,22.26946712482094,20.48387096774194,4.870967741935484,2.387096774193548,820892,0
2017-03-25,2017,3,.5321537240176029,2.402629360104553,3.935237818043475,4.870020902165631,3570,3400,3010,3130,16.67161057459685,20.48387096774194,4.870967741935484,2.387096774193548,820892,0
2017-03-26,2017,3,3.805713454130425,8.208342814234976,1.532153724017603,1.064307448035205,3570,3450,3180,3190,9.063852714113885,20.48387096774194,4.870967741935484,2.387096774193548,820892,0
2017-03-27,2017,3,1.12952436391305,.5973706398954473,7.481447810426479,6.547119460225643,3750,3510,3300,3240,20.79029298400106,20.48387096774194,4.870967741935484,2.387096774193548,820892,0
2017-03-28,2017,3,6.273559730112822,4.870020902165631,.7264402698871781,.2590487278261003,3750,3720,3610,3360,8.362310667100951,20.48387096774194,4.870967741935484,2.387096774193548,820892,0
2017-03-29,2017,3,11.41714036239127,3.453790007616995,0,.4673915420610777,3740,3600,3620,3350,7.934328350200833,20.48387096774194,4.870967741935484,2.387096774193548,820892,0
2017-03-30,2017,3,0,0,.4673915420610777,2.805258720209105,3770,3660,3590,3320,12.38720888997519,20.48387096774194,4.870967741935484,2.387096774193548,820892,0
2017-03-31,2017,3,.6621328218519724,1.194286545869575,.9352378180434749,.4678462759823972,3750,3670,3520,3330,49.08465833169625,20.48387096774194,4.870967741935484,2.387096774193548,820892,0
2017-04-01,2017,4,3.064307448035205,.6621328218519723,1.596915905974128,2.532608457938922,3750,3620,3410,3350,13.12997909783437,19.9,4.733333333333333,2.066666666666667,820892,0
2017-04-02,2017,4,6.532153724017602,6.74049653825258,2.466936808139758,.1295243639130501,3740,3510,3480,3350,6.960136040917717,19.9,4.733333333333333,2.066666666666667,820892,0
2017-04-03,2017,4,0,1.934783084122156,4.805713454130425,5.272650262270182,3570,3500,3430,3360,16.59464223636753,19.9,4.733333333333333,2.066666666666667,820892,0
2017-04-04,2017,4,3.272650262270183,6.740951272173899,4.273559730112821,4.273104996191502,3510,3290,3290,3310,22.91848432255748,19.9,4.733333333333333,2.066666666666667,820892,0
2017-04-05,2017,4,2.403084094025872,.06476218195652507,2.533063191860241,2.065216915877844,3410,3260,3280,3230,10.85505516595759,19.9,4.733333333333333,2.066666666666667,820892,0
2017-04-06,2017,4,2.532608457938922,2.87093037000827,2.935692551964795,4.337867178148028,3060,3090,3150,3130,13.94380610294572,19.9,4.733333333333333,2.066666666666667,820892,0
2017-04-07,2017,4,0,0,4.999090532157362,6.401719892261915,2740,2670,2700,2920,22.49092556317136,19.9,4.733333333333333,2.066666666666667,820892,0
2017-04-08,2017,4,0,0,4.468301009903716,5.87047563608695,2640,2460,2450,2700,17.10280720535353,19.9,4.733333333333333,2.066666666666667,820892,0
2017-04-09,2017,4,1.065216915877844,3.466936808139758,.9854889977132781,.5180974556522006,2640,2420,2430,2670,15.15442258678729,19.9,4.733333333333333,2.066666666666667,820892,0
2017-04-10,2017,4,4.272195528348862,6.27446919795546,2.467846275982397,2.467846275982397,2710,2410,2390,2670,18.97358607535567,19.9,4.733333333333333,2.066666666666667,820892,0
2017-04-11,2017,4,3.467846275982397,2.194286545869575,3.337867178148027,2.87002090216563,2830,2530,2460,2720,25.81473647295398,19.9,4.733333333333333,2.066666666666667,820892,0
2017-04-12,2017,4,2.596915905974128,3.532153724017603,1.935237818043475,2.403084094025872,2870,2610,2550,2820,25.33510759821278,19.9,4.733333333333333,2.066666666666667,820892,0
2017-04-13,2017,4,1.532608457938922,1.467391542061078,2.338321912069346,4.674824888453416,2860,2720,2600,2820,22.0502511796698,19.9,4.733333333333333,2.066666666666667,820892,0
2017-04-14,2017,4,0,.9352378180434748,4.805713454130425,7.143580632278451,3060,2900,2620,2810,27.62135939492705,19.9,4.733333333333333,2.066666666666667,820892,0
2017-04-15,2017,4,.6621328218519723,1.531698990096283,6.741406006095219,8.611426908260848,3490,3190,2870,2960,20.90667054739135,19.9,4.733333333333333,2.066666666666667,820892,0
2017-04-16,2017,4,.4673915420610777,.4678462759823971,10.0140562683654,5.337867178148027,3850,3550,3200,3160,19.01084195450884,19.9,4.733333333333333,2.066666666666667,820892,0
2017-04-17,2017,4,2.805713454130424,2.403084094025872,3.871385103929588,5.740951272173898,3940,3730,3480,3330,30.34689019697159,19.9,4.733333333333333,2.066666666666667,820892,0
2017-04-18,2017,4,0,0,7.547119460225642,7.079273184243247,3910,3740,3560,3400,28.98094165850008,19.9,4.733333333333333,2.066666666666667,820892,0
2017-04-19,2017,4,.4673915420610777,1.87002090216563,3.323356175861305,3.323356175861305,3930,3710,3550,3420,25.25632032429818,19.9,4.733333333333333,2.066666666666667,820892,0
2017-04-20,2017,4,0,.4678462759823971,1.402629360104552,3.273559730112821,3950,3770,3600,3470,32.29387943736653,19.9,4.733333333333333,2.066666666666667,820892,0
2017-04-21,2017,4,8.740951272173898,3.5180974556522,1.403084094025872,1.87002090216563,3970,3830,3610,3520,36.02038206006837,19.9,4.733333333333333,2.066666666666667,820892,0
2017-04-22,2017,4,1.935237818043474,3,.4678462759823971,2.805258720209105,3970,3870,3610,3550,20.01941023941108,19.9,4.733333333333333,2.066666666666667,820892,0
2017-04-23,2017,4,1.935237818043475,1.000454733921319,0,1.870020902165631,4650,3890,3590,3530,22.11592282946897,19.9,4.733333333333333,2.066666666666667,820892,0
2017-04-24,2017,4,0,0,1.726440269887178,2.661223354009333,4920,4290,4160,3780,58.19927931221591,19.9,4.733333333333333,2.066666666666667,820892,0
2017-04-25,2017,4,2.935692551964795,.661678087930653,3.337412444226708,3.804803986287786,4900,4380,4400,3990,15.33741244422671,19.9,4.733333333333333,2.066666666666667,820892,0
2017-04-26,2017,4,3.467391542061077,1.065216915877845,.3885730917391504,.3885730917391504,4900,4540,4430,3970,10.40035569049796,19.9,4.733333333333333,2.066666666666667,820892,0
2017-04-27,2017,4,5.676189090217374,3.12952436391305,.855964633800228,.855964633800228,4660,4490,4520,3920,33.6838790836843,19.9,4.733333333333333,2.066666666666667,820892,0
2017-04-28,2017,4,8.999545266078679,2.921181549678072,.4678462759823971,2.337867178148028,4540,4220,4160,3770,10.42707284905747,19.9,4.733333333333333,2.066666666666667,820892,0
2017-04-29,2017,4,1.065216915877844,.9352378180434748,3.74049653825258,4.676643824138693,4560,4180,4000,3720,5.194286545869575,19.9,4.733333333333333,2.066666666666667,820892,0
2017-04-30,2017,4,2.532153724017603,7.740951272173898,1.468301009903716,3.805713454130425,4280,4150,4000,3730,6.129524363913049,19.9,4.733333333333333,2.066666666666667,820892,0
2017-05-01,2017,5,2.402174626183233,5.144035366199771,.7916571857650225,.3238109097826253,3890,3880,3810,3650,17.48865189356476,20.35483870967742,6.096774193548387,1.903225806451613,820892,0
2017-05-02,2017,5,3.403084094025872,1.532153724017603,4.467391542061077,4.466936808139758,3680,3640,3570,3580,20.6580402165601,20.35483870967742,6.096774193548387,1.903225806451613,820892,0
2017-05-03,2017,5,3.662132821851972,6.87002090216563,1.467391542061078,.06476218195652507,3580,3370,3300,3420,14.9193626139928,20.35483870967742,6.096774193548387,1.903225806451613,820892,0
2017-05-04,2017,5,1.467391542061078,2.870475636086949,5.805258720209104,3.935237818043475,3360,3190,3080,3230,20.49047082925004,20.35483870967742,6.096774193548387,1.903225806451613,820892,0
2017-05-05,2017,5,.06476218195652507,1.000454733921319,1.934783084122156,4.273559730112821,3240,2880,2830,3080,21.07514940254405,20.35483870967742,6.096774193548387,1.903225806451613,820892,0
2017-05-06,2017,5,.06476218195652507,.5973706398954473,3.999545266078679,5.87002090216563,3240,2870,2820,3050,28.70962442158653,20.35483870967742,6.096774193548387,1.903225806451613,820892,0
2017-05-07,2017,5,0,0,.4678462759823972,3.74049653825258,3250,2940,2870,3080,24.10141182718224,20.35483870967742,6.096774193548387,1.903225806451613,820892,0
2017-05-08,2017,5,0,.4673915420610777,2.338321912069346,6.077908982479288,3690,3090,2910,3050,27.26989068233494,20.35483870967742,6.096774193548387,1.903225806451613,820892,0
2017-05-09,2017,5,.06476218195652508,2.402629360104553,.4673915420610777,1.870020902165631,4420,4050,3590,3380,49.53517167264204,20.35483870967742,6.096774193548387,1.903225806451613,820892,0
2017-05-10,2017,5,2.000454733921319,0,4.208797548156297,5.610517440418211,4930,4530,4610,4150,11.92027208183544,20.35483870967742,6.096774193548387,1.903225806451613,820892,0
2017-05-11,2017,5,2.87047563608695,1.662587555773292,.5969159059741279,.1295243639130502,5150,4840,4560,4180,10.08920567090945,20.35483870967742,6.096774193548387,1.903225806451613,820892,0
2017-05-12,2017,5,0,0,0,0,5160,4900,4950,4420,15.19474127979089,20.35483870967742,6.096774193548387,1.903225806451613,820892,0
2017-05-13,2017,5,0,0,.5321537240176027,2.869566168244311,5170,4900,4990,4400,15.32059659592606,20.35483870967742,6.096774193548387,1.903225806451613,820892,0
2017-05-14,2017,5,0,0,1.596915905974128,3.466482074218439,5170,4900,4970,4430,14.01084195450884,20.35483870967742,6.096774193548387,1.903225806451613,820892,0
2017-05-15,2017,5,0,0,4.740041804331261,6.143580632278452,5140,4960,4960,4480,30.25174180867767,20.35483870967742,6.096774193548387,1.903225806451613,820892,0
2017-05-16,2017,5,2.870475636086949,.5326084579389222,5.804803986287784,2.533063191860241,5470,4940,4860,4520,26.03574017738308,20.35483870967742,6.096774193548387,1.903225806451613,820892,0
2017-05-17,2017,5,0,0,9.417140362391274,7.546664726304322,5650,5100,5120,4680,21.04934171182716,20.35483870967742,6.096774193548387,1.903225806451613,820892,0
2017-05-18,2017,5,4.402629360104553,.2590487278261003,3.129069629991731,1.2590487278261,5800,5190,5190,4870,15.89264545543328,20.35483870967742,6.096774193548387,1.903225806451613,820892,0
2017-05-19,2017,5,10.27355973011282,5.791657185765021,0,0,5930,5430,5310,4930,9.699723111327655,20.35483870967742,6.096774193548387,1.903225806451613,820892,0
2017-05-20,2017,5,2.337867178148028,2.403084094025872,2.805258720209105,2.805258720209105,5910,5350,5350,5010,7.517642721730881,20.35483870967742,6.096774193548387,1.903225806451613,820892,0
2017-05-21,2017,5,4.99954526607868,5.273104996191502,1.064762181956525,1.064307448035205,5430,5210,5360,5000,7.179320809661534,20.35483870967742,6.096774193548387,1.903225806451613,820892,0
2017-05-22,2017,5,9.416685628469956,10.67664382413869,.06476218195652508,.06476218195652508,4740,4790,4950,4670,21.25450138861291,20.35483870967742,6.096774193548387,1.903225806451613,820892,0
2017-05-23,2017,5,1.49927066584689,4.00048622276874,.49975688861563,0,3970,4190,4270,4090,21.49635332923445,20.35483870967742,6.096774193548387,1.903225806451613,820892,0
2017-05-24,2017,5,1.49927066584689,5.50072933415311,4.49975688861563,4.00048622276874,3730,3550,3480,3480,21.2459886621579,20.35483870967742,6.096774193548387,1.903225806451613,820892,0
2017-05-25,2017,5,0,0,4.676189090217374,3.273559730112821,3720,3480,3340,3270,38.12088441940798,20.35483870967742,6.096774193548387,1.903225806451613,820892,0
2017-05-26,2017,5,0,0,4.87002090216563,5.805258720209104,3710,3430,3330,3260,16.60730312656165,20.35483870967742,6.096774193548387,1.903225806451613,820892,0
2017-05-27,2017,5,2.337867178148028,.06476218195652507,3.999545266078679,2.596915905974128,3710,3350,3330,3240,19.81701014256058,20.35483870967742,6.096774193548387,1.903225806451613,820892,0
2017-05-28,2017,5,1.870930370008269,2.805713454130424,2.402629360104553,1.467846275982397,3720,3370,3330,3250,14.2449924594607,20.35483870967742,6.096774193548387,1.903225806451613,820892,0
2017-05-29,2017,5,2.87002090216563,4.741406006095218,.9352378180434748,3.740041804331261,3740,3390,3370,3220,21.75133849276142,20.35483870967742,6.096774193548387,1.903225806451613,820892,0
2017-05-30,2017,5,1.99954526607868,4.402629360104552,2.403993561868511,4.272650262270182,3980,3420,3360,3200,20.08920567090944,20.35483870967742,6.096774193548387,1.903225806451613,820892,0
2017-05-31,2017,5,2.596461172052809,1.194286545869575,2.805258720209105,3.273104996191502,4110,3760,3650,3330,22.8151912068753,20.35483870967742,6.096774193548387,1.903225806451613,820892,0
2017-06-01,2017,6,0,2.87093037000827,3.338776645990666,3.337867178148028,3970,3780,3730,3420,21.06203377842861,17.13333333333333,4.066666666666666,1.7,820892,0
2017-06-02,2017,6,.4673915420610777,2.467391542061077,3.870475636086949,1.532608457938922,3760,3600,3530,3330,18.16756938731005,17.13333333333333,4.066666666666666,1.7,820892,0
2017-06-03,2017,6,1.99954526607868,4.402174626183233,.06476218195652507,.06476218195652507,3680,3370,3410,3200,12.79211191968634,17.13333333333333,4.066666666666666,1.7,820892,0
2017-06-04,2017,6,3.870930370008268,4.403084094025871,2.870475636086949,2.87002090216563,3680,3310,3350,3100,11.0905698726734,17.13333333333333,4.066666666666666,1.7,820892,0
2017-06-05,2017,6,3.870475636086949,2.662132821851972,1.532153724017603,1.064762181956525,3670,3330,3330,3060,25.26852648057098,17.13333333333333,4.066666666666666,1.7,820892,0
2017-06-06,2017,6,3.273104996191502,1.532608457938922,2.870475636086949,.9995452660786804,3670,3290,3260,3010,24.67024637283289,17.13333333333333,4.066666666666666,1.7,820892,0
2017-06-07,2017,6,1.936147285886114,3.805258720209105,3.274014464034141,4.675734356296055,3680,3270,3240,3010,29.42661811513615,17.13333333333333,4.066666666666666,1.7,820892,0
2017-06-08,2017,6,2.805713454130424,2.467391542061077,2.337867178148028,2.337867178148028,3820,3270,3230,2980,18.98457952987064,17.13333333333333,4.066666666666666,1.7,820892,0
2017-06-09,2017,6,3.804803986287786,1.870930370008269,2.726440269887179,1.323810909782626,3900,3470,3380,3070,27.81200806942607,17.13333333333333,4.066666666666666,1.7,820892,0
2017-06-10,2017,6,0,.4678462759823971,8.013601534444081,6.144035366199772,3910,3490,3430,3140,19.01129668843016,17.13333333333333,4.066666666666666,1.7,820892,0
2017-06-11,2017,6,.4673915420610777,1,4.337412444226708,4.805713454130426,3780,3480,3480,3190,15.17977554358285,17.13333333333333,4.066666666666666,1.7,820892,0
2017-06-12,2017,6,0,.06476218195652508,7.143125898357133,11.35237818043475,3570,3200,3260,3050,26.01941023941108,17.13333333333333,4.066666666666666,1.7,820892,0
2017-06-13,2017,6,1.87002090216563,4.207888080313658,2.2590487278261,1.323810909782625,3320,2860,3040,2820,23.85050782674439,17.13333333333333,4.066666666666666,1.7,820892,0
2017-06-14,2017,6,2.87002090216563,6.676189090217374,4.402629360104552,3.936147285886113,2960,2560,2800,2610,21.26349323102914,17.13333333333333,4.066666666666666,1.7,820892,0
2017-06-15,2017,6,1.467391542061078,4.338321912069347,4.12952436391305,3.662132821851972,2440,2140,2440,2290,25.08462715528892,17.13333333333333,4.066666666666666,1.7,820892,0
2017-06-16,2017,6,3.870475636086949,4.337412444226708,1.791202451843703,1.323356175861306,1970,1740,2020,1930,31.92747616497372,17.13333333333333,4.066666666666666,1.7,820892,0
2017-06-17,2017,6,1.064307448035205,5.676189090217374,6.273559730112821,6.741860740016537,1550,1390,1600,1510,19.37224315376715,17.13333333333333,4.066666666666666,1.7,820892,0
2017-06-18,2017,6,0,0,4.740496538252581,3.805713454130425,1450,1180,1240,1140,24.73406791053946,17.13333333333333,4.066666666666666,1.7,820892,0
2017-06-19,2017,6,1,6.805258720209105,.9352378180434749,.9347830841221555,1450,1190,1200,1030,36.03574017738308,17.13333333333333,4.066666666666666,1.7,820892,0
2017-06-20,2017,6,.9352378180434748,3.74049653825258,5.208797548156296,7.080182652085885,1450,1190,1140,998,29.24317352377541,17.13333333333333,4.066666666666666,1.7,820892,0
2017-06-21,2017,6,1.467391542061078,2.87002090216563,3.000454733921319,2.99954526607868,1440,1180,1130,974,32.24180932201146,17.13333333333333,4.066666666666666,1.7,820892,0
2017-06-22,2017,6,1.467391542061078,4.804803986287787,3.935692551964795,2.533063191860242,1440,1200,1110,956,42.15032998149542,17.13333333333333,4.066666666666666,1.7,820892,0
2017-06-23,2017,6,2.532608457938922,4,.1295243639130501,.5969159059741278,1410,1210,1100,939,45.20957300358145,17.13333333333333,4.066666666666666,1.7,820892,0
2017-06-24,2017,6,1.87002090216563,.9352378180434748,0,.9352378180434748,1340,1180,1030,878,49.07193508868748,17.13333333333333,4.066666666666666,1.7,820892,0
2017-06-25,2017,6,.9352378180434748,2.467846275982397,3.273559730112821,2.805713454130424,1280,1240,1150,964,53.3704553944892,17.13333333333333,4.066666666666666,1.7,820892,0
2017-06-26,2017,6,.5326084579389223,.9347830841221555,4.209252282077617,5.144035366199772,1190,1080,924,852,28.67923821524913,17.13333333333333,4.066666666666666,1.7,820892,0
2017-06-27,2017,6,0,0,0,0,1110,967,828,760,25.94517030470968,17.13333333333333,4.066666666666666,1.7,820892,0
2017-06-28,2017,6,.5321537240176027,.9352378180434748,2.000454733921319,2.467391542061077,1050,892,753,682,25.50222225160152,17.13333333333333,4.066666666666666,1.7,820892,0
2017-06-29,2017,6,.9352378180434748,1.87002090216563,1.064762181956525,3.402174626183232,1020,844,685,607,21.37269788768847,17.13333333333333,4.066666666666666,1.7,820892,0
2017-06-30,2017,6,0,1.403084094025872,2.467391542061078,2.935237818043475,1020,837,666,577,31.84008942974955,17.13333333333333,4.066666666666666,1.7,820892,0
2017-07-01,2017,7,.5326084579389223,.9347830841221555,1.870930370008269,2.806168188051744,983,847,668,564,28.66213282185197,17.54838709677419,4.32258064516129,1.312558722204823,820892,0
2017-07-02,2017,7,3.402629360104552,.5973706398954473,2.935237818043475,5.273104996191502,957,817,620,556,29.076513604308,17.54838709677419,4.32258064516129,1.312558722204823,820892,0
2017-07-03,2017,7,1.12952436391305,4.208797548156296,3.805713454130425,1.467846275982397,944,813,601,543,25.983670062028,17.54838709677419,4.32258064516129,1.312558722204823,820892,0
2017-07-04,2017,7,4.338321912069347,4.272650262270182,1.323810909782625,1.323810909782625,937,800,582,526,21.39986978016931,17.54838709677419,4.32258064516129,1.312558722204823,820892,0
2017-07-05,2017,7,1.403084094025872,.9995452660786805,1.467391542061078,1.934783084122156,936,833,604,541,37.84145363151351,17.54838709677419,4.32258064516129,1.312558722204823,820892,0
2017-07-06,2017,7,1,2.870475636086949,1.934783084122155,.5326084579389222,935,836,581,543,31.85323623027231,17.54838709677419,4.32258064516129,1.312558722204823,820892,0
2017-07-07,2017,7,1.403084094025872,.9352378180434748,2.87002090216563,1.467846275982397,933,839,583,543,25.12770542822777,17.54838709677419,4.32258064516129,1.312558722204823,820892,0
2017-07-08,2017,7,0,0,2.338776645990666,4.676189090217374,931,831,565,535,16.7771461834783,17.54838709677419,4.32258064516129,1.312558722204823,820892,0
2017-07-09,2017,7,.9347830841221554,5.611426908260849,3.403084094025872,1.99954526607868,933,813,570,538,15.60730312656165,17.54838709677419,4.32258064516129,1.312558722204823,820892,0
2017-07-10,2017,7,0,1.87047563608695,4.337867178148027,4.337412444226708,883,820,581,561,19.42616338121483,17.54838709677419,4.32258064516129,1.312558722204823,820892,0
2017-07-11,2017,7,.5326084579389222,1.402629360104552,2.531698990096283,4.402174626183233,846,785,522,531,17.91981734791411,17.54838709677419,4.32258064516129,1.312558722204823,820892,0
2017-07-12,2017,7,1.532153724017603,4.338321912069347,1.194741279790895,.2590487278261003,823,769,488,478,24.24501621662041,17.54838709677419,4.32258064516129,1.312558722204823,820892,0
2017-07-13,2017,7,1.323810909782625,3.064762181956525,1.12997909783437,2.99954526607868,858,728,461,468,19.85323623027231,17.54838709677419,4.32258064516129,1.312558722204823,820892,0
2017-07-14,2017,7,.5326084579389222,4.806168188051744,3,.1942865458695752,898,803,590,473,13.98412479594932,17.54838709677419,4.32258064516129,1.312558722204823,820892,0
2017-07-15,2017,7,1.935237818043474,3.338321912069347,0,.4673915420610777,869,761,508,486,17.75042902491878,17.54838709677419,4.32258064516129,1.312558722204823,820892,0
2017-07-16,2017,7,.1216982594194583,.1216982594194583,4.513206962322166,2.756603481161083,877,762,533,454,15.60849129709729,17.54838709677419,4.32258064516129,1.312558722204823,820892,0
2017-07-17,2017,7,0,.8783017405805416,3.513206962322166,3.513206962322166,888,798,563,479,22.02122824274323,17.54838709677419,4.32258064516129,1.312558722204823,820892,0
2017-07-18,2017,7,0,2.337867178148028,2.999545266078681,2.532153724017603,843,796,607,565,14.21827530090118,17.54838709677419,4.32258064516129,1.312558722204823,820892,0
2017-07-19,2017,7,1.467846275982397,2.338321912069347,1.064762181956525,1.999545266078681,816,750,515,487,19.30839043965327,17.54838709677419,4.32258064516129,1.312558722204823,820892,0
2017-07-20,2017,7,0,0,2.338321912069346,6.546664726304323,818,746,479,447,13.97052326150523,17.54838709677419,4.32258064516129,1.312558722204823,820892,0
2017-07-21,2017,7,0,0,1.935237818043475,8.480993076505161,819,728,482,464,10.18068501142549,17.54838709677419,4.32258064516129,1.312558722204823,820892,0
2017-07-22,2017,7,.4678462759823972,0,6.079273184243247,2.805713454130425,819,717,479,466,10.31020937533854,17.54838709677419,4.32258064516129,1.312558722204823,820892,0
2017-07-23,2017,7,1.531698990096283,3.740951272173899,2.805713454130424,3.273559730112821,823,696,465,465,6.856874101642866,17.54838709677419,4.32258064516129,1.312558722204823,820892,0
2017-07-24,2017,7,0,2.337867178148028,3.74049653825258,4.676189090217374,805,706,471,427,15.2590487278261,17.54838709677419,4.32258064516129,1.312558722204823,820892,0
2017-07-25,2017,7,0,1.064762181956525,4.805258720209105,5.273104996191502,795,691,440,404,15.58104070192345,17.54838709677419,4.32258064516129,1.312558722204823,820892,0
2017-07-26,2017,7,2.870475636086949,5.805713454130424,3.999090532157361,2.129979097834369,776,715,436,392,6.909398950919266,17.54838709677419,4.32258064516129,1.312558722204823,820892,0
2017-07-27,2017,7,.06476218195652507,.4678462759823971,3.805713454130425,2.870475636086949,766,695,414,399,9.855509899878907,17.54838709677419,4.32258064516129,1.312558722204823,820892,0
2017-07-28,2017,7,1.935692551964794,5.272650262270182,2.99954526607868,3.936147285886113,770,752,470,405,8.466936808139756,17.54838709677419,4.32258064516129,1.312558722204823,820892,0
2017-07-29,2017,7,3.805713454130425,5.143580632278452,4.338321912069347,2.935237818043475,771,719,467,442,7.922091017520711,17.54838709677419,4.32258064516129,1.312558722204823,820892,0
2017-07-30,2017,7,1.661678087930653,3.273104996191502,2.870475636086949,2.403084094025872,774,731,407,372,10.96059077483904,17.54838709677419,4.32258064516129,1.312558722204823,820892,0
2017-07-31,2017,7,2.805258720209105,4.27401446403414,1.870930370008269,.4673915420610777,776,929,745,574,14.99818106431472,17.54838709677419,4.32258064516129,1.312558722204823,820892,0
2017-08-01,2017,8,2.466936808139758,3.403084094025872,1.935237818043474,1,775,759,581,630,15.73776813472466,16.80645161290322,3.741935483870968,1.312558722204823,820892,0
2017-08-02,2017,8,5.87002090216563,4.741860740016538,2.403084094025872,3.337867178148027,776,731,464,461,15.79029298400106,16.80645161290322,3.741935483870968,1.312558722204823,820892,0
2017-08-03,2017,8,1.597825373816766,1.999090532157361,3.741860740016538,5.144035366199771,775,720,455,425,26.60502945695504,16.80645161290322,3.741935483870968,1.312558722204823,820892,0
2017-08-04,2017,8,1,5.272195528348863,2,2.467846275982397,802,730,481,451,16.53078952225364,16.80645161290322,3.741935483870968,1.312558722204823,820892,0
2017-08-05,2017,8,.4673915420610777,5.208797548156296,3.870020902165629,2.000454733921319,793,759,513,445,8.194286545869575,16.80645161290322,3.741935483870968,1.312558722204823,820892,0
2017-08-06,2017,8,.4673915420610777,4.675734356296055,.9995452660786804,.9995452660786804,748,696,496,463,7.2590487278261,16.80645161290322,3.741935483870968,1.312558722204823,820892,0
2017-08-07,2017,8,3.870020902165629,3.403538827947191,1.935237818043474,1.467391542061078,705,671,467,443,14.15305838502333,16.80645161290322,3.741935483870968,1.312558722204823,820892,0
2017-08-08,2017,8,1.468301009903716,1.935237818043474,.9995452660786804,1.467846275982397,694,695,422,385,15.66076862008801,16.80645161290322,3.741935483870968,1.312558722204823,820892,0
2017-08-09,2017,8,.4678462759823971,1.064307448035205,1.87002090216563,4.208797548156296,694,670,392,329,14.28440168462166,16.80645161290322,3.741935483870968,1.312558722204823,820892,0
2017-08-10,2017,8,0,1,2.402629360104553,4.272650262270182,694,670,376,311,13.50358645336548,16.80645161290322,3.741935483870968,1.312558722204823,820892,0
2017-08-11,2017,8,2,1.87047563608695,1.467391542061078,1.467391542061078,707,764,466,333,18.46420840461184,16.80645161290322,3.741935483870968,1.312558722204823,820892,0
2017-08-12,2017,8,.9995452660786805,2.064762181956525,1.727349737729817,2.194286545869575,704,707,701,636,6.324720377625265,16.80645161290322,3.741935483870968,1.312558722204823,820892,0
2017-08-13,2017,8,.4673915420610777,3.273104996191502,3.403084094025872,2.466936808139758,692,596,518,499,4.389027825660469,16.80645161290322,3.741935483870968,1.312558722204823,820892,0
2017-08-14,2017,8,1.934783084122155,2.935692551964794,1.935237818043474,1.467391542061078,690,610,420,365,11.25813925998346,16.80645161290322,3.741935483870968,1.312558722204823,820892,0
2017-08-15,2017,8,2.935237818043475,3.806168188051744,2.323810909782625,2.323810909782625,689,635,431,381,13.55568774512789,16.80645161290322,3.741935483870968,1.312558722204823,820892,0
2017-08-16,2017,8,0,0,7.079727918164565,8.014056268365401,685,621,395,331,18.66979163891157,16.80645161290322,3.741935483870968,1.312558722204823,820892,0
2017-08-17,2017,8,2,2.337867178148028,3.934328350200836,2.532153724017603,684,615,375,315,18.20330956469313,16.80645161290322,3.741935483870968,1.312558722204823,820892,0
2017-08-18,2017,8,.5321537240176029,1.403084094025872,5.338776645990666,5.338321912069347,684,618,371,308,23.24180932201146,16.80645161290322,3.741935483870968,1.312558722204823,820892,0
2017-08-19,2017,8,0,.4678462759823971,1.87047563608695,4.207888080313658,684,626,369,300,14.65937324191673,16.80645161290322,3.741935483870968,1.312558722204823,820892,0
2017-08-20,2017,8,0,0,.9352378180434748,6.078818450321926,683,641,376,303,7.349163866578187,16.80645161290322,3.741935483870968,1.312558722204823,820892,0
2017-08-21,2017,8,2.337867178148028,3.273104996191503,4.12997909783437,4.597825373816767,689,636,415,348,6.089205670909449,16.80645161290322,3.741935483870968,1.312558722204823,820892,0
2017-08-22,2017,8,4.337867178148028,4.806622921973064,1.064762181956525,1.064762181956525,688,631,415,406,12.62090466100573,16.80645161290322,3.741935483870968,1.312558722204823,820892,0
2017-08-23,2017,8,3.999090532157361,4.338776645990666,1.532608457938922,2.467391542061077,700,635,397,397,14.52897058656837,16.80645161290322,3.741935483870968,1.312558722204823,820892,0
2017-08-24,2017,8,.5973706398954474,.06476218195652508,3.273104996191503,1.87047563608695,696,651,428,399,12.38629942213255,16.80645161290322,3.741935483870968,1.312558722204823,820892,0
2017-08-25,2017,8,3.336957710305389,5.676189090217375,1.661678087930653,1.194286545869575,666,654,419,398,10.41301658069207,16.80645161290322,3.741935483870968,1.312558722204823,820892,0
2017-08-26,2017,8,3.87093037000827,3.337867178148028,2.999545266078681,1.12952436391305,649,616,389,385,6.881772324517109,16.80645161290322,3.741935483870968,1.312558722204823,820892,0
2017-08-27,2017,8,4.208797548156296,5.87002090216563,2.467391542061077,.5969159059741278,646,623,377,363,10.21642518880857,16.80645161290322,3.741935483870968,1.312558722204823,820892,0
2017-08-28,2017,8,.06476218195652507,1.870930370008269,1.532153724017603,1.532153724017603,645,636,358,348,17.89170481118331,16.80645161290322,3.741935483870968,1.312558722204823,820892,0
2017-08-29,2017,8,3.805713454130425,8.144035366199772,1.064307448035206,.1295243639130502,640,684,371,356,18.19061749809169,16.80645161290322,3.741935483870968,1.312558722204823,820892,0
2017-08-30,2017,8,.4673915420610777,2,7.271740794427544,3.065216915877844,637,631,439,426,19.67115584067553,16.80645161290322,3.741935483870968,1.312558722204823,820892,0
2017-08-31,2017,8,.4673915420610777,2.403084094025872,3.274469197955461,5.143580632278453,637,622,369,366,21.78798813798714,16.80645161290322,3.741935483870968,1.312558722204823,820892,0
2017-09-01,2017,9,1.87047563608695,0,4.805713454130425,6.676643824138694,614,621,363,345,32.87904392098919,19.43333333333333,5.433333333333334,1.520711974110032,820892,0
2017-09-02,2017,9,4.207433346392338,4.27401446403414,2.064307448035206,1.596915905974128,604,604,337,303,19.01220615627279,19.43333333333333,5.433333333333334,1.520711974110032,820892,0
2017-09-03,2017,9,1.532153724017603,3.741406006095219,2.337412444226708,1.402629360104552,604,596,324,284,25.26989068233494,19.43333333333333,5.433333333333334,1.520711974110032,820892,0
2017-09-04,2017,9,2.935237818043475,1,2.805258720209105,.9352378180434749,604,598,310,274,16.97188746326919,19.43333333333333,5.433333333333334,1.520711974110032,820892,0
2017-09-05,2017,9,0,.9352378180434748,2.403538827947191,2.870930370008269,671,603,304,256,39.03483070954044,19.43333333333333,5.433333333333334,1.520711974110032,820892,0
2017-09-06,2017,9,3.337867178148027,1.99954526607868,2.403084094025872,6.143580632278452,712,673,370,283,33.8414536315135,19.43333333333333,5.433333333333334,1.520711974110032,820892,0
2017-09-07,2017,9,1.532153724017603,2.87093037000827,4.870020902165631,3.00045473392132,746,671,394,370,36.34507126128631,19.43333333333333,5.433333333333334,1.520711974110032,820892,0
2017-09-08,2017,9,2.468301009903716,4.402174626183233,1.87002090216563,2.337867178148028,770,704,426,391,25.98503426379195,19.43333333333333,5.433333333333334,1.520711974110032,820892,0
2017-09-09,2017,9,.4678462759823971,2.466936808139758,3.871385103929588,5.273559730112821,769,698,447,448,21.71420293720705,19.43333333333333,5.433333333333334,1.520711974110032,820892,0
2017-09-10,2017,9,.1295243639130501,.5321537240176027,3.337867178148027,2.87002090216563,767,693,440,436,19.45469947545963,19.43333333333333,5.433333333333334,1.520711974110032,820892,0
2017-09-11,2017,9,1.467846275982397,3.337412444226708,3.805713454130425,4.273104996191502,767,713,460,461,28.36322013494359,19.43333333333333,5.433333333333334,1.520711974110032,820892,0
2017-09-12,2017,9,.1295243639130501,2.532153724017603,3.403538827947191,4.338321912069347,768,724,469,480,31.73773695831733,19.43333333333333,5.433333333333334,1.520711974110032,820892,0
2017-09-13,2017,9,3,6.805713454130424,3.869566168244311,2,767,708,448,488,24.33868085361404,19.43333333333333,5.433333333333334,1.520711974110032,820892,0
2017-09-14,2017,9,.4673915420610777,1.87047563608695,3.532608457938922,4.467391542061077,769,694,436,468,23.37224315376715,19.43333333333333,5.433333333333334,1.520711974110032,820892,0
2017-09-15,2017,9,0,0,5.611426908260849,9.351468712592112,738,695,461,476,23.45197107193172,19.43333333333333,5.433333333333334,1.520711974110032,820892,0
2017-09-16,2017,9,0,.9352378180434748,5.273104996191502,4.805258720209105,711,653,439,461,18.0099324866662,19.43333333333333,5.433333333333334,1.520711974110032,820892,0
2017-09-17,2017,9,.5326084579389222,1,5.208797548156296,8.948839352487555,710,635,428,449,11.21963950266514,19.43333333333333,5.433333333333334,1.520711974110032,820892,0
2017-09-18,2017,9,0,0,5.676643824138695,7.077908982479289,710,654,437,445,21.21827530090118,19.43333333333333,5.433333333333334,1.520711974110032,820892,0
2017-09-19,2017,9,.4678462759823971,.4678462759823971,4.934783084122155,4.935237818043474,704,662,420,439,31.62859465447266,19.43333333333333,5.433333333333334,1.520711974110032,820892,0
2017-09-20,2017,9,0,0,6.078818450321926,6.077908982479288,702,660,417,418,29.16299087168953,19.43333333333333,5.433333333333334,1.520711974110032,820892,0
2017-09-21,2017,9,.06476218195652507,.06476218195652507,1.403084094025872,5.610972174339529,703,644,403,418,29.57740283055289,19.43333333333333,5.433333333333334,1.520711974110032,820892,0
2017-09-22,2017,9,.06476218195652508,0,2.337867178148028,2.337867178148028,703,641,387,397,31.09731922189037,19.43333333333333,5.433333333333334,1.520711974110032,820892,0
2017-09-23,2017,9,0,.9995452660786804,1.467391542061078,4.273104996191502,707,652,399,391,21.95831710523244,19.43333333333333,5.433333333333334,1.520711974110032,820892,0
2017-09-24,2017,9,1.934328350200836,2.597825373816766,4.209252282077616,3.740951272173899,718,671,453,429,9.7912024518437,19.43333333333333,5.433333333333334,1.520711974110032,820892,0
2017-09-25,2017,9,3.531698990096283,5.999545266078679,0,0,702,678,471,444,10.87995338883183,19.43333333333333,5.433333333333334,1.520711974110032,820892,0
2017-09-26,2017,9,2.934328350200836,.5326084579389222,0,0,669,665,519,442,17.16480980737481,19.43333333333333,5.433333333333334,1.520711974110032,820892,0
2017-09-27,2017,9,5.999999999999999,2.065216915877844,.9352378180434748,.9352378180434748,624,854,643,590,9.635870397213772,19.43333333333333,5.433333333333334,1.520711974110032,820892,0
2017-09-28,2017,9,4.805713454130425,3.935237818043475,.5321537240176027,1,814,1040,1190,1200,9.168933589074012,19.43333333333333,5.433333333333334,1.520711974110032,820892,0
2017-09-29,2017,9,2.193377078026936,3.870930370008268,1.467846275982397,1.467846275982397,1210,1350,1390,1450,12.74140600609522,19.43333333333333,5.433333333333334,1.520711974110032,820892,0
2017-09-30,2017,9,.5973706398954473,2.934783084122155,.9352378180434748,.9356925519647942,1370,1370,1320,1240,12.17075252475929,19.43333333333333,5.433333333333334,1.520711974110032,820892,0
2017-10-01,2017,10,.5321537240176029,.06476218195652508,1.87047563608695,3.7409512721739,1360,2550,2500,2080,12.23551470671582,18.16129032258064,4.67741935483871,1.612903225806452,820892,0
2017-10-02,2017,10,0,1,.4678462759823972,3.740041804331261,1070,1210,1410,1240,22.491835031014,18.16129032258064,4.67741935483871,1.612903225806452,820892,0
2017-10-03,2017,10,.9995452660786804,3.468301009903716,2.337867178148028,3.741406006095219,896,953,1010,967,20.91936261399279,18.16129032258064,4.67741935483871,1.612903225806452,820892,0
2017-10-04,2017,10,.06476218195652508,2.87002090216563,1.935237818043475,1.935692551964794,1130,995,942,895,18.51673325388824,18.16129032258064,4.67741935483871,1.612903225806452,820892,0
2017-10-05,2017,10,.5969159059741278,.1942865458695752,1.935237818043474,2.87002090216563,1500,3540,2730,2240,13.29754848514442,18.16129032258064,4.67741935483871,1.612903225806452,820892,0
2017-10-06,2017,10,4.532608457938922,1.2590487278261,1.12952436391305,2.999545266078681,1930,2750,3130,3280,18.69926837740634,18.16129032258064,4.67741935483871,1.612903225806452,820892,0
2017-10-07,2017,10,2.87047563608695,5.7409512721739,1.869566168244311,2.337867178148028,1870,1820,1960,2000,11.88040812275315,18.16129032258064,4.67741935483871,1.612903225806452,820892,0
2017-10-08,2017,10,0,0,7.61097217433953,9.949748820330196,1690,1580,1650,1620,13.75133849276142,18.16129032258064,4.67741935483871,1.612903225806452,820892,0
2017-10-09,2017,10,7.467846275982396,3.855964633800228,.5326084579389222,.06476218195652507,1610,1510,1560,1480,25.68475737511962,18.16129032258064,4.67741935483871,1.612903225806452,820892,0
2017-10-10,2017,10,2.337867178148028,6.078363716400607,1.193831811948256,.2590487278261003,1380,1440,1480,1360,20.58058596800213,18.16129032258064,4.67741935483871,1.612903225806452,820892,0
2017-10-11,2017,10,.6621328218519723,3.870930370008268,3.274014464034141,7.481902544347799,1240,1200,1220,1180,24.09959289149696,18.16129032258064,4.67741935483871,1.612903225806452,820892,0
2017-10-12,2017,10,.06476218195652507,.1295243639130501,4.273104996191502,5.676643824138694,1240,1160,1130,1040,35.94335136902439,18.16129032258064,4.67741935483871,1.612903225806452,820892,0
2017-10-13,2017,10,.06476218195652507,.06476218195652507,3.274014464034141,6.078818450321926,1010,1110,1090,1000,31.73776813472466,18.16129032258064,4.67741935483871,1.612903225806452,820892,0
2017-10-14,2017,10,5.403084094025871,1.596915905974128,1.934328350200836,1.466936808139758,894,897,806,816,19.3233561758613,18.16129032258064,4.67741935483871,1.612903225806452,820892,0
2017-10-15,2017,10,4.129069629991731,3,3.805258720209105,.5326084579389223,893,873,754,695,21.1906174980917,18.16129032258064,4.67741935483871,1.612903225806452,820892,0
2017-10-16,2017,10,3.467846275982397,3.532608457938923,4.806622921973064,7.144035366199772,868,853,749,669,27.61723561322785,18.16129032258064,4.67741935483871,1.612903225806452,820892,0
2017-10-17,2017,10,1.597825373816767,3.403538827947192,1.402629360104553,1.870020902165631,845,821,706,652,31.17292335835574,18.16129032258064,4.67741935483871,1.612903225806452,820892,0
2017-10-18,2017,10,1,7.078818450321928,2.064307448035206,.6621328218519724,796,793,675,606,35.01713656980449,18.16129032258064,4.67741935483871,1.612903225806452,820892,0
2017-10-19,2017,10,2.935692551964794,2.662587555773292,3.467846275982397,2.532608457938922,770,732,631,554,30.73364435302546,18.16129032258064,4.67741935483871,1.612903225806452,820892,0
2017-10-20,2017,10,0,0,.4673915420610777,2.805258720209105,771,733,612,503,13.0502511796698,18.16129032258064,4.67741935483871,1.612903225806452,820892,0
2017-10-21,2017,10,7.675279622374735,3.453790007616995,2.402174626183234,1.467391542061078,771,721,609,481,25.12816016214909,18.16129032258064,4.67741935483871,1.612903225806452,820892,0
2017-10-22,2017,10,1.467391542061078,4.273559730112821,5.402629360104552,2.596915905974128,771,705,617,465,8.557506680813162,18.16129032258064,4.67741935483871,1.612903225806452,820892,0
2017-10-23,2017,10,7.208342814234975,2.324265643703944,3.273104996191502,1.403084094025872,748,710,619,474,24.91341989660831,18.16129032258064,4.67741935483871,1.612903225806452,820892,0
2017-10-24,2017,10,.5321537240176029,1.403084094025872,5.144035366199772,3.273104996191503,734,698,600,469,33.61999519316309,18.16129032258064,4.67741935483871,1.612903225806452,820892,0
2017-10-25,2017,10,0,.5321537240176027,1.532608457938922,4.805713454130425,733,698,565,451,25.70735075197993,18.16129032258064,4.67741935483871,1.612903225806452,820892,0
2017-10-26,2017,10,.9352378180434748,3.337867178148027,2.466936808139758,2,722,700,583,455,40.32734594514302,18.16129032258064,4.67741935483871,1.612903225806452,820892,0
2017-10-27,2017,10,1,1,3,4.756811289827652,736,701,575,474,41.36478306525852,18.16129032258064,4.67741935483871,1.612903225806452,820892,0
2017-10-28,2017,10,.1215943550861743,6.392028224569128,6.148839514396779,2.635216934741476,738,709,589,504,30.70232097120644,18.16129032258064,4.67741935483871,1.612903225806452,820892,0
2017-10-29,2017,10,0,0,6.513622579655301,4.756811289827652,738,717,587,507,29.89101936275758,18.16129032258064,4.67741935483871,1.612903225806452,820892,0
2017-10-30,2017,10,0,0,4.243188710172348,2.486377420344697,738,731,692,561,36.71493468905019,18.16129032258064,4.67741935483871,1.612903225806452,820892,0
2017-10-31,2017,10,3.661678087930653,1.064762181956525,.5326084579389222,2.870475636086949,739,734,723,613,26.98503426379196,18.16129032258064,4.67741935483871,1.612903225806452,820892,0
2017-11-01,2017,11,0,4.675734356296055,5.531244256174963,4.596006438131488,788,744,709,617,27.85323623027231,18.7,5.733333333333333,1.566666666666667,820892,0
2017-11-02,2017,11,1,.4673915420610777,4.402629360104552,2.064762181956525,817,800,750,614,29.20103589508654,18.7,5.733333333333333,1.566666666666667,820892,0
2017-11-03,2017,11,.4678462759823971,.06476218195652507,4.74049653825258,5.676643824138694,818,808,764,632,28.68154306126306,18.7,5.733333333333333,1.566666666666667,820892,0
2017-11-04,2017,11,0,0,.5326084579389222,2.87002090216563,820,816,777,631,22.2549249461269,18.7,5.733333333333333,1.566666666666667,820892,0
2017-11-05,2017,11,.06476218195652507,.06476218195652507,4.74004180433126,2.870930370008269,820,829,787,664,13.62135939492705,18.7,5.733333333333333,1.566666666666667,820892,0
2017-11-06,2017,11,0,0,7.546209992383004,6.611426908260849,885,860,773,689,26.91527000870092,18.7,5.733333333333333,1.566666666666667,820892,0
2017-11-07,2017,11,1.726440269887178,1.064762181956525,6.079273184243247,2.806168188051744,1010,996,897,754,15.14984407116677,18.7,5.733333333333333,1.566666666666667,820892,0
2017-11-08,2017,11,8.66304228969461,1.2590487278261,1.87047563608695,1.403084094025872,1060,1070,966,829,30.18746553704978,18.7,5.733333333333333,1.566666666666667,820892,0
2017-11-09,2017,11,1.194286545869575,2.467391542061077,2.805258720209105,3.74049653825258,1130,1070,980,866,31.20957300358145,18.7,5.733333333333333,1.566666666666667,820892,0
2017-11-10,2017,11,.06476218195652507,1.935692551964794,2.999090532157361,3.466936808139758,1180,1160,1040,915,31.63937425616685,18.7,5.733333333333333,1.566666666666667,820892,0
2017-11-11,2017,11,1.999545266078681,2.402629360104553,2.063852714113886,4.401719892261914,1180,1150,1050,956,19.3192323941621,18.7,5.733333333333333,1.566666666666667,820892,0
2017-11-12,2017,11,4.065671649799163,2.596915905974128,3.403084094025872,2,1180,1140,1050,959,18.10004762541829,18.7,5.733333333333333,1.566666666666667,820892,0
2017-11-13,2017,11,.5321537240176027,3,3.741406006095219,3.741406006095219,914,1070,1050,973,33.48452811186556,18.7,5.733333333333333,1.566666666666667,820892,0
2017-11-14,2017,11,3.403084094025872,1.2590487278261,5.805258720209105,3.466936808139759,1350,1030,885,831,37.30335719011143,18.7,5.733333333333333,1.566666666666667,820892,0
2017-11-15,2017,11,3.467391542061077,2.000454733921319,2.467391542061077,.5969159059741278,1460,1380,1200,1120,27.03025219391991,18.7,5.733333333333333,1.566666666666667,820892,0
2017-11-16,2017,11,0,.06476218195652508,3.870020902165631,3.402629360104553,1240,1360,1280,1250,32.88712629556279,18.7,5.733333333333333,1.566666666666667,820892,0
2017-11-17,2017,11,0,0,4.194741279790894,8.402629360104552,1240,1250,1140,1100,48.91069149308039,18.7,5.733333333333333,1.566666666666667,820892,0
2017-11-18,2017,11,10.0140562683654,1.985943731634597,0,.4673915420610777,1460,1310,1090,1070,28.56471076395144,18.7,5.733333333333333,1.566666666666667,820892,0
2017-11-19,2017,11,.06476218195652507,3.870475636086949,7.481447810426479,9.351923446513428,1460,1420,1220,1200,20.12540058221384,18.7,5.733333333333333,1.566666666666667,820892,0
2017-11-20,2017,11,3.806168188051744,.9352378180434748,6.273559730112821,5.805713454130424,1340,1340,1200,1200,39.67329549786464,18.7,5.733333333333333,1.566666666666667,820892,0
2017-11-21,2017,11,10.33832191206935,4.194286545869575,.4678462759823972,0,1510,1350,1140,1150,19.77211293393646,18.7,5.733333333333333,1.566666666666667,820892,0
2017-11-22,2017,11,1.87047563608695,4.208342814234977,4.207888080313658,2.804803986287786,1550,1410,1230,1260,34.04385372836401,18.7,5.733333333333333,1.566666666666667,820892,0
2017-11-23,2017,11,2.064307448035206,1.532608457938922,2.466482074218439,3.401719892261914,1560,1450,1290,1310,24.27845896723718,18.7,5.733333333333333,1.566666666666667,820892,0
2017-11-24,2017,11,.5326084579389222,1,8.481447810426479,8.014056268365401,1560,1430,1290,1320,22.51075936009643,18.7,5.733333333333333,1.566666666666667,820892,0
2017-11-25,2017,11,2.403084094025872,4.870020902165631,2.064762181956525,1.596915905974128,1560,1400,1300,1320,23.2911198574313,18.7,5.733333333333333,1.566666666666667,820892,0
2017-11-26,2017,11,1.064762181956525,1.935692551964794,.9995452660786804,.9995452660786804,1560,1410,1300,1320,25.21184667318805,18.7,5.733333333333333,1.566666666666667,820892,0
2017-11-27,2017,11,.1295243639130502,2.12997909783437,3.063852714113886,2.129069629991731,1560,1450,1310,1340,39.0963785776404,18.7,5.733333333333333,1.566666666666667,820892,0
2017-11-28,2017,11,3.869566168244312,1.662587555773292,1.064762181956525,1.531698990096283,1560,1470,1310,1330,33.56516549787277,18.7,5.733333333333333,1.566666666666667,820892,0
2017-11-29,2017,11,2.402174626183234,4.208797548156297,2.805258720209105,2.806622921973064,1620,1490,1320,1330,34.060183666336,18.7,5.733333333333333,1.566666666666667,820892,0
2017-11-30,2017,11,1.403084094025872,1.87047563608695,1.87002090216563,1.87002090216563,1670,1640,1400,1360,39.66703205897633,18.7,5.733333333333333,1.566666666666667,820892,0
2017-12-01,2017,12,.1295243639130501,.06476218195652507,5.740951272173898,6.207433346392338,1640,1610,1410,1400,53.18194637717929,20.2258064516129,6.483870967741935,1.903225806451613,820892,0
2017-12-02,2017,12,.5321537240176027,.5969159059741278,6.207888080313658,4.338321912069347,1620,1580,1370,1380,37.1606860256756,20.2258064516129,6.483870967741935,1.903225806451613,820892,0
2017-12-03,2017,12,0,0,5.806168188051744,6.740951272173899,1620,1580,1360,1370,29.55338289911397,20.2258064516129,6.483870967741935,1.903225806451613,820892,0
2017-12-04,2017,12,2.115922829468967,1.87047563608695,.9347830841221554,.4673915420610777,1620,1580,1370,1360,36.2526512765203,20.2258064516129,6.483870967741935,1.903225806451613,820892,0
2017-12-05,2017,12,3.869566168244311,4.935237818043474,1.467846275982397,2.402629360104553,1610,1560,1340,1310,46.04339899444267,20.2258064516129,6.483870967741935,1.903225806451613,820892,0
2017-12-06,2017,12,2.87047563608695,2.402629360104553,.9352378180434749,.9347830841221555,1620,1520,1340,1290,30.88391198170623,20.2258064516129,6.483870967741935,1.903225806451613,820892,0
2017-12-07,2017,12,2.532153724017603,2.596915905974128,.9347830841221554,1.402174626183233,1560,1520,1340,1270,28.91845314615015,20.2258064516129,6.483870967741935,1.903225806451613,820892,0
2017-12-08,2017,12,1.935237818043475,1.402629360104553,1.129069629991731,5.803439784523828,1450,1410,1270,1220,48.92380711719584,20.2258064516129,6.483870967741935,1.903225806451613,820892,0
2017-12-09,2017,12,0,1,5.869566168244311,5.869566168244311,1410,1310,1190,1140,36.26667636847838,20.2258064516129,6.483870967741935,1.903225806451613,820892,0
2017-12-10,2017,12,2.402629360104553,2.532608457938922,4.934328350200836,4,1410,1300,1190,1120,29.95370741320459,20.2258064516129,6.483870967741935,1.903225806451613,820892,0
2017-12-11,2017,12,3.273104996191503,3.871385103929589,2.402174626183234,1.934783084122156,1410,1300,1190,1120,44.76295590269542,20.2258064516129,6.483870967741935,1.903225806451613,820892,0
2017-12-12,2017,12,1.662132821851972,.7268950038084974,2.935237818043475,4.337412444226708,1410,1300,1190,1120,52.11075556750964,20.2258064516129,6.483870967741935,1.903225806451613,820892,0
2017-12-13,2017,12,.06476218195652508,2.338321912069347,4.33695771030539,3.402629360104553,1410,1320,1190,1120,53.79106843942622,20.2258064516129,6.483870967741935,1.903225806451613,820892,0
2017-12-14,2017,12,1,3.741406006095219,2.661223354009334,.7916571857650226,1410,1330,1190,1140,53.39788565565923,20.2258064516129,6.483870967741935,1.903225806451613,820892,0
2017-12-15,2017,12,1.920726815756753,4.597825373816766,1.87002090216563,1.869566168244311,1280,1320,1200,1140,39.73043003916889,20.2258064516129,6.483870967741935,1.903225806451613,820892,0
2017-12-16,2017,12,.1295243639130501,.06476218195652507,.5321537240176027,4.73958707040994,1180,1090,1040,1050,42.29021038958866,20.2258064516129,6.483870967741935,1.903225806451613,820892,0
2017-12-17,2017,12,.5326084579389222,1.661678087930653,2.870930370008269,7.546209992383004,1180,1080,994,984,29.04658213189192,20.2258064516129,6.483870967741935,1.903225806451613,820892,0
2017-12-18,2017,12,5.935692551964793,2.467846275982397,2.805258720209105,3.740041804331261,1180,1080,1000,978,33.18788909456377,20.2258064516129,6.483870967741935,1.903225806451613,820892,0
2017-12-19,2017,12,.06476218195652507,.06476218195652507,2.870930370008269,6.609607972575571,1180,1090,1010,990,37.79655642288938,20.2258064516129,6.483870967741935,1.903225806451613,820892,0
2017-12-20,2017,12,0,0,3.466482074218439,5.805258720209104,1230,1090,1030,992,43.5859399390478,20.2258064516129,6.483870967741935,1.903225806451613,820892,0
2017-12-21,2017,12,3.403084094025872,1.323810909782626,1.934783084122156,4.272650262270183,1120,1210,1100,1030,39.35315363585991,20.2258064516129,6.483870967741935,1.903225806451613,820892,0
2017-12-22,2017,12,5.726440269887178,5.130433831755688,.9347830841221554,0,877,977,953,967,19.21691109913722,20.2258064516129,6.483870967741935,1.903225806451613,820892,0
2017-12-23,2017,12,0,0,.9347830841221555,7.479174140819883,777,809,779,802,26.13624253672269,20.2258064516129,6.483870967741935,1.903225806451613,820892,0
2017-12-24,2017,12,.9352378180434748,4.208342814234976,1.531698990096283,3.401265158340594,775,816,725,740,18.67252004243949,20.2258064516129,6.483870967741935,1.903225806451613,820892,0
2017-12-25,2017,12,.06476218195652508,.06476218195652508,2,3.869566168244312,776,824,733,738,26.5782811219882,20.2258064516129,6.483870967741935,1.903225806451613,820892,0
2017-12-26,2017,12,.9995452660786804,.5321537240176027,7.208342814234976,9.546664726304323,775,826,716,728,27.89933245183558,20.2258064516129,6.483870967741935,1.903225806451613,820892,0
2017-12-27,2017,12,.1942865458695752,4.403538827947191,3.739587070409941,1.403538827947191,730,820,709,721,35.74428688246731,20.2258064516129,6.483870967741935,1.903225806451613,820892,0
2017-12-28,2017,12,0,.49975688861563,8.99902755446252,4.500243111384369,699,752,669,683,44.24501621662041,20.2258064516129,6.483870967741935,1.903225806451613,820892,0
2017-12-29,2017,12,3.50024311138437,.49975688861563,8.99902755446252,8.00097244553748,657,745,644,665,40.9951377723126,20.2258064516129,6.483870967741935,1.903225806451613,820892,0
2017-12-30,2017,12,1.87047563608695,.4678462759823971,3.804803986287785,4.74004180433126,634,694,605,639,29.49732577477193,20.2258064516129,6.483870967741935,1.903225806451613,820892,0
2017-12-31,2017,12,1,.49975688861563,5.99951377723126,7.49878444307815,636,688,584,623,22.9975688861563,20.2258064516129,6.483870967741935,1.903225806451613,820892,0
2018-01-01,2018,1,4.588949365671162,.6049841839681103,4.161814831242112,5.653872127442212,636,673,574,625,32.69696353139241,20.80645161290322,5.709677419354839,2.483870967741935,823130,0
2018-01-02,2018,1,6.454874272336166,.9114653942746204,3.471677149551803,2.234130836410678,638,659,572,629,49.43414291977828,20.80645161290322,5.709677419354839,2.483870967741935,823130,0
2018-01-03,2018,1,1.020781360471275,.5038865921257055,3.410353643935619,4.351988045777432,657,649,561,635,41.05102663509496,20.80645161290322,5.709677419354839,2.483870967741935,823130,0
2018-01-04,2018,1,2.782833833507171,3.804143831776367,3.491656082377121,3.826116451711515,672,676,575,636,49.55324888669648,20.80645161290322,5.709677419354839,2.483870967741935,823130,0
2018-01-05,2018,1,.1590963449048818,.9217118244659672,5.532795602774488,5.86765718593186,695,678,574,631,55.94549102621351,20.80645161290322,5.709677419354839,2.483870967741935,823130,0
2018-01-06,2018,1,.03977408622622044,.7053137168918265,5.024324261176667,6.557381271794128,709,721,589,614,35.37987079441942,20.80645161290322,5.709677419354839,2.483870967741935,823130,0
2018-01-07,2018,1,9.217054169347007,.9266414294761381,.9602259137737795,.9602259137737795,708,724,596,608,17.37360735553111,20.80645161290322,5.709677419354839,2.483870967741935,823130,0
2018-01-08,2018,1,.03977408622622044,1.098702690909598,3.946275506763401,4.021767567541648,690,720,580,589,33.3934723288635,20.80645161290322,5.709677419354839,2.483870967741935,823130,0
2018-01-09,2018,1,.05713996996704691,.7376505834406726,6.750384969812501,6.946402930738344,636,697,566,581,56.56730515506188,20.80645161290322,5.709677419354839,2.483870967741935,823130,0
2018-01-10,2018,1,.8944609899039245,1.789792217535328,2.466063902896516,3.36052489280044,585,626,526,556,17.35909635324439,20.80645161290322,5.709677419354839,2.483870967741935,823130,0
2018-01-11,2018,1,10.25880433561887,1.452613955063666,0,0,571,550,493,540,15.61769034714916,20.80645161290322,5.709677419354839,2.483870967741935,823130,0
2018-01-12,2018,1,6.002317272514251,2.191376856004254,2.552612742897596,.07792133043832233,592,559,481,519,28.3572774175591,20.80645161290322,5.709677419354839,2.483870967741935,823130,0
2018-01-13,2018,1,1.393790187840749,2.492492878750346,4.296474917824503,2,605,600,494,527,16.28027790292246,20.80645161290322,5.709677419354839,2.483870967741935,823130,0
2018-01-14,2018,1,2.331664254578608,4.551788328529434,4.083893500803789,4.713842580892312,605,601,501,537,15.18970803024905,20.80645161290322,5.709677419354839,2.483870967741935,823130,0
2018-01-15,2018,1,1.077921330438322,1.585624613117455,4.751610598003642,3.102485012735757,606,609,502,540,36.35204780278514,20.80645161290322,5.709677419354839,2.483870967741935,823130,0
2018-01-16,2018,1,2.939444553302504,1.096914056193267,3.298101759838622,2.317495699416545,607,605,506,541,27.94380610294572,20.80645161290322,5.709677419354839,2.483870967741935,823130,0
2018-01-17,2018,1,.1938281123865347,.7012919739449012,7.009148225975149,7.677667750820959,608,612,500,528,40.77162702360781,20.80645161290322,5.709677419354839,2.483870967741935,823130,0
2018-01-18,2018,1,1.879747889700438,3.312854594494956,4.280462086249761,2.140632256947859,589,606,502,517,47.91066031667308,20.80645161290322,5.709677419354839,2.483870967741935,823130,0
2018-01-19,2018,1,.06768694271576683,.1326053501195985,2.998692928864892,6.51103175013743,547,572,492,504,39.47174597887784,20.80645161290322,5.709677419354839,2.483870967741935,823130,0
2018-01-20,2018,1,0,0,3.120980536089375,3.253585886208974,510,530,469,480,42.35015162379167,20.80645161290322,5.709677419354839,2.483870967741935,823130,0
2018-01-21,2018,1,.6273860069972798,3.502175471419143,2.864626114568467,4.269561643077482,510,526,446,452,9.364783065258521,20.80645161290322,5.709677419354839,2.483870967741935,823130,0
2018-01-22,2018,1,6.606810228870731,.6541704718797047,.1326053501195985,.1326053501195985,570,525,438,450,7.70232097120644,20.80645161290322,5.709677419354839,2.483870967741935,823130,0
2018-01-23,2018,1,7.586758865555178,6.30042171440695,0,0,613,629,488,470,12.7694250076714,20.80645161290322,5.709677419354839,2.483870967741935,823130,0
2018-01-24,2018,1,2.392620915099082,4.006373384188445,3.946402930738345,3.083091073157833,613,640,546,526,28.79655642288938,20.80645161290322,5.709677419354839,2.483870967741935,823130,0
2018-01-25,2018,1,1.016964669917848,2.6888776847719,1.116469788473402,.6025892830353033,592,635,550,543,28.74400039720565,20.80645161290322,5.709677419354839,2.483870967741935,823130,0
2018-01-26,2018,1,5.339664480781172,1.757411368114306,1.960225913773779,1.429747583513542,577,597,518,522,36.43197208618184,20.80645161290322,5.709677419354839,2.483870967741935,823130,0
2018-01-27,2018,1,2.865339913417609,1.705313716891827,1.564808883918912,1.900071680899262,576,596,483,484,19.0320711296052,20.80645161290322,5.709677419354839,2.483870967741935,823130,0
2018-01-28,2018,1,7.964605610852395,3.011337357925884,1.237145099318148,.4123816997727159,575,600,500,494,15.08599135705288,20.80645161290322,5.709677419354839,2.483870967741935,823130,0
2018-01-29,2018,1,2.091871737448699,1.192201270372416,1.098702690909598,2.982795908961384,533,606,504,501,29.90423168895995,20.80645161290322,5.709677419354839,2.483870967741935,823130,0
2018-01-30,2018,1,.07792133043832233,.2129826308436916,4.310848525380064,6.451881996150901,504,543,493,491,52.34857512023938,20.80645161290322,5.709677419354839,2.483870967741935,823130,0
2018-01-31,2018,1,.5092957559659833,.233763991314967,3.605385397791088,7.199526492903966,542,532,479,454,54.28962164324985,20.80645161290322,5.709677419354839,2.483870967741935,823130,0
2018-02-01,2018,2,1.157469502890763,2.097075848895479,3.00215547981204,4.239300579130187,568,616,496,463,45.18820981606761,21.64285714285714,6.535714285714286,2.642857142857143,823130,0
2018-02-02,2018,2,3.428521955322402,2.467894827725644,3.257102045421261,5.062872719211748,588,619,514,483,37.59814609532059,21.64285714285714,6.535714285714286,2.642857142857143,823130,0
2018-02-03,2018,2,7.207159874010819,1.842129283286258,.4127829135956941,3.37697492862005,601,651,524,517,45.0796250821544,21.64285714285714,6.535714285714286,2.642857142857143,823130,0
2018-02-04,2018,2,2.117695416664542,3.429141317297065,1.65032922673682,3.712638939423378,600,653,535,517,17.63265608335721,21.64285714285714,6.535714285714286,2.642857142857143,823130,0
2018-02-05,2018,2,.2386445173573226,2.531865751153589,3.108435193543569,4.268461390069351,624,653,544,519,37.6398601664955,21.64285714285714,6.535714285714286,2.642857142857143,823130,0
2018-02-06,2018,2,3.115244160282262,1.209567154113242,1.115667360827446,1.528049060600162,642,683,554,545,29.99405728261552,21.64285714285714,6.535714285714286,2.642857142857143,823130,0
2018-02-07,2018,2,4.788806003872637,2.766397801387244,1.352227466898198,1.35182625307522,643,671,554,560,19.86086387092459,21.64285714285714,6.535714285714286,2.642857142857143,823130,0
2018-02-08,2018,2,.4923310860481351,1.509330124693251,3.300257239650663,3.712638939423379,642,674,560,577,37.36172192076215,21.64285714285714,6.535714285714286,2.642857142857143,823130,0
2018-02-09,2018,2,.03977408622622044,.1558426608766447,3.848135822378994,7.069268090122398,641,670,552,562,42.04832940797437,21.64285714285714,6.535714285714286,2.642857142857143,823130,0
2018-02-10,2018,2,1.372607613546495,.05713996996704691,5.539063549710196,4.10469684799727,641,658,554,561,69.64621713460578,21.64285714285714,6.535714285714286,2.642857142857143,823130,0
2018-02-11,2018,2,6.813531478872283,3.236158892247773,5.616126097053089,3.515267926331451,642,666,559,567,16.61769034714917,21.64285714285714,6.535714285714286,2.642857142857143,823130,0
2018-02-12,2018,2,4.196546598723764,2.474691412459274,.5682243606493607,.1558426608766447,642,684,567,563,57.37863094892717,21.64285714285714,6.535714285714286,2.642857142857143,823130,0
2018-02-13,2018,2,.5686255744723389,1.663511574828509,1.585590244390187,4.628907231321799,640,677,570,567,36.75990677766366,21.64285714285714,6.535714285714286,2.642857142857143,823130,0
2018-02-14,2018,2,.325473936061455,1.422549784956934,2.159223768879825,1.825565827191388,641,685,570,558,27.37224315376715,21.64285714285714,6.535714285714286,2.642857142857143,823130,0
2018-02-15,2018,2,.4695216697397629,.1350613004053692,1.65032922673682,1.058928604683377,644,799,619,596,10.25813925998346,21.64285714285714,6.535714285714286,2.642857142857143,823130,0
2018-02-16,2018,2,2.544027523447636,2.803157624705994,.5686255744723389,2.296474917824503,645,694,586,595,25.18973920665638,21.64285714285714,6.535714285714286,2.642857142857143,823130,0
2018-02-17,2018,2,4.082266658789671,1.707469196703868,2.587378879106518,2.197772226914906,642,693,572,569,17.98276059418536,21.64285714285714,6.535714285714286,2.642857142857143,823130,0
2018-02-18,2018,2,0,.07792133043832233,1.782833833507171,5.238532520211499,643,705,568,564,14.50222225160152,21.64285714285714,6.535714285714286,2.642857142857143,823130,0
2018-02-19,2018,2,0,.1176954166645428,.8595295357543528,5.763362265510692,644,702,562,553,19.64534814995865,21.64285714285714,6.535714285714286,2.642857142857143,823130,0
2018-02-20,2018,2,4.91540950880299,1.797185454340526,.7586369963054463,.3064812103065099,655,712,571,564,26.86683776471639,21.64285714285714,6.535714285714286,2.642857142857143,823130,0
2018-02-21,2018,2,6.055055558680475,1.82516461336841,.5702524164864574,.5698512026634791,674,722,582,572,26.38538995428991,21.64285714285714,6.535714285714286,2.642857142857143,823130,0
2018-02-22,2018,2,4.238109319666315,2.433163060243992,2.049907802683171,1.225144403137739,676,723,592,585,21.52942532048969,21.64285714285714,6.535714285714286,2.642857142857143,823130,0
2018-02-23,2018,2,2.994957681255431,1.977591797514606,1.450930157807796,4.081865444966692,675,723,566,554,24.77396304602906,21.64285714285714,6.535714285714286,2.642857142857143,823130,0
2018-02-24,2018,2,.7703484758086998,5.163970311054152,4.060682870672439,2.075893274601225,673,722,567,554,10.85550989987891,21.64285714285714,6.535714285714286,2.642857142857143,823130,0
2018-02-25,2018,2,3.317094485593567,2.56699873245822,2.670709373385117,1.767623429578385,673,721,568,561,12.71101979975782,21.64285714285714,6.535714285714286,2.642857142857143,823130,0
2018-02-26,2018,2,.6859197773139034,2.688476470948922,1.52845027442314,1.902684729983754,626,708,564,557,17.40843806507155,21.64285714285714,6.535714285714286,2.642857142857143,823130,0
2018-02-27,2018,2,.07792133043832235,2.688476470948923,2.922240462263889,5.10224559161499,586,588,528,538,30.75808784197839,21.64285714285714,6.535714285714286,2.642857142857143,823130,0
2018-02-28,2018,2,1.529675902614281,2.749031917646418,2.805770673790486,4.455297472881351,615,585,510,506,28.11137549025578,21.64285714285714,6.535714285714286,2.642857142857143,823130,0
2018-03-01,2018,3,0,.1558426608766447,2.984422750975503,6.889847954018694,616,565,510,516,27.65713074871746,21.64516129032258,6.064516129032258,2.258064516129032,823130,0
2018-03-02,2018,3,.05713996996704691,.9162682918984215,1.705475509594039,2.452317578701148,616,587,527,504,24.01941023941108,21.64516129032258,6.064516129032258,2.258064516129032,823130,0
2018-03-03,2018,3,.4123816997727159,1.941233188018834,1.448134043052011,3.588766299999869,614,587,526,509,21.0502511796698,21.64516129032258,6.064516129032258,2.258064516129032,823130,0
2018-03-04,2018,3,1.530478330260236,1.352227466898198,2.351459407979509,4.864298064650884,613,583,538,516,52.84596048753119,21.64516129032258,6.064516129032258,2.258064516129032,823130,0
2018-03-05,2018,3,15.05459870599659,1.739404132841161,0,0,554,549,489,517,19.93069047883028,21.64516129032258,6.064516129032258,2.258064516129032,823130,0
2018-03-06,2018,3,4.140265411852148,5.768954495022262,.8247633995454319,0,516,497,398,461,16.57967650015949,21.64516129032258,6.064516129032258,2.258064516129032,823130,0
2018-03-07,2018,3,3.038147244212101,2.782376264234718,3.574597744837806,2.414170334489046,514,470,374,435,24.09777395581169,21.64516129032258,6.064516129032258,2.258064516129032,823130,0
2018-03-08,2018,3,6.530605754235179,2.759601216653614,2.17699086644363,1.765010380493892,518,469,393,436,31.35409428010987,21.64516129032258,6.064516129032258,2.258064516129032,823130,0
2018-03-09,2018,3,.2386445173573226,1.840135596176429,5.371347616628086,4.624906761343954,518,470,416,447,34.50991224506845,21.64516129032258,6.064516129032258,2.258064516129032,823130,0
2018-03-10,2018,3,1.606209812159251,3.750257545837558,4.174561596783555,3.271876866799801,518,470,423,459,20.39990095657664,21.64516129032258,6.064516129032258,2.258064516129032,823130,0
2018-03-11,2018,3,1.085835364424042,2.000435118863739,.9811665920554462,.9380313504115553,519,473,403,447,16.97143272934788,21.64516129032258,6.064516129032258,2.258064516129032,823130,0
2018-03-12,2018,3,4.746656975891437,2.037666815889107,2.956429639492369,1.571602912992591,522,485,396,432,16.9334188823582,21.64516129032258,6.064516129032258,2.258064516129032,823130,0
2018-03-13,2018,3,2.466499021760255,2.298556243211996,3.683818088575514,4.6654197994947,513,480,392,418,13.0502511796698,21.64516129032258,6.064516129032258,2.258064516129032,823130,0
2018-03-14,2018,3,.5091991445404072,.4472304949519623,1.341691484855887,2.236587593623551,508,472,386,416,26.94241072477443,21.64516129032258,6.064516129032258,2.258064516129032,823130,0
2018-03-15,2018,3,.08627048328778189,.08627048328778189,5.113085413310401,3.814529170098405,508,466,364,397,39.79337328544014,21.64516129032258,6.064516129032258,2.258064516129032,823130,0
2018-03-16,2018,3,2.99956488113626,3.913294397848478,1.081237176396738,1.528467671348701,533,469,384,401,12.22957198933134,21.64516129032258,6.064516129032258,2.258064516129032,823130,0
2018-03-17,2018,3,1.372607613546495,1.250728661232815,5.849523243272346,4.238968102761747,544,488,404,407,12.45379000761699,21.64516129032258,6.064516129032258,2.258064516129032,823130,0
2018-03-18,2018,3,1.397043871868986,3.809587364343913,2.776002880046273,3.523246162976361,543,493,414,417,36.49586710646571,21.64516129032258,6.064516129032258,2.258064516129032,823130,0
2018-03-19,2018,3,6.274891129707273,2.107850200296174,.412381699772716,.07792133043832235,565,502,431,454,9.725076068123219,21.64516129032258,6.064516129032258,2.258064516129032,823130,0
2018-03-20,2018,3,2,6.374958249162908,3.615479544712328,2.32667209285191,594,501,398,402,17.88943114157671,21.64516129032258,6.064516129032258,2.258064516129032,823130,0
2018-03-21,2018,3,2.992504057166796,5.578032736459177,2.822733102709923,4.459019139455776,603,519,424,410,17.44599717813991,21.64516129032258,6.064516129032258,2.258064516129032,823130,0
2018-03-22,2018,3,1.0595067985017,.4868937360714464,3.659599525209426,3.229718486097059,600,532,431,407,21.89170481118331,21.64516129032258,6.064516129032258,2.258064516129032,823130,0
2018-03-23,2018,3,.4294632063740255,1.243029035297382,3.378265115782066,3.726579366144183,594,537,422,406,39.30202416475478,21.64516129032258,6.064516129032258,2.258064516129032,823130,0
2018-03-24,2018,3,0,1.372607613546495,3.770214491940671,6.734406506965026,588,543,417,396,14.97143272934787,21.64516129032258,6.064516129032258,2.258064516129032,823130,0
2018-03-25,2018,3,.4127829135956941,1.077520116615344,3.668715686275288,3.062344081413825,586,550,421,398,13.9718874632692,21.64516129032258,6.064516129032258,2.258064516129032,823130,0
2018-03-26,2018,3,1.191800056549438,.4699228835627411,3.551421483433724,6.438895809488691,542,551,406,391,18.99805510892504,21.64516129032258,6.064516129032258,2.258064516129032,823130,0
2018-03-27,2018,3,.9224798833846557,.9560423781246419,3.945416723667971,3.197772226914905,519,506,375,379,14.99951377723126,21.64516129032258,6.064516129032258,2.258064516129032,823130,0
2018-03-28,2018,3,4.046971884782828,7.333362165118195,.4903030302110382,.9030859438067325,520,505,359,353,14.72553080204454,21.64516129032258,6.064516129032258,2.258064516129032,823130,0
2018-03-29,2018,3,4.966655653411698,5.234292629112888,1.237546313141126,.8247633995454319,519,491,361,347,17.58058596800213,21.64516129032258,6.064516129032258,2.258064516129032,823130,0
2018-03-30,2018,3,1,2.823537771354291,2.610589509237867,4.672899221924425,518,480,352,335,16.8133410947827,21.64516129032258,6.064516129032258,2.258064516129032,823130,0
2018-03-31,2018,3,.07954817245244088,.7654679497663442,1.941233188018834,3.96539565649329,519,470,340,333,14.48907545107875,21.64516129032258,6.064516129032258,2.258064516129032,823130,0
2018-04-01,2018,4,0,.5317039584513773,3.250327447409836,5.647899957076744,519,465,328,323,14.48907545107875,19.53333333333333,5.1,1.523949579831933,823130,0
2018-04-02,2018,4,0,0,5.255770979977381,5.88206516221469,517,497,375,340,19.42340380127959,19.53333333333333,5.1,1.523949579831933,823130,0
2018-04-03,2018,4,3.142554875532217,6.516598991775328,2.78717916185852,3.044119414577569,517,466,341,334,26.04706804222057,19.53333333333333,5.1,1.523949579831933,823130,0
2018-04-04,2018,4,4.572569689000709,3.119850896476583,2.546217371986944,2.508070127774843,516,469,340,324,42.568348635322,19.53333333333333,5.1,1.523949579831933,823130,0
2018-04-05,2018,4,5.735849569554729,5.985352602596403,1.466106193009314,1.13164582367492,515,461,328,307,27.61541667754257,19.53333333333333,5.1,1.523949579831933,823130,0
2018-04-06,2018,4,.9826341162591735,2.355642943628647,5.21553932447871,6.748173134550988,539,440,327,304,25.48907545107876,19.53333333333333,5.1,1.523949579831933,823130,0
2018-04-07,2018,4,.07954817245244089,1.333692310415705,4.389973497287322,4.055513127952929,551,456,337,298,29.97097799542655,19.53333333333333,5.1,1.523949579831933,823130,0
2018-04-08,2018,4,4.003415476730448,3.941233188018834,1.267108337903268,1.875106784778849,586,448,339,310,42.78892878223711,19.53333333333333,5.1,1.523949579831933,823130,0
2018-04-09,2018,4,3.005042318744567,6.180934980972,3.791362697507657,3.791362697507657,649,528,401,326,24.22911725541002,19.53333333333333,5.1,1.523949579831933,823130,0
2018-04-10,2018,4,3.329819264412804,1.564808883918911,4.536049286802725,2.317495699416545,672,601,513,401,25.43882427140895,19.53333333333333,5.1,1.523949579831933,823130,0
2018-04-11,2018,4,.4123816997727159,.5262947946110994,6.054676331579702,3.852297368470476,668,593,505,416,31.82466895962018,19.53333333333333,5.1,1.523949579831933,823130,0
2018-04-12,2018,4,0,0,5.418811439410635,1.843389280204666,666,580,500,427,73.89478511262239,19.53333333333333,5.1,1.523949579831933,823130,0
2018-04-13,2018,4,1.89129757650148,13.29715296915502,.6811168796901023,.6409415796409037,666,569,473,418,71.86501882903111,19.53333333333333,5.1,1.523949579831933,823130,0
2018-04-14,2018,4,3.966895074532464,6.00271848633723,.05713996996704691,.05713996996704691,667,583,490,413,10.66076862008801,19.53333333333333,5.1,1.523949579831933,823130,0
2018-04-15,2018,4,.1938281123865347,1.016999038645116,2.924268518100986,3.454746848361221,653,577,493,414,15.48907545107876,19.53333333333333,5.1,1.523949579831933,823130,0
2018-04-16,2018,4,.4695216697397629,.6253643306164076,4.080696172225027,6.167808988329785,641,559,475,414,27.21551572096594,19.53333333333333,5.1,1.523949579831933,823130,0
2018-04-17,2018,4,5.498063835292837,1.367036657004006,2.270122600810738,2.22994730076154,638,546,442,394,71.10403739470001,19.53333333333333,5.1,1.523949579831933,823130,0
2018-04-18,2018,4,2.800600931070975,2.331847320249901,1.47333836029319,3.653744703467269,638,551,440,386,23.29569837305182,19.53333333333333,5.1,1.523949579831933,823130,0
2018-04-19,2018,4,.8255658271913883,0,0,0,639,535,406,380,92.21284932089505,19.53333333333333,5.1,1.523949579831933,823130,0
2018-04-20,2018,4,2.258728887435379,2.081336807168771,3.597350802861255,2.322058459331006,637,538,406,360,55.25859399390477,19.53333333333333,5.1,1.523949579831933,823130,0
2018-04-21,2018,4,2.768024643401363,1.664737203019649,2.703686874877707,2.369226505543314,639,552,400,339,12.45333527369567,19.53333333333333,5.1,1.523949579831933,823130,0
2018-04-22,2018,4,4.804545045599346,2.572407896298498,2.530478330260237,3.198173440737884,640,540,418,344,15.05070591359113,19.53333333333333,5.1,1.523949579831933,823130,0
2018-04-23,2018,4,2.966599297962225,3.084316701348974,2.885318846242928,2.51311244651941,640,554,432,343,22.90667054739135,19.53333333333333,5.1,1.523949579831933,823130,0
2018-04-24,2018,4,1.022408202485394,.4903030302110383,3.509056334845217,5.455297472881351,652,550,429,349,36.01752895091115,19.53333333333333,5.1,1.523949579831933,823130,0
2018-04-25,2018,4,4.773595599943852,.2319753565986366,4.34006569460415,2.356501726724077,662,567,436,347,28.25859399390478,19.53333333333333,5.1,1.523949579831933,823130,0
2018-04-26,2018,4,.2733762848389756,4.061084084495417,1.920050613724581,1.920451827547559,662,553,427,355,48.1121197692736,19.53333333333333,5.1,1.523949579831933,823130,0
2018-04-27,2018,4,.7053137168918265,1.509295755965983,1.311685321753289,4.472697725349444,687,553,427,348,29.45288053977435,19.53333333333333,5.1,1.523949579831933,823130,0
2018-04-28,2018,4,0,1.17662402134792,3.807798729627584,4.944247450926306,699,586,455,363,39.43700533572368,19.53333333333333,5.1,1.523949579831933,823130,0
2018-04-29,2018,4,.5474430001780852,1.606371604861462,2.865100492296842,5.318220498643946,700,569,456,386,23.37451682337374,19.53333333333333,5.1,1.523949579831933,823130,0
2018-04-30,2018,4,0,0,9.659913035262214,11.07770389887521,697,578,477,384,28.48862071715743,19.53333333333333,5.1,1.523949579831933,823130,0
2018-05-01,2018,5,0,0,4.236516846379464,9.048682891080603,696,572,488,385,29.60499828054772,17.48387096774194,4.741935483870968,1.580645161290323,823130,0
2018-05-02,2018,5,1.607983601879125,.9109372684165481,5.924270718017015,7.050780257853617,696,578,474,378,29.08735555881684,17.48387096774194,4.741935483870968,1.580645161290323,823130,0
2018-05-03,2018,5,5.529675902614279,3.444099204346898,1.589406934943614,1.845544760016707,694,584,475,375,17.66031388616669,17.48387096774194,4.741935483870968,1.580645161290323,823130,0
2018-05-04,2018,5,2.875192463095631,5.536884312290504,2.52759743362122,1.633571562581036,692,592,490,381,13.37360735553111,17.48387096774194,4.741935483870968,1.580645161290323,823130,0
2018-05-05,2018,5,.4467466221586586,3.574196531014828,3.790432845886757,2.885720060065906,690,588,493,385,14.7771461834783,17.48387096774194,4.741935483870968,1.580645161290323,823130,0
2018-05-06,2018,5,0,.233763991314967,3.669082531370998,3.590759987109698,689,569,472,383,18.84190836543483,17.48387096774194,4.741935483870968,1.580645161290323,823130,0
2018-05-07,2018,5,1.395015816031889,2.844319131825567,3.6105551405106,2.411958499227532,709,566,481,383,33.77623671563566,17.48387096774194,4.741935483870968,1.580645161290323,823130,0
2018-05-08,2018,5,2.08296364918289,3.727849343352163,3.450127730161839,4.079675596427384,722,601,490,376,24.77623671563566,17.48387096774194,4.741935483870968,1.580645161290323,823130,0
2018-05-09,2018,5,1.512310018873454,2.591033776957732,2.7981716614109,3.251531088878772,715,619,499,387,27.35773215148043,17.48387096774194,4.741935483870968,1.580645161290323,823130,0
2018-05-10,2018,5,0,.1558426608766447,10.40874879147916,7.324454076852387,709,605,470,380,31.87492013928999,17.48387096774194,4.741935483870968,1.580645161290323,823130,0
2018-05-11,2018,5,0,0,5.498760825686054,5.339263266958194,709,576,436,357,32.04888697790584,17.48387096774194,4.741935483870968,1.580645161290323,823130,0
2018-05-12,2018,5,0,0,1.545048099245278,6.535408651858981,743,568,426,345,29.95828592882511,17.48387096774194,4.741935483870968,1.580645161290323,823130,0
2018-05-13,2018,5,0,0,3.256333986502572,4.790594638588968,771,624,465,354,28.29478890520918,17.48387096774194,4.741935483870968,1.580645161290323,823130,0
2018-05-14,2018,5,.4127829135956941,.5682243606493607,6.00695837743584,4.394375181088144,774,646,505,382,19.24317352377542,17.48387096774194,4.741935483870968,1.580645161290323,823130,0
2018-05-15,2018,5,.4907042440340165,1.172440485698782,4.13466008658239,3.939845767125481,774,680,604,437,23.24180932201146,17.48387096774194,4.741935483870968,1.580645161290323,823130,0
2018-05-16,2018,5,1.214771265560022,1.355241729805669,4.279510247906654,5.440360858800599,807,670,499,388,20.37315262160979,17.48387096774194,4.741935483870968,1.580645161290323,823130,0
2018-05-17,2018,5,1.395015816031889,1.682905514406433,2.587378879106517,3.865100492296842,825,708,531,402,33.06887041013079,17.48387096774194,4.741935483870968,1.580645161290323,823130,0
2018-05-18,2018,5,.4699228835627412,1.589005721120636,8.9725934550499,4.237546313141126,824,699,534,410,34.21698259419458,17.48387096774194,4.741935483870968,1.580645161290323,823130,0
2018-05-19,2018,5,.1574695028907632,.2735380775411875,6.796532440227168,4.774398027589808,824,702,540,412,24.5542923669566,17.48387096774194,4.741935483870968,1.580645161290323,823130,0
2018-05-20,2018,5,0,0,.07792133043832233,.1558426608766447,826,692,523,423,27.85135494177238,17.48387096774194,4.741935483870968,1.580645161290323,823130,0
2018-05-21,2018,5,2.707067982880889,1.824763399545432,.07792133043832235,0,834,779,728,440,30.45424474153832,17.48387096774194,4.741935483870968,1.580645161290323,823130,0
2018-05-22,2018,5,.9030859438067325,.9398457671254822,2.570012995365691,7.085041500576374,788,645,658,594,22.45379000761699,17.48387096774194,4.741935483870968,1.580645161290323,823130,0
2018-05-23,2018,5,1.153652812337336,1.700271398147259,4.454507427240456,5.085280921697142,785,581,504,440,29.61769034714916,17.48387096774194,4.741935483870968,1.580645161290323,823130,0
2018-05-24,2018,5,0,.07792133043832233,6.317819284820968,6.833749832818369,805,611,521,417,22.50404118728679,17.48387096774194,4.741935483870968,1.580645161290323,823130,0
2018-05-25,2018,5,1.433163060243991,1.724468235348983,5.867896607052626,3.509696969788962,802,617,525,435,35.44878793448248,17.48387096774194,4.741935483870968,1.580645161290323,823130,0
2018-05-26,2018,5,.7049125030688483,2.467894827725644,3.982761540234117,4.296474917824503,802,631,509,423,27.76354464903421,17.48387096774194,4.741935483870968,1.580645161290323,823130,0
2018-05-27,2018,5,2.593189256769773,1.037746030389123,1.370613926436667,4.709842824667593,802,632,511,427,17.11546809554765,17.48387096774194,4.741935483870968,1.580645161290323,823130,0
2018-05-28,2018,5,.4903030302110382,.5872170864043056,6.458127956364402,7.360812686348156,801,634,515,423,17.11501336162632,17.48387096774194,4.741935483870968,1.580645161290323,823130,0
2018-05-29,2018,5,.1142799399340938,1.429380738417832,5.868882814123,4.849728295665844,795,641,607,469,17.03574017738308,17.48387096774194,4.741935483870968,1.580645161290323,823130,0
2018-05-30,2018,5,1.254144137963264,4.243919697329572,2.309734894334747,3.133272665689039,791,602,443,386,27.61541667754257,17.48387096774194,4.741935483870968,1.580645161290323,823130,0
2018-05-31,2018,5,0,.5470761550823749,2.118681623734916,4.042950141835902,789,600,402,363,33.92653552072375,17.48387096774194,4.741935483870968,1.580645161290323,823130,0
2018-06-01,2018,6,1.957211650866308,2.995782095623594,4.393628395138537,2.46690862065527,809,604,427,370,23.22911725541002,19.3,5.433333333333334,1.466666666666667,823130,0
2018-06-02,2018,6,2.043189562956669,2.019154518457156,1.568625574472339,1.490303030211038,844,634,441,369,36.11666710848679,19.3,5.433333333333334,1.466666666666667,823130,0
2018-06-03,2018,6,1.077921330438322,.05713996996704691,0,0,861,741,608,428,58.71916452714608,19.3,5.433333333333334,1.466666666666667,823130,0
2018-06-04,2018,6,1.800600931070975,3.458127956364403,5.379015366462208,5.968789146501532,823,695,646,516,70.65988102186451,19.3,5.433333333333334,1.466666666666667,823130,0
2018-06-05,2018,6,.6257655444393857,2.212982630843691,6.91207237707967,5.929839474643474,779,635,500,412,38.9951377723126,19.3,5.433333333333334,1.466666666666667,823130,0
2018-06-06,2018,6,2.297700546015644,2.51311244651941,4.416325814301088,2.843917918002588,777,631,474,388,31.99756888615629,19.3,5.433333333333334,1.466666666666667,823130,0
2018-06-07,2018,6,.9030859438067326,1.17662402134792,5.47549384010523,3.255313410704931,794,633,443,380,28.49829822030941,19.3,5.433333333333334,1.466666666666667,823130,0
2018-06-08,2018,6,2.097315270016245,2.803982039074156,3.17821649463477,2.806010094911253,824,640,448,376,27.77487251387171,19.3,5.433333333333334,1.466666666666667,823130,0
2018-06-09,2018,6,.3116853217532894,.961852755787898,4.35540352250788,5.592949835649006,825,647,472,391,30.1806850114255,19.3,5.433333333333334,1.466666666666667,823130,0
2018-06-10,2018,6,.4123816997727159,.2353908333290856,3.572407896298497,5.535224872434562,823,651,467,395,17.50024311138437,19.3,5.433333333333334,1.466666666666667,823130,0
2018-06-11,2018,6,.1590963449048818,3.200363289277192,5.802355197060036,3.623976909723055,822,655,484,401,22.30884517357458,19.3,5.433333333333334,1.466666666666667,823130,0
2018-06-12,2018,6,.937049652369697,5.204145611103351,4.890889802785416,6.620767201974677,822,647,464,401,27.03483070954044,19.3,5.433333333333334,1.466666666666667,823130,0
2018-06-13,2018,6,0,.07792133043832233,2.709257831420198,6.695434848384763,821,636,427,385,50.73770578191,19.3,5.433333333333334,1.466666666666667,823130,0
2018-06-14,2018,6,2.237546313141126,4.453543206892288,.9148808710050692,3.171581702603352,823,627,443,378,30.84236309935614,19.3,5.433333333333334,1.466666666666667,823130,0
2018-06-15,2018,6,.03977408622622044,.5300771164372586,3.883692004228807,5.315629436281659,834,616,427,375,37.52254195885524,19.3,5.433333333333334,1.466666666666667,823130,0
2018-06-16,2018,6,.9792186395287243,.1176954166645428,2.059329818506355,4.315228222458681,836,713,489,403,13.93751148765007,19.3,5.433333333333334,1.466666666666667,823130,0
2018-06-17,2018,6,0,0,4.022168781364626,5.004401683800822,806,643,658,518,11.38902782566047,19.3,5.433333333333334,1.466666666666667,823130,0
2018-06-18,2018,6,.4521557859989364,1.136849935121699,4.885881852768116,4.357030364521998,764,620,486,415,15.38948255958179,19.3,5.433333333333334,1.466666666666667,823130,0
2018-06-19,2018,6,1.509295755965983,.290903961282014,7.38362210265653,5.283165145757869,745,602,458,411,18.25586559037686,19.3,5.433333333333334,1.466666666666667,823130,0
2018-06-20,2018,6,2.603814911226443,5.597429147868383,1.017365883740826,.527062853529788,765,599,394,363,19.11501336162632,19.3,5.433333333333334,1.466666666666667,823130,0
2018-06-21,2018,6,1.237017675343204,3.455170048906407,2.548830421071437,1.646546904910661,781,619,437,352,23.05070591359112,19.3,5.433333333333334,1.466666666666667,823130,0
2018-06-22,2018,6,2.258327673612401,.5279216366252181,4.431536218229872,3.825164613368409,777,619,441,393,21.03528544346176,19.3,5.433333333333334,1.466666666666667,823130,0
2018-06-23,2018,6,3.21895480120916,1.767094791780462,4.157998140688685,3.667695110477647,776,623,407,363,15.64762181956525,19.3,5.433333333333334,1.466666666666667,823130,0
2018-06-24,2018,6,2.549231634894415,2.492331086048134,4.708271624349822,4.589372566216345,774,619,379,324,25.18068501142549,19.3,5.433333333333334,1.466666666666667,823130,0
2018-06-25,2018,6,2.494119720764465,.9216774557386992,6.48192357974315,4.971641616706792,787,633,420,337,22.95737646098247,19.3,5.433333333333334,1.466666666666667,823130,0
2018-06-26,2018,6,1.214208259034832,3.359058420359096,4.591562414755654,2.410754857758597,831,652,435,344,24.42476800304355,19.3,5.433333333333334,1.466666666666667,823130,0
2018-06-27,2018,6,.03977408622622045,.6465469049106612,4.43495169496032,3.826150820438783,887,670,440,366,49.95646699313983,19.3,5.433333333333334,1.466666666666667,823130,0
2018-06-28,2018,6,0,.07792133043832233,5.67169558045549,5.890889802785416,908,704,458,377,31.7630899151129,19.3,5.433333333333334,1.466666666666667,823130,0
2018-06-29,2018,6,3.218954801209159,.8971137734412644,3.809587364343912,3.319284334132875,864,718,495,402,22.82785209706942,19.3,5.433333333333334,1.466666666666667,823130,0
2018-06-30,2018,6,.07954817245244088,.07954817245244088,3.568386153351572,5.039295243984687,850,683,520,432,24.18204921318945,19.3,5.433333333333334,1.466666666666667,823130,0
2018-07-01,2018,7,.6477725331018015,.5702524164864573,3.825326406070622,4.199560861631235,849,670,504,436,22.84099889759218,18.96774193548387,5.064516129032258,1.777310924369748,823130,0
2018-07-02,2018,7,0,1.433564274066969,3.760826844844754,2.81959365682592,828,667,520,448,31.35909635324439,18.96774193548387,5.064516129032258,1.777310924369748,823130,0
2018-07-03,2018,7,1.230348514584518,1.038147244212102,2.710884673434316,1.845544760016707,814,653,496,431,31.47456444879203,18.96774193548387,5.064516129032258,1.777310924369748,823130,0
2018-07-04,2018,7,4.47171151827907,8.411121702854304,.4779011202076507,.3999797897693284,813,641,475,427,31.80645773314825,18.96774193548387,5.064516129032258,1.777310924369748,823130,0
2018-07-05,2018,7,1.606371604861462,2.063112140332514,0,0,815,670,479,426,34.33263756337406,18.96774193548387,5.064516129032258,1.777310924369748,823130,0
2018-07-06,2018,7,.9822329024361951,.07954817245244088,1.395417029854868,.9830353300821515,691,741,706,552,17.98503426379196,18.96774193548387,5.064516129032258,1.777310924369748,823130,0
2018-07-07,2018,7,2.393388974017771,3.911086170009296,2.14023104312488,1.471310304456093,608,528,391,433,19.23810909782625,18.96774193548387,5.064516129032258,1.777310924369748,823130,0
2018-07-08,2018,7,1.412381699772716,2.768024643401363,4.592421197851084,5.675751692129684,629,524,312,311,17.45379000761699,18.96774193548387,5.064516129032258,1.777310924369748,823130,0
2018-07-09,2018,7,.5096342634041466,1.490365736595853,2.280593072994921,.9380313504115552,683,612,407,308,20.69696353139241,18.96774193548387,5.064516129032258,1.777310924369748,823130,0
2018-07-10,2018,7,.04313524164389095,.9380313504115552,3.175924300626324,3.174618944035106,711,561,408,409,21.58104070192345,18.96774193548387,5.064516129032258,1.777310924369748,823130,0
2018-07-11,2018,7,.9428600300329532,0,1.177025235170899,3.199159647808258,735,585,379,326,30.72059073236708,18.96774193548387,5.064516129032258,1.777310924369748,823130,0
2018-07-12,2018,7,0,0,4.123300741934299,7.698722901140267,727,652,529,374,11.04979644574848,18.96774193548387,5.064516129032258,1.777310924369748,823130,0
2018-07-13,2018,7,3.17784964953906,2.569026788295317,2.070689163154446,1.323847094047336,711,851,826,508,40.20784759711815,18.96774193548387,5.064516129032258,1.777310924369748,823130,0
2018-07-14,2018,7,2.646145691087683,3.104146223477143,.6083996606985594,1.393388974017771,705,719,598,754,14.25632032429819,18.96774193548387,5.064516129032258,1.777310924369748,823130,0
2018-07-15,2018,7,.6825043005834545,.1574695028907633,5.00858521944996,3.163441673256231,677,596,532,555,9.387663623896513,18.96774193548387,5.064516129032258,1.777310924369748,823130,0
2018-07-16,2018,7,1.138314984433606,2.182033185188198,1.668955107396055,2.788806003872638,609,570,358,374,12.85414569811495,18.96774193548387,5.064516129032258,1.777310924369748,823130,0
2018-07-17,2018,7,1.589406934943614,2.554640798734693,4.598231575514341,3.085520342817909,583,530,318,330,14.49829822030941,18.96774193548387,5.064516129032258,1.777310924369748,823130,0
2018-07-18,2018,7,.1193222586786613,3.531900119880857,3.131244609851941,2.266707124080289,617,525,277,276,18.3070262378893,18.96774193548387,5.064516129032258,1.777310924369748,823130,0
2018-07-19,2018,7,2.905698992891225,5.363241956008234,3.018753304634178,1.587217086404306,649,548,300,267,21.97052326150524,18.96774193548387,5.064516129032258,1.777310924369748,823130,0
2018-07-20,2018,7,1.450930157807796,.4292189457156202,7.976282721628381,5.63963250375468,722,547,309,279,27.45015213624644,18.96774193548387,5.064516129032258,1.777310924369748,823130,0
2018-07-21,2018,7,1.136849935121699,2.632963342995994,6.63979429645689,6.287109260286241,757,605,374,293,19.45242580585304,18.96774193548387,5.064516129032258,1.777310924369748,823130,0
2018-07-22,2018,7,2.898501194334616,3.351826253075219,2.393790187840748,3.647934325804012,758,610,390,319,23.5017675176802,18.96774193548387,5.064516129032258,1.777310924369748,823130,0
2018-07-23,2018,7,.2493412403394631,2.888677967523903,.4907042440340166,1.137251148944678,782,611,419,327,40.23031626834917,18.96774193548387,5.064516129032258,1.777310924369748,823130,0
2018-07-24,2018,7,1.362460465039123,5.191853845105566,1.259251518778666,1.340818307528915,750,872,661,430,20.71147453367914,18.96774193548387,5.064516129032258,1.777310924369748,823130,0
2018-07-25,2018,7,2.370050919911476,3.766799015210222,2.962014548490109,2.392987760194792,828,701,772,628,15.66076862008801,18.96774193548387,5.064516129032258,1.777310924369748,823130,0
2018-07-26,2018,7,2.625364330616408,2.256940252719049,1.806171887613465,2.218553587386181,749,906,755,528,19.46648207421844,18.96774193548387,5.064516129032258,1.777310924369748,823130,0
2018-07-27,2018,7,.1748353866315897,1.140103619149937,2.035991764400061,4.534260652086395,567,1180,1470,1360,15.19337707802693,18.96774193548387,5.064516129032258,1.777310924369748,823130,0
2018-07-28,2018,7,1.467391542061078,3.935237818043475,5.272650262270184,2,503,734,1210,1240,13,18.96774193548387,5.064516129032258,1.777310924369748,823130,0
2018-07-29,2018,7,3.594599390100709,4.665854918358438,2.224007883518181,2.223137645790702,496,431,358,444,17.66167808793065,18.96774193548387,5.064516129032258,1.777310924369748,823130,0
2018-07-30,2018,7,.619771461527526,1.385696964227257,.9375962315478155,1.83205722145174,536,509,300,302,24.33007434867094,18.96774193548387,5.064516129032258,1.777310924369748,823130,0
2018-07-31,2018,7,1.373008827369474,1.237546313141126,5.205405608021759,5.421769346868632,577,483,583,615,20.04934171182716,18.96774193548387,5.064516129032258,1.777310924369748,823130,0
2018-08-01,2018,8,.07792133043832233,.9217118244659672,3.887508694782236,5.832122990804251,538,516,485,411,28.64671235172261,16.83870967741936,4.516129032258065,1.210084033613446,823130,0
2018-08-02,2018,8,2.920451827547559,.5092957559659834,6.225384540847078,5.517915344143211,515,509,600,651,23.85414569811496,16.83870967741936,4.516129032258065,1.210084033613446,823130,0
2018-08-03,2018,8,1.904311571997873,2.16128619344419,3.319284334132875,4.712673308150645,514,472,426,428,21.66031388616669,16.83870967741936,4.516129032258065,1.210084033613446,823130,0
2018-08-04,2018,8,2.337875846064843,1.218426163411237,3.830735569910899,4.065725189417006,508,442,314,308,19.2590487278261,16.83870967741936,4.516129032258065,1.210084033613446,823130,0
2018-08-05,2018,8,0,.7032856610547299,6.461577801822119,6.518867182486315,507,443,305,276,25.12725069430645,16.83870967741936,4.516129032258065,1.210084033613446,823130,0
2018-08-06,2018,8,.5668369397560084,.8971137734412644,2.138476777135817,3.119082837557895,506,434,277,256,25.85460043203626,16.83870967741936,4.516129032258065,1.210084033613446,823130,0
2018-08-07,2018,8,.5872170864043056,.4483734641727771,2.768059012128631,4.162673614337542,547,430,243,198,22.90530634562739,16.83870967741936,4.516129032258065,1.210084033613446,823130,0
2018-08-08,2018,8,1.982232902436195,.8004391383687636,3.729637978068494,1.88329079040583,576,452,249,195,27.63220134943588,16.83870967741936,4.516129032258065,1.210084033613446,823130,0
2018-08-09,2018,8,1.43014879733652,1.392987760194792,7.442986289890153,10.2371670888758,574,463,271,221,28.16390033953217,16.83870967741936,4.516129032258065,1.210084033613446,823130,0
2018-08-10,2018,8,1.135920083500799,3.397572509666908,4.416727028124065,.8827057971584352,645,484,281,264,17.59555170421017,16.83870967741936,4.516129032258065,1.210084033613446,823130,0
2018-08-11,2018,8,8.948832200398421,1.103265450824058,.486520708384879,1.273538077541187,688,582,441,307,11.79074771792238,16.83870967741936,4.516129032258065,1.210084033613446,823130,0
2018-08-12,2018,8,3.392987760194793,.6257655444393858,2.669356321219033,5.066126403239986,687,525,456,456,13.19337707802694,16.83870967741936,4.516129032258065,1.210084033613446,823130,0
2018-08-13,2018,8,.5300771164372586,1.411980485949738,6.596766526202433,5.849523243272345,650,512,399,387,20.92699025464507,16.83870967741936,4.516129032258065,1.210084033613446,823130,0
2018-08-14,2018,8,2.333291096592726,1.887748115903002,1.881903369512478,1.057139969967047,627,505,357,294,26.98457952987063,16.83870967741936,4.516129032258065,1.210084033613446,823130,0
2018-08-15,2018,8,1.471310304456093,1.060154232874517,3.51225366342398,2.724835080444694,626,511,361,282,29.04843224398453,16.83870967741936,4.516129032258065,1.210084033613446,823130,0
2018-08-16,2018,8,5.551020269610745,4.772369971752711,1.747243282930087,.5092957559659833,627,538,390,329,19.58149543584477,16.83870967741936,4.516129032258065,1.210084033613446,823130,0
2018-08-17,2018,8,2.767256584482675,5.437107174772362,2.273503708813919,1.449141523091466,627,531,380,326,17.85460043203627,16.83870967741936,4.516129032258065,1.210084033613446,823130,0
2018-08-18,2018,8,.607998446875581,1.531703958451377,5.025951103190787,1.530478330260237,626,549,438,366,9.726895003808497,16.83870967741936,4.516129032258065,1.210084033613446,823130,0
2018-08-19,2018,8,3.317953268688997,10.54799362753366,.2285598798681877,.2285598798681877,626,523,399,379,25.9696137936626,16.83870967741936,4.516129032258065,1.210084033613446,823130,0
2018-08-20,2018,8,1.135061300405369,1.237546313141126,3.281137089920773,1.965669446341325,631,515,341,307,25.45288053977435,16.83870967741936,4.516129032258065,1.210084033613446,823130,0
2018-08-21,2018,8,.6062098121592505,.8006009310709755,1.838346961460099,3.271911235527068,634,514,347,325,33.48862071715744,16.83870967741936,4.516129032258065,1.210084033613446,823130,0
2018-08-22,2018,8,2.491105457856995,2.250728661232815,3.885720060065905,3.845945973839684,636,594,382,349,17.06157904450729,16.83870967741936,4.516129032258065,1.210084033613446,823130,0
2018-08-23,2018,8,.07954817245244088,.7260950773631021,3.297700546015643,2.136448721298721,603,656,812,718,13.19337707802694,16.83870967741936,4.516129032258065,1.210084033613446,823130,0
2018-08-24,2018,8,.07954817245244088,.3944871782339673,2.174835386631589,1.231975356598636,584,485,387,464,12.77669144955698,16.83870967741936,4.516129032258065,1.210084033613446,823130,0
2018-08-25,2018,8,.9030859438067325,.2129826308436916,5.596604733500222,6.578837635936416,583,495,388,344,9.855964633800227,16.83870967741936,4.516129032258065,1.210084033613446,823130,0
2018-08-26,2018,8,1,.1748353866315897,2.997443306364981,6.140632256947858,584,519,427,439,10.12906962999173,16.83870967741936,4.516129032258065,1.210084033613446,823130,0
2018-08-27,2018,8,.03977408622622044,2.020414515375565,2.975401948975296,2.522844949153382,581,516,401,365,13.72598553596586,16.83870967741936,4.516129032258065,1.210084033613446,823130,0
2018-08-28,2018,8,3.240961789871574,3.456373690375341,1.429747583513542,1.842530497109237,579,485,356,385,17.43791480356631,16.83870967741936,4.516129032258065,1.210084033613446,823130,0
2018-08-29,2018,8,4.55259075617539,2.409367436865244,4.201187703645354,2.140504832972915,557,486,311,314,18.76127097942762,16.83870967741936,4.516129032258065,1.210084033613446,823130,0
2018-08-30,2018,8,0,.3896066521916117,4.49169045110439,4.001387420893352,522,477,319,317,31.69605406354978,16.83870967741936,4.516129032258065,1.210084033613446,823130,0
2018-08-31,2018,8,.6253643306164076,1.680348820771414,5.124492001398173,5.085921556640887,476,438,287,280,24.63220134943589,16.83870967741936,4.516129032258065,1.210084033613446,823130,0
2018-09-01,2018,9,4.314242015388307,1.13164582367492,2.433163060243991,2.058928604683377,436,383,220,216,7.791202451843701,19.43333333333333,5.933333333333334,1.445798319327731,823130,0
2018-09-02,2018,9,0,.4293807384178321,6.892551013526803,5.499162039509031,435,404,311,235,7.726440269887177,19.43333333333333,5.933333333333334,1.445798319327731,823130,0
2018-09-03,2018,9,6.494486565860175,2.82516461336841,1.522844949153383,1.936029076572055,434,470,375,329,6.193831811948256,19.43333333333333,5.933333333333334,1.445798319327731,823130,0
2018-09-04,2018,9,2.218553587386181,.6215820087902483,7.837566523371797,3.986177016964565,402,452,317,314,12.64716708564393,19.43333333333333,5.933333333333334,1.445798319327731,823130,0
2018-09-05,2018,9,6.257870104339949,1.188785793641967,2.431536218229872,1.863311857580512,380,410,272,275,14.87719380889659,19.43333333333333,5.933333333333334,1.445798319327731,823130,0
2018-09-06,2018,9,3.72865177099812,2.571639837379809,1.110864463203645,.7760028800462729,352,405,237,232,9.854600432036268,19.43333333333333,5.933333333333334,1.445798319327731,823130,0
2018-09-07,2018,9,1.709954821813416,2.433163060243991,.1540540261603142,.1540540261603142,361,359,194,243,11.983670062028,19.43333333333333,5.933333333333334,1.445798319327731,823130,0
2018-09-08,2018,9,4.65032922673682,1.706940558905945,1.762214265738107,2.431536218229873,382,348,152,166,9.855509899878909,19.43333333333333,5.933333333333334,1.445798319327731,823130,0
2018-09-09,2018,9,.7658691635893226,2.09830147708662,3.139829829301902,2.316693271770589,382,339,144,168,12.11364915986237,19.43333333333333,5.933333333333334,1.445798319327731,823130,0
2018-09-10,2018,9,5.851115716559196,4.274707350282854,1.35182625307522,.939444553302504,381,336,157,189,13.38766362389651,19.43333333333333,5.933333333333334,1.445798319327731,823130,0
2018-09-11,2018,9,2.055513127952929,1.430148797336521,2.080935593345793,4.005605325269758,379,312,125,151,22.17795660789757,19.43333333333333,5.933333333333334,1.445798319327731,823130,0
2018-09-12,2018,9,0,.1956167471028652,7.561471752195591,5.481761787040938,368,303,113,113,19.69696353139242,19.43333333333333,5.933333333333334,1.445798319327731,823130,0
2018-09-13,2018,9,.7239052288237935,1.781608205316031,2.92469171864617,.7450878031180472,360,287,98.2,97.09999999999999,41.3138067635136,19.43333333333333,5.933333333333334,1.445798319327731,823130,1
2018-09-14,2018,9,1.412014854677005,6.581394329571435,1.843756125300377,.1540540261603142,360,281,92.90000000000001,87.90000000000001,25.09868342365433,19.43333333333333,5.933333333333334,1.445798319327731,823130,1
2018-09-15,2018,9,.3480439312490609,1.977190583691627,3.354874884709958,4.848960236747156,374,282,96.7,86.90000000000001,21.97279693111183,19.43333333333333,5.933333333333334,1.445798319327731,823130,1
2018-09-16,2018,9,.7273207055542424,1.218024949588259,2.84172806946328,2.467493613902666,379,288,113,102,18.05070591359112,19.43333333333333,5.933333333333334,1.445798319327731,823130,0
2018-09-17,2018,9,.1956167471028651,.8847902084450056,4.92343172172776,3.389973497287321,379,297,134,117,25.37269788768847,19.43333333333333,5.933333333333334,1.445798319327731,823130,0
2018-09-18,2018,9,.03977408622622044,.233763991314967,2.881536524416768,6.476078833352624,380,296,137,124,27.16390033953217,19.43333333333333,5.933333333333334,1.445798319327731,823130,0
2018-09-19,2018,9,1.039372872403242,.1714199099011407,3.180440711901347,6.814757107063424,381,298,145,122,20.3454948188003,19.43333333333333,5.933333333333334,1.445798319327731,823130,0
2018-09-20,2018,9,6.122737735409109,6.118625268285443,1.209567154113242,.8751067847788491,384,314,167,163,9.661223354009334,19.43333333333333,5.933333333333334,1.445798319327731,823130,0
2018-09-21,2018,9,1.426366475510361,2.553013956720574,2.102886226558734,2.593189256769773,371,288,135,136,14.64671235172261,19.43333333333333,5.933333333333334,1.445798319327731,823130,0
2018-09-22,2018,9,2.903085943806733,1.179877705376157,1.914479657182091,1.680715665867124,362,289,139,123,13.19428654586957,19.43333333333333,5.933333333333334,1.445798319327731,823130,0
2018-09-23,2018,9,0,.233763991314967,6.065725189417005,4.751059973483514,362,286,142,122,12.98548899771328,19.43333333333333,5.933333333333334,1.445798319327731,823130,0
2018-09-24,2018,9,.4521557859989364,1.317495699416545,4.076294488424203,4.372206399723516,360,283,147,126,19.57967650015949,19.43333333333333,5.933333333333334,1.445798319327731,823130,0
2018-09-25,2018,9,4.317495699416544,3.983563967880073,1.484492652547782,2.332833527320274,361,276,151,123,28.99454319294417,19.43333333333333,5.933333333333334,1.445798319327731,823130,0
2018-09-26,2018,9,3.181208770820035,1.490303030211038,.5073020688561546,1.410388012662887,362,271,151,150,21.66031388616669,19.43333333333333,5.933333333333334,1.445798319327731,823130,0
2018-09-27,2018,9,.05713996996704691,.6233706435065788,6.067915037956316,7.872883284100846,360,263,139,122,23.04888697790585,19.43333333333333,5.933333333333334,1.445798319327731,823130,0
2018-09-28,2018,9,.6100265027126778,.4483734641727771,4.478106889189722,7.344009809132521,359,258,129,104,26.57831229839553,19.43333333333333,5.933333333333334,1.445798319327731,823130,0
2018-09-29,2018,9,3.447514681077346,2.320431617316887,1.231770304205138,8.818172583793872,359,258,124,96.59999999999999,21.05070591359112,19.43333333333333,5.933333333333334,1.445798319327731,823130,0
2018-09-30,2018,9,.03977408622622045,.5470761550823749,8.088295184604611,6.400219927478668,358,256,124,97.09999999999999,14.77669144955698,19.43333333333333,5.933333333333334,1.445798319327731,823130,0
2018-10-01,2018,10,.1350613004053693,1.690103312963041,3.237179468045416,6.320270541203248,358,253,119,105,18.20100471867921,19.58064516129032,5.580645161290323,1.258064516129032,823130,0
2018-10-02,2018,10,2.774376038032154,2.667293896654668,.3514594079795098,4.674526063938544,359,251,146,115,16.25950346174742,19.58064516129032,5.580645161290323,1.258064516129032,823130,0
2018-10-03,2018,10,.07792133043832233,3.613970617241048,5.080661803497757,4.926022784090048,371,245,188,193,14.06339798019256,19.58064516129032,5.580645161290323,1.258064516129032,823130,0
2018-10-04,2018,10,.5682243606493607,.4903030302110382,5.773228754848141,5.912874804725627,376,232,168,163,15.72507606812322,19.58064516129032,5.580645161290323,1.258064516129032,823130,0
2018-10-05,2018,10,2.901057887969635,3.566597518635241,2.998612579106648,1.641342793463882,366,227,156,134,17.91890788007148,19.58064516129032,5.580645161290323,1.258064516129032,823130,0
2018-10-06,2018,10,1.961613334667132,3.456501114350286,.05713996996704691,.2129826308436916,353,226,167,151,16.76172571334894,19.58064516129032,5.580645161290323,1.258064516129032,823130,0
2018-10-07,2018,10,1.864537485771652,1.469922883562741,.252756717069912,.3688252917203363,359,223,152,144,17.0361949113044,19.58064516129032,5.580645161290323,1.258064516129032,823130,0
2018-10-08,2018,10,0,.4907042440340165,7.315868857402424,7.51148560450529,352,228,159,166,8.531698990096281,19.58064516129032,5.580645161290323,1.258064516129032,823130,0
2018-10-09,2018,10,.03977408622622045,1.429380738417832,3.355804736330859,3.986979444610522,349,230,147,139,8.869111434322992,19.58064516129032,5.580645161290323,1.258064516129032,823130,0
2018-10-10,2018,10,0,0,4.041161507119572,2.56822436064936,347,231,154,135,17.12679596038513,19.58064516129032,5.580645161290323,1.258064516129032,823130,0
2018-10-11,2018,10,1.252756717069912,.6389478925310749,3.200786489822376,5.280496454977028,347,232,151,134,23.38629942213255,19.58064516129032,5.580645161290323,1.258064516129032,823130,0
2018-10-12,2018,10,3.005443532567545,6.124196224827931,2.332833527320274,1.881903369512478,350,233,152,133,14,19.58064516129032,5.580645161290323,1.258064516129032,823130,0
2018-10-13,2018,10,.4123816997727159,.5300771164372586,4.02014072552753,3.335847790227745,351,232,152,133,11,19.58064516129032,5.580645161290323,1.258064516129032,823130,0
2018-10-14,2018,10,2.414571548312024,1.355241729805669,1.627554179155716,2.647934325804014,355,247,159,140,6,19.58064516129032,5.580645161290323,1.258064516129032,823130,0
2018-10-15,2018,10,3.81038979198987,5.205427594743965,1.237546313141126,2.475895053928209,345,289,261,217,10,19.58064516129032,5.580645161290323,1.258064516129032,823130,0
2018-10-16,2018,10,2.712912729271413,.03977408622622045,1.511084390682314,1.667328265381937,330,264,242,259,14.51718798780956,19.58064516129032,5.580645161290323,1.258064516129032,823130,0
2018-10-17,2018,10,.03977408622622045,.8255658271913885,1.393388974017771,.568625574472339,321,260,212,224,7.619054548913127,19.58064516129032,5.580645161290323,1.258064516129032,823130,0
2018-10-18,2018,10,.1574695028907632,3.12244195883887,2.176624021347919,2.138476777135817,318,255,195,185,12.53124425617496,19.58064516129032,5.580645161290323,1.258064516129032,823130,0
2018-10-19,2018,10,6.214026235379171,2.204304237846148,.1859059487653341,.1859059487653341,317,253,196,174,13.3233561758613,19.58064516129032,5.580645161290323,1.258064516129032,823130,0
2018-10-20,2018,10,2.323728314638812,0,.4903657365958532,.04313524164389095,318,252,183,166,11.85596463380023,19.58064516129032,5.580645161290323,1.258064516129032,823130,0
2018-10-21,2018,10,2.528032552484961,2,1.428832205871148,7.013014828969109,317,252,190,168,11.32426564370394,19.58064516129032,5.580645161290323,1.258064516129032,823130,0
2018-10-22,2018,10,.6817401111159709,1.83292745917922,3.857229292878557,2.471967447515039,319,253,186,169,19.58285963760873,19.58064516129032,5.580645161290323,1.258064516129032,823130,0
2018-10-23,2018,10,6.013364982189771,1.371811897530669,1,.5523343861842981,323,393,376,237,10.7268950038085,19.58064516129032,5.580645161290323,1.258064516129032,823130,0
2018-10-24,2018,10,11.43737698194557,.5355611865152986,.1622979120238155,.08114895601190773,329,817,1190,1050,7.12906962999173,19.58064516129032,5.580645161290323,1.258064516129032,823130,0
2018-10-25,2018,10,6.734680296813063,1.124046811295334,.1558426608766447,.9026847299837544,329,393,566,689,20.30657150396799,19.58064516129032,5.580645161290323,1.258064516129032,823130,0
2018-10-26,2018,10,7.04550683547092,.8747055709558705,.8251646133684101,.4127829135956941,293,356,264,315,16.43700533572367,19.58064516129032,5.580645161290323,1.258064516129032,823130,0
2018-10-27,2018,10,2.038604813484554,4.243919697329572,2.529837695316492,2.296474917824504,272,326,195,246,18.56880336924332,19.58064516129032,5.580645161290323,1.258064516129032,823130,0
2018-10-28,2018,10,8.542606450415587,3.628322238074404,1.209567154113242,1.132047037497898,272,316,152,199,22.03937804875363,19.58064516129032,5.580645161290323,1.258064516129032,823130,0
2018-10-29,2018,10,0,.3688252917203363,5.419741291031534,5.575182738085201,272,315,140,186,27.90712528131267,19.58064516129032,5.580645161290323,1.258064516129032,823130,0
2018-10-30,2018,10,.1239372991768895,.06196864958844473,4.827894152288176,6.170020756007802,273,316,140,180,22.96870432581996,19.58064516129032,5.580645161290323,1.258064516129032,823130,0
2018-10-31,2018,10,1.552769505048037,.509199144540407,.8948961087676641,1.788921979807849,273,340,175,203,7.064762181956525,19.58064516129032,5.580645161290323,1.258064516129032,823130,0
2018-11-01,2018,11,7.265142999101129,1.65196985166185,.4472304949519623,.8944609899039245,290,327,164,182,17.72325713243794,19.7,5.733333333333333,1.83655462184874,823130,0
2018-11-02,2018,11,.9380313504115553,1.385261845363517,2.236587593623551,.4472304949519623,298,359,194,188,21.29342470344523,19.7,5.733333333333333,1.83655462184874,823130,0
2018-11-03,2018,11,6.050681644858217,2.932562924656771,.447665613815702,.8944609899039246,298,364,202,210,21.46602734029712,19.7,5.733333333333333,1.83655462184874,823130,0
2018-11-04,2018,11,.08627048328778189,0,4.47491566270206,5.369376652605985,296,366,208,218,15.90712528131267,19.7,5.733333333333333,1.83655462184874,823130,0
2018-11-05,2018,11,5.74049653825258,3.74049653825258,1.064762181956525,.5969159059741278,322,364,204,229,26.37133368592451,19.7,5.733333333333333,1.83655462184874,823130,0
2018-11-06,2018,11,0,.9380313504115553,3.216883947951518,3.260889427322888,369,385,222,230,32.53078952225365,19.7,5.733333333333333,1.83655462184874,823130,0
2018-11-07,2018,11,2.900691042873925,3.924635363196695,2.276094771176206,1.038147244212102,376,379,248,259,26.99902755446252,19.7,5.733333333333333,1.83655462184874,823130,0
2018-11-08,2018,11,7.733777537437769,2.675673347122556,1.237145099318148,.4123816997727159,376,373,241,257,23.10095709326092,19.7,5.733333333333333,1.83655462184874,823130,0
2018-11-09,2018,11,8.018295735361725,3.814150124258374,1.036358609495772,.6239769097230553,378,367,263,257,20.85414569811495,19.7,5.733333333333333,1.83655462184874,823130,0
2018-11-10,2018,11,.2856998498352346,2.545414944340988,1.471711518279071,3.277883405892536,345,368,261,262,16.58331437153004,19.7,5.733333333333333,1.83655462184874,823130,0
2018-11-11,2018,11,.9810072742450547,.6447582701943307,6.520472037778229,8.386362575715964,315,328,223,246,19.19428654586957,19.7,5.733333333333333,1.83655462184874,823130,0
2018-11-12,2018,11,.03977408622622044,0,2.079709965154652,1.471711518279071,316,311,180,186,12.55338289911396,19.7,5.733333333333333,1.83655462184874,823130,0
2018-11-13,2018,11,3.220581643223277,1.018625880659235,2.450528943984817,1.547443000178085,316,310,196,168,22.38811835781783,19.7,5.733333333333333,1.83655462184874,823130,0
2018-11-14,2018,11,5.479768099931109,3.534422444788607,2.159223768879825,2.572809110121476,316,313,197,174,31.04291308411404,19.7,5.733333333333333,1.83655462184874,823130,0
2018-11-15,2018,11,1.64903253002021,2.196179753628055,2.887474326054968,1.315868857402427,315,313,190,172,33.84817180432314,19.7,5.733333333333333,1.83655462184874,823130,0
2018-11-16,2018,11,4.534422444788607,2.393790187840748,2.250728661232815,3.644518849073564,322,310,175,172,30.45914397866267,19.7,5.733333333333333,1.83655462184874,823130,0
2018-11-17,2018,11,.2925308032961325,.4326344224460692,1.902684729983754,4.083091073157832,326,317,169,159,28.61678087930652,19.7,5.733333333333333,1.83655462184874,823130,0
2018-11-18,2018,11,4.329051205494114,6.019521363552864,2.409768650688223,3.015337827903729,325,318,171,167,18.15166300685205,19.7,5.733333333333333,1.83655462184874,823130,0
2018-11-19,2018,11,4.829967510992211,2.825967041014366,1.650730440559798,2.965796870316268,326,319,178,170,27.65343052453225,19.7,5.733333333333333,1.83655462184874,823130,0
2018-11-20,2018,11,8.27801082986748,4.608766505794269,5.12668184993748,1.927120988306245,321,319,174,176,30.79792062465334,19.7,5.733333333333333,1.83655462184874,823130,0
2018-11-21,2018,11,6.456902328173262,4.17576523825249,.1922012703724161,.6825043005834543,313,310,159,162,26.78386435628793,19.7,5.733333333333333,1.83655462184874,823130,0
2018-11-22,2018,11,.8209810777192726,1.373008827369473,5.437508388595339,4.534823658611585,313,303,149,160,29.10186656110356,19.7,5.733333333333333,1.83655462184874,823130,0
2018-11-23,2018,11,1.449141523091465,4.416727028124065,1.88329079040583,.5682243606493607,313,300,148,156,18.84190836543483,19.7,5.733333333333333,1.83655462184874,823130,0
2018-11-24,2018,11,1.690103312963041,1.116068574650424,6.560211755277182,7.8553336209356,314,295,142,154,41.40980226683551,19.7,5.733333333333333,1.83655462184874,823130,0
2018-11-25,2018,11,6.281665727718696,2.561393407188463,1.294686283108173,.05713996996704691,314,305,154,154,14.18023027750417,19.7,5.733333333333333,1.83655462184874,823130,0
2018-11-26,2018,11,3.926423997913026,1.173208544617471,3.610738919935017,1.627152965332738,315,309,153,157,26.72001164217405,19.7,5.733333333333333,1.83655462184874,823130,0
2018-11-27,2018,11,.571879258500576,.9996331549042898,2.786376734212563,2.786376734212563,316,309,191,176,31.11991259875069,19.7,5.733333333333333,1.83655462184874,823130,0
2018-11-28,2018,11,.07954817245244088,.2735380775411875,6.323228448661245,8.698850325115211,316,314,218,239,35.98902403307368,19.7,5.733333333333333,1.83655462184874,823130,0
2018-11-29,2018,11,.07954817245244089,1.292692595998344,3.84351670417961,4.256299617775304,316,318,215,238,32.44417824245464,19.7,5.733333333333333,1.83655462184874,823130,0
2018-11-30,2018,11,.1590963449048818,.9996331549042896,3.915832709348175,3.324833301117709,326,319,216,240,26.85232676242967,19.7,5.733333333333333,1.83655462184874,823130,0
2018-12-01,2018,12,2.044816404970788,3.591562414755655,1.152025970323217,.8175656009888238,331,331,207,240,15.61006270649689,18,5.225806451612903,1.361344537815126,823130,0
2018-12-02,2018,12,.7243064426467717,3.337875846064842,2.682905514406432,3.585590244390187,331,340,223,241,9.00045473392132,18,5.225806451612903,1.361344537815126,823130,0
2018-12-03,2018,12,1.471310304456093,1.237947526964104,5.18435045770245,3.946804144561324,391,343,233,244,18.45197107193172,18,5.225806451612903,1.361344537815126,823130,0
2018-12-04,2018,12,11.2343024946493,4.343312409071535,.08114895601190775,.08114895601190775,428,394,281,254,13.51718798780956,18,5.225806451612903,1.361344537815126,823130,0
2018-12-05,2018,12,3.171581702603353,2.450930157807795,2.511084390682314,3.788806003872638,428,403,332,302,27.76172571334894,18,5.225806451612903,1.361344537815126,823130,0
2018-12-06,2018,12,3.329051205494116,2.230348514584518,1.881903369512479,2.784989313319211,414,401,330,309,26.97325166503315,18,5.225806451612903,1.361344537815126,823130,0
2018-12-07,2018,12,6.730194695940254,3.152343938525326,.04518099231152066,.254473675916764,405,398,321,302,12.30093158213703,18,5.225806451612903,1.361344537815126,823130,0
2018-12-08,2018,12,10.93091445254854,2.263851756265054,.4185853672104866,.8371707344209732,406,396,305,303,9.045425324158446,18,5.225806451612903,1.361344537815126,823130,0
2018-12-09,2018,12,5.502872146051089,1.180173482236193,.9603966665825631,.8987837005017681,409,394,298,308,8.53644177373185,18,5.225806451612903,1.361344537815126,823130,0
2018-12-10,2018,12,3.446188898560219,3.607282704708932,1.030581931266832,2.420840207878097,487,385,365,331,26.22023608214882,18,5.225806451612903,1.361344537815126,823130,0
2018-12-11,2018,12,.1080803142754975,2.009564657217008,5.463373497871412,6.271147273445979,535,481,460,371,31.95057490962083,18,5.225806451612903,1.361344537815126,823130,0
2018-12-12,2018,12,.9474051342948095,4.023423919219918,5.002801397509014,5.066017962178258,505,501,501,411,41.52726488155339,18,5.225806451612903,1.361344537815126,823130,0
2018-12-13,2018,12,10.17645858505231,1.28898065753618,.8371707344209732,.8371707344209732,486,485,464,412,15.40697855778495,18,5.225806451612903,1.361344537815126,823130,0
2018-12-14,2018,12,2.700055264670553,2.029625756106207,1.248055462911629,2.257724805366395,487,461,417,383,26.65644810998482,18,5.225806451612903,1.361344537815126,823130,0
2018-12-15,2018,12,.9302333614837567,2.06289539179549,7.469597951799835,7.089224876885845,488,454,408,379,31.75103448506182,18,5.225806451612903,1.361344537815126,823130,0
2018-12-16,2018,12,6.267393519427675,2.673071352751055,.6976446893319732,1.055484820176822,488,453,409,366,25.87909851859663,18,5.225806451612903,1.361344537815126,823130,0
2018-12-17,2018,12,4.12044967077652,2.692613587279292,3.366121733953674,1.612864293771502,489,454,418,372,27.99739144216393,18,5.225806451612903,1.361344537815126,823130,0
2018-12-18,2018,12,6.628511907832779,.8989640046848537,.9918463275645515,1.169689350187806,495,455,430,371,21.01286775701043,18,5.225806451612903,1.361344537815126,823130,0
2018-12-19,2018,12,6.555414071634743,.8971310919602686,.6278780508157299,.6278780508157299,490,454,430,365,39.75606636746545,18,5.225806451612903,1.361344537815126,823130,0
2018-12-20,2018,12,4.391571179705068,1.896400300767294,.9603966665825631,1.077177210134912,481,454,432,363,31.53411555005967,18,5.225806451612903,1.361344537815126,823130,0
2018-12-21,2018,12,.450035028192475,2.840188619565982,6.55148902128216,6.644551648344944,472,450,410,361,33.9874807160213,18,5.225806451612903,1.361344537815126,823130,0
2018-12-22,2018,12,4.999128340116356,1.086503545366981,2.998629645716171,3.528184653280302,466,442,399,368,23.77365740398492,18,5.225806451612903,1.361344537815126,823130,0
2018-12-23,2018,12,4.880386372266039,4.770715349925901,2.760671941969328,1.807139290164031,467,445,390,359,14.95364528793303,18,5.225806451612903,1.361344537815126,823130,0
2018-12-24,2018,12,2.395832633730349,2.218310155587362,5.628224359813428,4.028021529124271,467,447,384,363,20.59077065400943,18,5.225806451612903,1.361344537815126,823130,0
2018-12-25,2018,12,.951511055442308,2.844588537983129,2.809394130831641,1.240006475713939,467,449,392,370,12.82523145879519,18,5.225806451612903,1.361344537815126,823130,0
2018-12-26,2018,12,2.472237274662723,4.622846948763049,1.86733403951978,2.46431291636341,456,448,382,376,11.30734435224946,18,5.225806451612903,1.361344537815126,823130,0
2018-12-27,2018,12,0,2.626459834090684,5.525199021419716,4.952673929938943,484,433,380,382,6.638096970770476,18,5.225806451612903,1.361344537815126,823130,0
2018-12-28,2018,12,.3263904698628601,.06161296608079494,0,.06161296608079494,508,476,399,391,11.02068768356237,18,5.225806451612903,1.361344537815126,823130,0
2018-12-29,2018,12,6.176484977963231,2.277958348101708,1.15613832304136,1.094525356960565,509,485,429,404,11.64319631461324,18,5.225806451612903,1.361344537815126,823130,0
2018-12-30,2018,12,.1886979658919305,1.52794810720068,4.723350624823608,10.10674347557093,509,487,422,392,13.46496538270766,18,5.225806451612903,1.361344537815126,823130,0
2018-12-31,2018,12,2.802823138442676,1.868237141115207,5.358710914331551,2.578511523606983,434,486,423,397,17.68729226444716,18,5.225806451612903,1.361344537815126,823130,0
2019-01-01,2019,1,3.231195855125526,2.390575519316533,0,0,380,424,342,358,16.48412686355782,22.67741935483871,7.161290322580645,2.419354838709677,825869,0
2019-01-02,2019,1,5.438853317493392,.9553165545768326,.03144966098198842,1.071599551240829,382,399,334,317,9.372355498869052,22.67741935483871,7.161290322580645,2.419354838709677,825869,0
2019-01-03,2019,1,2.654067295608902,1.463215872512118,.8371707344209732,1.698609872341402,353,398,322,326,15.45370456477818,22.67741935483871,7.161290322580645,2.419354838709677,825869,0
2019-01-04,2019,1,6.692939209439878,1.729958149860632,2.146076118935999,2.32478687127441,336,385,276,301,17.1116650307869,22.67741935483871,7.161290322580645,2.419354838709677,825869,0
2019-01-05,2019,1,2.064630851225804,2.205446553972987,5.979329034947873,6.44727107643121,335,362,257,280,24.2016180254842,22.67741935483871,7.161290322580645,2.419354838709677,825869,0
2019-01-06,2019,1,.4185853672104866,.7266501976144614,2.8005045895229,3.45328552924862,334,347,234,265,17.8507641340162,22.67741935483871,7.161290322580645,2.419354838709677,825869,0
2019-01-07,2019,1,1.824298124957794,2.636758584275667,1.766800087873301,2.498885147728167,335,343,241,265,12.77964059610975,22.67741935483871,7.161290322580645,2.419354838709677,825869,0
2019-01-08,2019,1,4.747446536983468,1.95180112254347,1.847055936118249,1.311372782650146,337,343,252,275,20.11900328299323,22.67741935483871,7.161290322580645,2.419354838709677,825869,0
2019-01-09,2019,1,4.13811506030744,1.833077903348459,1.443171013415209,.4030211231563692,432,346,244,265,32.3442155274991,22.67741935483871,7.161290322580645,2.419354838709677,825869,0
2019-01-10,2019,1,.9629693783489269,2.419999653767047,7.475280295931677,4.682507450901199,506,481,333,292,33.30181331565445,22.67741935483871,7.161290322580645,2.419354838709677,825869,0
2019-01-11,2019,1,4.776195555525715,2.743874863053568,2.647187041039346,2.444022503338075,526,545,480,401,17.95529513580587,22.67741935483871,7.161290322580645,2.419354838709677,825869,0
2019-01-12,2019,1,1.077177210134912,.4505855152023642,1.503079625838282,2.271456136695928,551,543,480,419,13.01119747415558,22.67741935483871,7.161290322580645,2.419354838709677,825869,0
2019-01-13,2019,1,5.253190621808582,.8646373272485237,0,.6524636970204526,551,546,493,419,7.661314583287957,22.67741935483871,7.161290322580645,2.419354838709677,825869,0
2019-01-14,2019,1,9.957103697341712,3.769432924211205,0,0,510,550,500,429,13.38466716058155,22.67741935483871,7.161290322580645,2.419354838709677,825869,0
2019-01-15,2019,1,6.608700293040492,4.747969848389251,.5067971964036752,.1807239692460826,358,472,419,414,22.30851137535259,22.67741935483871,7.161290322580645,2.419354838709677,825869,0
2019-01-16,2019,1,.6284285378256192,2.56081535651423,3.286891821683181,3.225278855602386,451,348,257,329,31.61603079969285,22.67741935483871,7.161290322580645,2.419354838709677,825869,0
2019-01-17,2019,1,1.930233361483756,1.239773231409318,3.156640366710028,4.183348992740497,618,528,354,291,27.59438433175217,22.67741935483871,7.161290322580645,2.419354838709677,825869,0
2019-01-18,2019,1,4.431779149547419,7.699040179739745,2.046044791858191,2.07644134126162,616,597,529,450,10.87154716498685,22.67741935483871,7.161290322580645,2.419354838709677,825869,0
2019-01-19,2019,1,1.633041013710275,3.135467357989234,.3448356605398053,.3448356605398053,615,601,529,459,7.084586005848263,22.67741935483871,7.161290322580645,2.419354838709677,825869,0
2019-01-20,2019,1,2.574128690069221,2.103049212222817,.5112293681052449,1.102080099044903,614,585,523,467,14.62862968314552,22.67741935483871,7.161290322580645,2.419354838709677,825869,0
2019-01-21,2019,1,1.853052221180358,3.05259156393019,2.717372305723615,2.815827209817078,614,571,524,467,27.46121580848494,22.67741935483871,7.161290322580645,2.419354838709677,825869,0
2019-01-22,2019,1,4.711199646646905,2.823615777106041,2.842329767147032,3.143949208941766,612,567,526,471,12.81304587075169,22.67741935483871,7.161290322580645,2.419354838709677,825869,0
2019-01-23,2019,1,3.582410293178048,3.117591402977484,.8250339938310869,.8250339938310869,611,565,527,468,11.19696873551114,22.67741935483871,7.161290322580645,2.419354838709677,825869,0
2019-01-24,2019,1,7.394998683169299,1.572023047812104,.6894910168965248,1.169689350187806,611,570,514,459,17.3031881169831,22.67741935483871,7.161290322580645,2.419354838709677,825869,0
2019-01-25,2019,1,8.461897829956341,2.569591204736408,1.788971856964443,1.788971856964443,571,571,521,463,18.8647317456085,22.67741935483871,7.161290322580645,2.419354838709677,825869,0
2019-01-26,2019,1,8.099516395127342,1.570321995929383,.9785369241780451,1.631000621198498,543,530,455,442,14.10056379839009,22.67741935483871,7.161290322580645,2.419354838709677,825869,0
2019-01-27,2019,1,4.507484621935746,2.91637347108736,.7346720092080454,.9130655188411897,543,530,448,425,10.30278639851755,22.67741935483871,7.161290322580645,2.419354838709677,825869,0
2019-01-28,2019,1,5.672564798013897,4.358808615629278,.6976446893319732,.6976446893319732,543,525,448,433,16.13074329354569,22.67741935483871,7.161290322580645,2.419354838709677,825869,0
2019-01-29,2019,1,1.27794996864639,2.333386345481989,4.70359583282786,2.795980042207377,544,527,444,424,23.53968198283702,22.67741935483871,7.161290322580645,2.419354838709677,825869,0
2019-01-30,2019,1,8.568361090749763,4.399138810071203,.135542976934562,.135542976934562,544,530,444,418,24.72201478040957,22.67741935483871,7.161290322580645,2.419354838709677,825869,0
2019-01-31,2019,1,9.962470574673601,3.725767601919003,.6730590431272505,.6730590431272505,543,535,463,418,25.64650517386765,22.67741935483871,7.161290322580645,2.419354838709677,825869,0
2019-02-01,2019,2,8.087065713607188,3.330557143975384,.3712542194691132,.3712542194691132,543,530,458,415,23.49380848731312,19.92857142857143,6.428571428571429,2.049582719685813,825869,0
2019-02-02,2019,2,2.007542432460533,2.979951210734605,3.89645654266383,1.102080099044903,542,536,445,416,20.02713211711787,19.92857142857143,6.428571428571429,2.049582719685813,825869,0
2019-02-03,2019,2,1.25575610163146,2.372114717240783,4.65845998208256,5.691745857564134,518,532,445,420,16.33784443375868,19.92857142857143,6.428571428571429,2.049582719685813,825869,0
2019-02-04,2019,2,.4185853672104866,1.88363415244719,2.037891119422743,2.899462118185036,498,498,428,412,16.96397489208496,19.92857142857143,6.428571428571429,2.049582719685813,825869,0
2019-02-05,2019,2,0,1.88363415244719,6.609270723711,7.194226553051307,500,498,421,386,14.0415895267787,19.92857142857143,6.428571428571429,2.049582719685813,825869,0
2019-02-06,2019,2,.8686203954029617,.9712516098512387,1.89039170608138,2.2777606566145,502,498,422,388,23.72039082028596,19.92857142857143,6.428571428571429,2.049582719685813,825869,0
2019-02-07,2019,2,1.643027598870308,3.501356476031773,3.898007201130743,4.5796824751342,547,492,406,392,10.59785435537861,19.92857142857143,6.428571428571429,2.049582719685813,825869,0
2019-02-08,2019,2,6.199670575198209,1.329998277510177,.526247055317959,1.178393509633144,576,544,459,413,17.53492419121688,19.92857142857143,6.428571428571429,2.049582719685813,825869,0
2019-02-09,2019,2,3.94733867525598,1.818588605221846,.8277346362708288,.8648938169887653,576,543,480,448,26.91896843283521,19.92857142857143,6.428571428571429,2.049582719685813,825869,0
2019-02-10,2019,2,4.391744251944667,2.83543527499066,2.302219519657676,2.967388612033207,575,545,474,456,16.06641490605503,19.92857142857143,6.428571428571429,2.049582719685813,825869,0
2019-02-11,2019,2,3.808060540900727,3.814425232884322,.7389672423874334,2.462713247943447,575,545,477,464,38.12051973340917,19.92857142857143,6.428571428571429,2.049582719685813,825869,0
2019-02-12,2019,2,1.776425498055335,1.921215889501637,3.786540013888747,4.549338865852308,520,549,484,458,23.91179099400401,19.92857142857143,6.428571428571429,2.049582719685813,825869,0
2019-02-13,2019,2,2.092926836052433,1.54738895826616,3.131058431723284,3.020537894916773,466,496,436,431,31.09247370435888,19.92857142857143,6.428571428571429,2.049582719685813,825869,0
2019-02-14,2019,2,.8371707344209732,1.037027319876072,2.922026168026768,3.935293529828867,446,472,404,397,31.73620275026671,19.92857142857143,6.428571428571429,2.049582719685813,825869,0
2019-02-15,2019,2,3.651494583842538,3.544933869754844,1.482660653746084,1.327985060602506,447,475,410,378,10.56019396117868,19.92857142857143,6.428571428571429,2.049582719685813,825869,0
2019-02-16,2019,2,1.100665812488343,2.603556754688221,1.492216303114288,1.042917143795106,447,485,395,362,16.19006113899161,19.92857142857143,6.428571428571429,2.049582719685813,825869,0
2019-02-17,2019,2,0,2.092926836052433,6.611265772863368,5.927902901870818,451,489,401,358,6.646036476166514,19.92857142857143,6.428571428571429,2.049582719685813,825869,0
2019-02-18,2019,2,1.030163305098806,.3532458227154953,.8211878641988306,1.534947284594811,454,486,393,359,19.60261179646829,19.92857142857143,6.428571428571429,2.049582719685813,825869,0
2019-02-19,2019,2,.9152196044395283,3.847835737264274,2.410435624943524,1.338518830997428,550,491,385,355,15.06009221838116,19.92857142857143,6.428571428571429,2.049582719685813,825869,0
2019-02-20,2019,2,.6659049612488233,2.166366531961333,3.130745119186503,.6627591454304353,603,642,498,433,10.6561277465643,19.92857142857143,6.428571428571429,2.049582719685813,825869,0
2019-02-21,2019,2,.3325186157668332,1.022009632663358,1.231302316268601,3.108437559085011,685,634,562,553,17.53157089561131,19.92857142857143,6.428571428571429,2.049582719685813,825869,0
2019-02-22,2019,2,.8667874826783766,1.571842743629019,5.578715137861603,5.235602627128306,820,716,634,571,32.82493644214423,19.92857142857143,6.428571428571429,2.049582719685813,825869,0
2019-02-23,2019,2,5.643661455887357,3.266967094704336,3.02929557538365,1.36771302291832,865,849,814,700,7.451210992764095,19.92857142857143,6.428571428571429,2.049582719685813,825869,0
2019-02-24,2019,2,5.093612485679187,2.340901602338417,1.945929466379738,2.714305977237383,862,780,774,716,13.22482938723661,19.92857142857143,6.428571428571429,2.049582719685813,825869,0
2019-02-25,2019,2,5.415276786570829,3.046885345969242,1.651913210010563,.4637663595220073,860,769,789,730,14.775855847836,19.92857142857143,6.428571428571429,2.049582719685813,825869,0
2019-02-26,2019,2,5.86477363737722,2.905651017054035,2.262856662488348,1.456267859334206,857,762,785,733,21.2003819396069,19.92857142857143,6.428571428571429,2.049582719685813,825869,0
2019-02-27,2019,2,1.480515575996549,3.124508357876286,5.454021398121912,6.43224107959469,732,753,777,734,23.94320762125039,19.92857142857143,6.428571428571429,2.049582719685813,825869,0
2019-02-28,2019,2,.5129343501564518,3.181121327676992,1.297187270093164,2.631643483822341,652,617,669,642,21.40015059649286,19.92857142857143,6.428571428571429,2.049582719685813,825869,0
2019-03-01,2019,3,.2092926836052433,2.097222069231821,2.447590875492974,4.723975319692149,653,614,592,601,19.36217944835466,20.29032258064516,6,1.967741935483871,825869,0
2019-03-02,2019,3,.03144966098198842,1.108076384107012,4.286601754582019,5.234556747493232,654,635,592,600,18.24805420388265,20.29032258064516,6,1.967741935483871,825869,0
2019-03-03,2019,3,.3023553106680267,3.148121589128093,4.281068608860672,4.010162959174632,655,661,593,601,9.195684205268771,20.29032258064516,6,1.967741935483871,825869,0
2019-03-04,2019,3,4.649344428412685,2.327117330887349,.4185853672104866,.9539512779733225,744,668,610,600,13.35515116739341,20.29032258064516,6,1.967741935483871,825869,0
2019-03-05,2019,3,1.394131581847628,3.357100331803069,3.126763198543897,1.581961189630916,954,780,699,617,16.25400478076671,20.29032258064516,6,1.967741935483871,825869,0
2019-03-06,2019,3,.7037728352359464,1.840598237885204,5.721732788648342,4.239596857394717,1040,886,844,743,23.34290073371696,20.29032258064516,6,1.967741935483871,825869,0
2019-03-07,2019,3,.7045087041092389,2.125794713759467,1.857347454359746,3.427836083497227,1040,942,916,870,48.02263761786993,20.29032258064516,6,1.967741935483871,825869,0
2019-03-08,2019,3,.6278780508157299,1.922079689048308,4.15841640914459,5.982220917382518,1130,1010,1020,951,59.36257898840692,20.29032258064516,6,1.967741935483871,825869,0
2019-03-09,2019,3,1.209843170615132,3.227007083089213,2.540079770110248,1.468061592701395,1210,1120,1170,1080,9.371822874234303,20.29032258064516,6,1.967741935483871,825869,0
2019-03-10,2019,3,1.037159180717936,2.482453173958892,2.203711094542673,3.582926372640344,1210,1070,1160,1150,11.80843480595371,20.29032258064516,6,1.967741935483871,825869,0
2019-03-11,2019,3,1.182874124675935,.5418112993720765,1.368810066769613,2.2238038160808,1210,1090,1090,1090,9.364063954137773,20.29032258064516,6,1.967741935483871,825869,0
2019-03-12,2019,3,1.967814470144719,.9452510486964706,1.613728093318172,3.066017962178258,1210,1190,1170,1140,13.06043522560385,20.29032258064516,6,1.967741935483871,825869,0
2019-03-13,2019,3,.09434898294596526,3.396697061670505,6.766856910669841,5.431030342656836,1340,1340,1350,1240,14.74315319225039,20.29032258064516,6,1.967741935483871,825869,0
2019-03-14,2019,3,.7516544699872091,3.459599057015997,4.292786723282532,3.492643308737632,1410,1430,1470,1350,8.555880560243988,20.29032258064516,6,1.967741935483871,825869,0
2019-03-15,2019,3,1.613181536476769,1.546947086662515,2.188362709731066,3.042721973631718,1410,1370,1330,1280,13.343887234199,20.29032258064516,6,1.967741935483871,825869,0
2019-03-16,2019,3,5.063422190610837,2.580539796362655,1.233054130777935,1.627001695466485,1400,1400,1370,1270,15.37058693033935,20.29032258064516,6,1.967741935483871,825869,0
2019-03-17,2019,3,3.28583791938713,3.148503987968267,1.330784949703052,1.667446054471431,1390,1410,1380,1250,14.83923746600903,20.29032258064516,6,1.967741935483871,825869,0
2019-03-18,2019,3,1.353299094984092,2.484837548888395,1.326350246614989,2.679649341599081,1120,1280,1340,1230,20.79146539151219,20.29032258064516,6,1.967741935483871,825869,0
2019-03-19,2019,3,.2709056496860383,1.909087528367069,1.052595494098676,1.385664596875398,1080,865,1010,1040,14.46375227399288,20.29032258064516,6,1.967741935483871,825869,0
2019-03-20,2019,3,.6202787955586567,.822156977376745,.3889725491215694,.1861252541255667,1290,1220,1150,1020,13.48880948648717,20.29032258064516,6,1.967741935483871,825869,0
2019-03-21,2019,3,1.0140485740348,1.3665403601217,0,0,1240,1310,1350,1250,16.84236805512762,20.29032258064516,6,1.967741935483871,825869,0
2019-03-22,2019,3,2.019312920392102,3.391544632494448,1.047511451924459,.8989640046848537,1240,1330,1340,1230,14.6555190256712,20.29032258064516,6,1.967741935483871,825869,0
2019-03-23,2019,3,6.54461269688109,2.34666857326439,2.160860561844091,.7634210277502919,1300,1310,1330,1180,10.32998475859288,20.29032258064516,6,1.967741935483871,825869,0
2019-03-24,2019,3,2.366537058346699,3.04800956542464,3.769244240572801,4.064185049453673,1290,1270,1330,1160,14.52156812039447,20.29032258064516,6,1.967741935483871,825869,0
2019-03-25,2019,3,7.228107428715506,4.552621053581049,1.163794448588455,.1232259321615899,1400,1370,1370,1190,21.40364089240229,20.29032258064516,6,1.967741935483871,825869,0
2019-03-26,2019,3,3.492990246128815,4.49229051321495,3.06289539179549,4.289721023189786,1450,1450,1500,1260,25.05537379822977,20.29032258064516,6,1.967741935483871,825869,0
2019-03-27,2019,3,.7634210277502919,3.13394445602643,3.794822245391059,6.325707541111102,1510,1520,1570,1320,29.48707732883185,20.29032258064516,6,1.967741935483871,825869,0
2019-03-28,2019,3,1.435753209853053,.9070659320040799,1.875060706331885,2.101625917817453,1710,1740,1760,1440,22.5622406914236,20.29032258064516,6,1.967741935483871,825869,0
2019-03-29,2019,3,2.912210098749837,1.238170261214353,4.161542909695844,4.062034894023821,1940,1970,2100,1750,36.60143492339815,20.29032258064516,6,1.967741935483871,825869,0
2019-03-30,2019,3,.7744039016923457,2.034021744354867,.9849823127872858,.3325186157668332,2010,2140,2260,1980,15.03497110320454,20.29032258064516,6,1.967741935483871,825869,0
2019-03-31,2019,3,2.574317373707626,.1971559430153569,0,.03144966098198842,2010,2070,2150,1960,10.60341918777255,20.29032258064516,6,1.967741935483871,825869,0
2019-04-01,2019,4,.6260451380911447,2.997292125616771,7.900307749976403,4.27447009167245,1940,1950,2060,1880,12.56104352313853,21.1,6.166666666666667,1.933333333333333,825869,0
2019-04-02,2019,4,1.495762577345399,1.97596091063668,1.976278153341948,2.395414007562324,1880,1820,1940,1770,16.72404916273216,21.1,6.166666666666667,1.933333333333333,825869,0
2019-04-03,2019,4,2.804985204565692,.1067939583923156,2.683177489129148,1.48835200572673,1940,1880,1930,1740,26.05329333959007,21.1,6.166666666666667,1.933333333333333,825869,0
2019-04-04,2019,4,3.523048865989863,3.271452206527441,3.041432315973536,3.755742223379405,1950,1980,2050,1850,18.78589144294909,21.1,6.166666666666667,1.933333333333333,825869,0
2019-04-05,2019,4,1.934947220831169,3.301068954784845,5.332315066148126,2.924655702589673,1830,1790,1970,1810,21.12354584600636,21.1,6.166666666666667,1.933333333333333,825869,0
2019-04-06,2019,4,2.132662030311734,1.91650596032271,3.020598647881799,2.312967373389792,1790,1700,1920,1780,18.14913285867342,21.1,6.166666666666667,1.933333333333333,825869,0
2019-04-07,2019,4,7.345752400208011,2.993862846247223,.4185853672104866,1.071049064230939,1790,1720,1950,1790,10.51177084726633,21.1,6.166666666666667,1.933333333333333,825869,0
2019-04-08,2019,4,8.223262336919715,3.687212302399808,.9539512779733225,.6278780508157299,1790,1780,1970,1780,20.12279117874227,21.1,6.166666666666667,1.933333333333333,825869,0
2019-04-09,2019,4,.8371707344209732,2.751835921682126,4.281628103719364,5.320073011926998,1890,1880,2020,1840,26.64791206213485,21.1,6.166666666666667,1.933333333333333,825869,0
2019-04-10,2019,4,1.109362739990193,2.616010737983375,2.080238460940826,2.078952105057644,2150,2180,2210,1950,85.95287510901881,21.1,6.166666666666667,1.933333333333333,825869,0
2019-04-11,2019,4,5.411413745970242,9.608232393344572,1.715222150293761,1.124688662059371,2480,2430,2500,2220,25.68605885132996,21.1,6.166666666666667,1.933333333333333,825869,0
2019-04-12,2019,4,.6873408614666719,.9130655188411897,4.541823608995881,2.762592783263045,2350,2540,2630,2380,15.64796506628005,21.1,6.166666666666667,1.933333333333333,825869,0
2019-04-13,2019,4,5.190763494527651,4.002338839068257,1.050758651205604,1.020595346106798,2220,2220,2330,2200,9.23216496830344,21.1,6.166666666666667,1.933333333333333,825869,0
2019-04-14,2019,4,.2407423445872317,1.705791129823935,4.746751927001391,4.740205154929393,2080,2260,2320,2160,11.34907344252917,21.1,6.166666666666667,1.933333333333333,825869,0
2019-04-15,2019,4,.9991322702848431,2.202006740884952,3.813381129154566,2.741129707441091,1650,1830,2110,2010,20.28171863940433,21.1,6.166666666666667,1.933333333333333,825869,0
2019-04-16,2019,4,1.735407878081338,.401127457466758,2.312575140132682,1.799090302966341,1260,1330,1690,1640,23.58592368348924,21.1,6.166666666666667,1.933333333333333,825869,0
2019-04-17,2019,4,.3575228881395809,2.729954848085632,5.274879709991672,4.297210515528784,1280,1180,1340,1310,10.35678701926629,21.1,6.166666666666667,1.933333333333333,825869,0
2019-04-18,2019,4,3.669442856024615,5.227429011032239,5.213407612601544,2.730508636870522,1620,1480,1630,1440,11.9990515736592,21.1,6.166666666666667,1.933333333333333,825869,0
2019-04-19,2019,4,1.826134967850865,3.54983311096566,3.629609580077557,4.484519330988099,1710,1860,1970,1730,12.07761730583324,21.1,6.166666666666667,1.933333333333333,825869,0
2019-04-20,2019,4,.8987837005017681,1.718496525179013,3.340668358033795,6.198261366321967,2180,2030,2010,1790,16.89002094235457,21.1,6.166666666666667,1.933333333333333,825869,0
2019-04-21,2019,4,.2092926836052433,1.945247118527985,7.067560807801683,3.963330553326927,2400,2650,2560,2300,11.99325553644079,21.1,6.166666666666667,1.933333333333333,825869,0
2019-04-22,2019,4,2.248892086854194,3.004303612634706,.2709056496860383,.9849823127872858,2710,2850,2630,2390,17.03257205479658,21.1,6.166666666666667,1.933333333333333,825869,0
2019-04-23,2019,4,3.760861254001218,1.443171013415209,.4973701061023344,.4970528633970668,2910,3080,3210,2940,5.765807729259768,21.1,6.166666666666667,1.933333333333333,825869,0
2019-04-24,2019,4,8.176251733658608,2.437452485830458,.2709056496860383,.2709056496860383,3120,2850,3150,2950,12.21832183457567,21.1,6.166666666666667,1.933333333333333,825869,0
2019-04-25,2019,4,.9931326834477334,.7529408258703909,2.154256966975553,5.232388424308078,3370,3260,3450,3210,16.65256775162271,21.1,6.166666666666667,1.933333333333333,825869,0
2019-04-26,2019,4,.5259298126126914,1.341954713916978,2.861783556229802,4.788376856781818,3640,3300,3510,3370,21.61575298921415,21.1,6.166666666666667,1.933333333333333,825869,0
2019-04-27,2019,4,1.101212997723231,1.338228135502781,2.843981228176699,3.483003660968782,3770,3700,3740,3620,16.73387030968941,21.1,6.166666666666667,1.933333333333333,825869,0
2019-04-28,2019,4,1.077913079008205,2.458181468684437,4.125975017942553,4.002330459612939,3780,3740,3780,3750,15.91630764044202,21.1,6.166666666666667,1.933333333333333,825869,0
2019-04-29,2019,4,.2092926836052433,.6278780508157299,2.91833824465381,2.747257853345064,4110,3960,3860,3820,20.46066406142222,21.1,6.166666666666667,1.933333333333333,825869,0
2019-04-30,2019,4,.3578401308448485,2.001282425714696,1.607454629436699,1.187032419333141,4340,4490,4160,4090,22.42249800664091,21.1,6.166666666666667,1.933333333333333,825869,0
2019-05-01,2019,5,.5969788768436307,2.296906210840806,.9489907171856516,1.182001317280461,4790,4520,4240,4290,20.27596518739565,18.45161290322581,5.967741935483871,1.629087684292207,825869,0
2019-05-02,2019,5,1.504783979496004,2.140582458442561,2.800689971386304,2.518639939723914,4970,5130,4540,4350,21.43093225872706,18.45161290322581,5.967741935483871,1.629087684292207,825869,0
2019-05-03,2019,5,8.460466786731153,3.05118057914863,.9972993575602579,.6709088876973978,4950,4910,4480,4420,20.75359473908906,18.45161290322581,5.967741935483871,1.629087684292207,825869,0
2019-05-04,2019,5,4.537956161891016,1.44518423032288,2.333804971650015,4.678882255949761,5270,5030,4560,4420,19.16531420083395,18.45161290322581,5.967741935483871,1.629087684292207,825869,0
2019-05-05,2019,5,1.277033795590011,4.589256140200011,3.047331147741373,3.724380490966548,5350,5560,4810,4600,20.09403189229839,18.45161290322581,5.967741935483871,1.629087684292207,825869,0
2019-05-06,2019,5,.4387549762992092,4.831314369318824,1.98502901944827,3.21767306470493,5030,5510,5020,4690,27.56428008556755,18.45161290322581,5.967741935483871,1.629087684292207,825869,0
2019-05-07,2019,5,.1486912864457795,3.028153158530942,2.415286439453949,2.192251938720147,4750,4770,4730,4640,32.0832128390655,18.45161290322581,5.967741935483871,1.629087684292207,825869,0
2019-05-08,2019,5,2.50661689222059,2.46431291636341,3.781584530781394,4.100895126624478,4730,4680,4680,4490,11.43584888724201,18.45161290322581,5.967741935483871,1.629087684292207,825869,0
2019-05-09,2019,5,1.294623566175604,1.169821211029671,.7205220517104882,1.730191394165254,4670,4580,4700,4460,7.510268065528809,18.45161290322581,5.967741935483871,1.629087684292207,825869,0
2019-05-10,2019,5,3.979781646053915,1.051167799601579,.5300771164372587,.5300771164372587,4800,4590,4700,4380,4.408966223042266,18.45161290322581,5.967741935483871,1.629087684292207,825869,0
2019-05-11,2019,5,.03977408622622045,2.079709965154652,1.735827579997074,1.323847094047336,4940,4660,4790,4400,6.803982039074155,18.45161290322581,5.967741935483871,1.629087684292207,825869,0
2019-05-12,2019,5,1.140103619149937,1.903085943806733,1.427190889878523,2.547041786355107,4940,4690,4820,4480,7.878487892782029,18.45161290322581,5.967741935483871,1.629087684292207,825869,0
2019-05-13,2019,5,2.694215780086708,1.256172193800361,.1350613004053693,.1350613004053693,4940,4700,4780,4480,18.42943942493824,18.45161290322581,5.967741935483871,1.629087684292207,825869,0
2019-05-14,2019,5,.3928603362198488,2.080935593345793,1.56521009774189,1.486486339657611,4910,4680,4830,4590,22.41663630111187,18.45161290322581,5.967741935483871,1.629087684292207,825869,0
2019-05-15,2019,5,.2407423445872317,1.37898203379305,3.388131995010518,8.173503276271131,4880,4600,4760,4620,19.71861740047357,18.45161290322581,5.967741935483871,1.629087684292207,825869,0
2019-05-16,2019,5,.6278780508157299,1.440594999873844,2.42557731266113,5.134622873709696,4510,4660,4760,4590,31.18288397802343,18.45161290322581,5.967741935483871,1.629087684292207,825869,0
2019-05-17,2019,5,.1257986439279537,1.814263724850024,2.837037726067277,.5763222111599784,4630,3720,4490,4450,38.4467233595626,18.45161290322581,5.967741935483871,1.629087684292207,825869,0
2019-05-18,2019,5,7.31119247846706,4.872787069515486,1.615053884693772,1.405761201088529,4760,4400,4560,4460,15.6056958627891,18.45161290322581,5.967741935483871,1.629087684292207,825869,0
2019-05-19,2019,5,.8514525527603947,1.643759537575115,2.575728358489185,5.043079846834718,4890,4330,4580,4520,20.44092392156742,18.45161290322581,5.967741935483871,1.629087684292207,825869,0
2019-05-20,2019,5,1.356972401129692,2.093058696894297,2.656464932930193,6.20879843849189,5220,4740,4670,4500,24.76996204401299,18.45161290322581,5.967741935483871,1.629087684292207,825869,0
2019-05-21,2019,5,2.065150860856587,6.233147538616991,4.671217122553861,2.910126554416509,5360,5040,4840,4610,13.10671185067999,18.45161290322581,5.967741935483871,1.629087684292207,825869,0
2019-05-22,2019,5,.2092926836052433,1.558111412299486,3.558789829982753,4.832818050051561,4980,5110,4870,4590,21.9034072887629,18.45161290322581,5.967741935483871,1.629087684292207,825869,0
2019-05-23,2019,5,1.058912323641053,.649891613647574,2.43942626724571,1.941404919064215,4630,4560,4570,4440,32.26671934807444,18.45161290322581,5.967741935483871,1.629087684292207,825869,0
2019-05-24,2019,5,3.612674981739612,3.781874597882556,4.896351857426071,5.451880250540865,4340,4280,4360,4270,14.6454537358722,18.45161290322581,5.967741935483871,1.629087684292207,825869,0
2019-05-25,2019,5,2.037895049591229,2.285919406730266,2.853602708190247,4.412396468341487,3990,4270,4120,4110,13.97142227779204,18.45161290322581,5.967741935483871,1.629087684292207,825869,0
2019-05-26,2019,5,1.301068954784845,2.076309480419756,3.100473198681452,6.873386566478426,3720,3830,3770,3830,30.64487685370938,18.45161290322581,5.967741935483871,1.629087684292207,825869,0
2019-05-27,2019,5,1.496498446218691,2.277765734294818,7.874672922361606,7.184212792287167,3610,3380,3510,3580,19.45104687863781,18.45161290322581,5.967741935483871,1.629087684292207,825869,0
2019-05-28,2019,5,3.720076249938357,1.861514756865756,3.202706426305334,2.340950045679639,3610,3360,3470,3440,10.41996740048262,18.45161290322581,5.967741935483871,1.629087684292207,825869,0
2019-05-29,2019,5,3.447594177267975,2.91692395809725,3.476224272985647,2.489087874600022,3610,3350,3400,3400,13.85301489021561,18.45161290322581,5.967741935483871,1.629087684292207,825869,0
2019-05-30,2019,5,2.350605933240779,.9994495129901106,1.76195829785251,.9548190076884794,3620,3370,3410,3430,28.64093222451482,18.45161290322581,5.967741935483871,1.629087684292207,825869,0
2019-05-31,2019,5,1.080925886472897,1.090361984623041,4.306892167607354,2.972435953878178,3630,3290,3390,3410,21.38786979919647,18.45161290322581,5.967741935483871,1.629087684292207,825869,0
2019-06-01,2019,6,2.384884167335888,.9275327190440146,1.881615857859201,3.582828919346074,3620,3340,3390,3440,26.37240886656813,19.2,5.8,1.874684994272623,825869,0
2019-06-02,2019,6,.6119965640563448,.06161296608079494,.388003435943655,.1245122880447718,3630,3340,3420,3490,15.37421408681227,19.2,5.8,1.874684994272623,825869,0
2019-06-03,2019,6,.8041214050190214,1.555410769859744,1.883766013289054,2.661292485364168,3700,3420,3470,3530,26.01039755054226,19.2,5.8,1.874684994272623,825869,0
2019-06-04,2019,6,1.752812266803528,1.555542630701608,1.55737947359468,3.141811991529203,4000,3660,3540,3570,27.99697955625648,19.2,5.8,1.874684994272623,825869,0
2019-06-05,2019,6,4.292610349267933,1.40786291317716,1.453043905488681,3.146943848651155,4330,3950,3830,3790,15.79185610536227,19.2,5.8,1.874684994272623,825869,0
2019-06-06,2019,6,5.886571340966554,2.645049195233297,1.294623566175604,.7037728352359464,4880,4060,4080,3960,16.01057980943734,19.2,5.8,1.874684994272623,825869,0
2019-06-07,2019,6,1.745209081377969,1.405721765596111,2.915766161280931,3.100605059523316,5150,4620,4470,4170,22.62116208693712,19.2,5.8,1.874684994272623,825869,0
2019-06-08,2019,6,2.770843908992765,1.518326627187132,2.49458153509346,2.580546903074357,5250,5060,4680,4340,26.45154499213799,19.2,5.8,1.874684994272623,825869,0
2019-06-09,2019,6,2.007097259081887,1.825483097378218,.6524636970204526,1.3665403601217,5350,5040,4710,4430,30.27937203143551,19.2,5.8,1.874684994272623,825869,0
2019-06-10,2019,6,.3260732271575925,.8987837005017681,2.013437334059884,4.334479459164797,5380,5190,4800,4530,17.82753967994679,19.2,5.8,1.874684994272623,825869,0
2019-06-11,2019,6,3.723742703781012,2.693654389234048,4.292610349267933,4.409073650115014,5360,5140,4830,4590,22.20584067567641,19.2,5.8,1.874684994272623,825869,0
2019-06-12,2019,6,.4783654205666963,1.89082264187321,1.502758452964529,2.900431231362949,5490,4980,4840,4590,22.73544223589344,19.2,5.8,1.874684994272623,825869,0
2019-06-13,2019,6,.5560931177114981,1.524828838592913,2.278633464009975,4.48257780285727,5630,5020,4980,4640,40.74963827992689,19.2,5.8,1.874684994272623,825869,0
2019-06-14,2019,6,.4185853672104866,2.434595413036735,3.706649851690287,5.398946196264314,5920,5040,5020,4670,37.26699030062326,19.2,5.8,1.874684994272623,825869,0
2019-06-15,2019,6,2.019731546560127,1.168825550641136,2.668895670789726,3.716460062835722,6060,5430,5230,4710,35.12044124382772,19.2,5.8,1.874684994272623,825869,0
2019-06-16,2019,6,5.300521769549956,1.517101652662461,2.211230281567587,.464634089237164,6070,5480,5300,4840,14.42929881339501,19.2,5.8,1.874684994272623,825869,0
2019-06-17,2019,6,2.395606621369214,3.357711571777985,2.532806137013762,1.460889343067665,6170,5480,5350,4840,24.56732846421513,19.2,5.8,1.874684994272623,825869,0
2019-06-18,2019,6,4.201375557249417,2.030163305098807,4.631868350913654,2.433184428255176,6160,5750,5470,4910,19.04150867809535,19.2,5.8,1.874684994272623,825869,0
2019-06-19,2019,6,5.518568879340557,5.006738757485403,1.130829117587149,1.130511874881881,5900,5460,5390,4940,27.3001475530143,19.2,5.8,1.874684994272623,825869,0
2019-06-20,2019,6,1.403986306165797,1.649887683479088,4.81840830103876,5.17648167618823,5480,5170,5190,4880,36.12220576730845,19.2,5.8,1.874684994272623,825869,0
2019-06-21,2019,6,.6593277117977183,4.181508848072425,4.007538502292047,6.881985412292519,5330,5150,4950,4740,48.24630012160234,19.2,5.8,1.874684994272623,825869,0
2019-06-22,2019,6,2.05419846429364,1.149274308264094,3.902456757894425,3.375139834329279,5300,5050,4810,4670,61.07174054900268,19.2,5.8,1.874684994272623,825869,0
2019-06-23,2019,6,12.42518775278553,3.035563394972977,.4185853672104866,.4185853672104866,5300,4950,4800,4670,12.83190131038335,19.2,5.8,1.874684994272623,825869,0
2019-06-24,2019,6,4.565026591292971,5.189939132715409,1.492515378064253,.8702149861426075,5310,4970,4840,4760,21.09136482721957,19.2,5.8,1.874684994272623,825869,0
2019-06-25,2019,6,3.400562104476567,1.409885137933635,3.191816606106212,3.813147884849944,5320,4930,4900,4810,27.42452185856542,19.2,5.8,1.874684994272623,825869,0
2019-06-26,2019,6,1.510229777548224,1.526793612159362,4.486757414987084,4.46971813141138,5130,4990,4900,4830,42.80924635881984,19.2,5.8,1.874684994272623,825869,0
2019-06-27,2019,6,1.610710208173163,3.059644262345859,3.899647500048439,5.272866493084001,4830,4560,4710,4730,29.07777064825157,19.2,5.8,1.874684994272623,825869,0
2019-06-28,2019,6,2.12464021871815,4.323513453408518,1.332381677244652,.4093295732434279,4750,4180,4460,4560,25.55133658614418,19.2,5.8,1.874684994272623,825869,0
2019-06-29,2019,6,1.194274996392529,.1245122880447718,1.786645327519991,2.297874695625235,4600,4350,4410,4460,19.08000013895589,19.2,5.8,1.874684994272623,825869,0
2019-06-30,2019,6,1.789420960511575,2.045727549152923,2.342822443632135,3.980501697744494,4520,4260,4250,4350,23.13155990878012,19.2,5.8,1.874684994272623,825869,0
2019-07-01,2019,7,4.013554957314931,2.886342026830419,.138243619374304,.4643168465318965,4520,4330,4240,4290,16.5355139616615,18.70967741935484,5.935483870967742,1.258840483316706,825869,0
2019-07-02,2019,7,4.985528869628689,2.234512815220501,1.131480988059796,.8670207269829981,4530,4230,4240,4300,18.85776289353577,18.70967741935484,5.935483870967742,1.258840483316706,825869,0
2019-07-03,2019,7,1.687340861466672,4.326937026704264,3.449717785487207,1.250615236660703,4530,4170,4170,4280,19.09178738355608,18.70967741935484,5.935483870967742,1.258840483316706,825869,0
2019-07-04,2019,7,5.134072386699808,3.437906667057907,2.405721765596111,3.531938407298605,4520,4140,4190,4280,37.60181569599033,18.70967741935484,5.935483870967742,1.258840483316706,825869,0
2019-07-05,2019,7,6.467836727852092,2.730371698348339,1.316086641997559,1.167539194757954,4290,4080,4190,4260,21.35205965528976,18.70967741935484,5.935483870967742,1.258840483316706,825869,0
2019-07-06,2019,7,2.342275886790731,1.533215755332983,.3260732271575925,0,4170,4210,3980,4160,19.07012724688241,18.70967741935484,5.935483870967742,1.258840483316706,825869,0
2019-07-07,2019,7,2.465413890383189,2.239773231409317,1.994233657467512,1.125798643927954,4180,4130,4100,4190,11.99506720211789,18.70967741935484,5.935483870967742,1.258840483316706,825869,0
2019-07-08,2019,7,1.372853887889077,2.535780606762375,4.79254022911934,2.79683546229873,4180,4060,3970,4030,10.48955813944916,18.70967741935484,5.935483870967742,1.258840483316706,825869,0
2019-07-09,2019,7,3.435563897821164,3.270367472299953,1.930338046721515,1.371254219469113,3970,3910,3860,3920,18.35354756880496,18.70967741935484,5.935483870967742,1.258840483316706,825869,0
2019-07-10,2019,7,6.704520385339557,4.092515441827895,.2259049615576033,.2259049615576033,3450,3510,3570,3590,25.57553665420465,18.70967741935484,5.935483870967742,1.258840483316706,825869,0
2019-07-11,2019,7,.745526324083236,.8993341875116574,1.482035176184353,1.15596194902676,2950,2870,2970,2970,26.7913263051895,18.70967741935484,5.935483870967742,1.258840483316706,825869,0
2019-07-12,2019,7,3.139891150235486,2.512704407626831,3.788248297714954,.138243619374304,2630,2450,2520,2600,18.73686375439349,18.70967741935484,5.935483870967742,1.258840483316706,825869,0
2019-07-13,2019,7,1.634138057561567,1.662450282180486,3.464774957927832,5.034162613045535,2510,2070,2170,2220,17.79892252224641,18.70967741935484,5.935483870967742,1.258840483316706,825869,0
2019-07-14,2019,7,3.296773721605457,1.791993672277938,2.268755494256186,2.004295233179388,2520,2140,2150,2160,14.22763141313911,18.70967741935484,5.935483870967742,1.258840483316706,825869,0
2019-07-15,2019,7,2.978959480514556,2.218728781755387,1.596111147128474,.5869922916835971,2530,2280,2170,2180,17.03325362219715,18.70967741935484,5.935483870967742,1.258840483316706,825869,0
2019-07-16,2019,7,.6655396306656064,1.864537485771653,6.009387647095916,4.731666033905592,2390,2310,2120,2120,25.58261267844547,18.70967741935484,5.935483870967742,1.258840483316706,825869,0
2019-07-17,2019,7,2.394247757113201,2.376424304099922,3.272278080622779,3.350199411061102,2310,2100,1950,2050,28.84074490721697,18.70967741935484,5.935483870967742,1.258840483316706,825869,0
2019-07-18,2019,7,2.39123349420573,2.549632848717394,1.351425039252242,.939444553302504,2180,2160,1890,1930,36.4646318065164,18.70967741935484,5.935483870967742,1.258840483316706,825869,0
2019-07-19,2019,7,3.815734834203124,2.529916810935616,4.09820679380854,2.916373471087361,1920,1920,1700,1780,32.74028591660255,18.70967741935484,5.935483870967742,1.258840483316706,825869,0
2019-07-20,2019,7,2.077177210134912,2.202557227894841,2.474620674397197,2.652463697020452,1840,1630,1460,1530,24.47943021113357,18.70967741935484,5.935483870967742,1.258840483316706,825869,0
2019-07-21,2019,7,2.150380359964191,1.178393509633144,.7592576554127682,.199856585455099,1840,1570,1410,1450,20.97891570029952,18.70967741935484,5.935483870967742,1.258840483316706,825869,0
2019-07-22,2019,7,2.047753075684399,1.656124444789305,.3876861932383874,.06289932196397684,1720,1520,1420,1440,18.22936682283393,18.70967741935484,5.935483870967742,1.258840483316706,825869,0
2019-07-23,2019,7,.2407423445872317,.138243619374304,3.234006260483344,3.807267220837409,1620,1350,1250,1310,21.08734740125303,18.70967741935484,5.935483870967742,1.258840483316706,825869,0
2019-07-24,2019,7,.6894910168965248,1.02329598854654,3.665150924620228,1.713786596000086,1620,1400,1200,1220,20.57822503675608,18.70967741935484,5.935483870967742,1.258840483316706,825869,0
2019-07-25,2019,7,1.288073492328605,1.635191169140128,2.18525752441041,2.123961801034882,1510,1680,1280,1250,22.86189542367555,18.70967741935484,5.935483870967742,1.258840483316706,825869,0
2019-07-26,2019,7,.9249729452949403,1.753808555585548,3.239560673941808,1.485968605992255,1450,1190,1560,1610,14.64451939506052,18.70967741935484,5.935483870967742,1.258840483316706,825869,0
2019-07-27,2019,7,1.978427161259969,2.656856383494112,5.08382029023136,6.542052923132016,1460,1320,1430,1480,11.58678010718406,18.70967741935484,5.935483870967742,1.258840483316706,825869,0
2019-07-28,2019,7,4.351624684765228,4.714582589444919,1.401417524567919,1.788786475101039,1460,1280,1320,1310,10.93594193031228,18.70967741935484,5.935483870967742,1.258840483316706,825869,0
2019-07-29,2019,7,1.163693065125697,0,.8369853525575698,.8369853525575698,1570,1200,1180,1220,17.0725089337534,18.70967741935484,5.935483870967742,1.258840483316706,825869,0
2019-07-30,2019,7,2.746258262788043,1.543040832458718,2.109674905015143,1.449479463502268,1630,1370,1340,1270,23.58148313457436,18.70967741935484,5.935483870967742,1.258840483316706,825869,0
2019-07-31,2019,7,1.136825402649258,1.483625836755512,4.393087478117871,4.983202340184236,1500,1340,1330,1330,34.32198280364973,18.70967741935484,5.935483870967742,1.258840483316706,825869,0
2019-08-01,2019,8,.5869922916835971,2.699606161123422,6.546127850024074,7.941879787128777,1290,1110,1130,1160,21.48720977057372,18.41935483870968,5.290322580645161,1.110741602926505,825869,0
2019-08-02,2019,8,2.053145981108565,2.481484689174463,3.660296196582147,1.905752400516792,1230,931,937,980,16.66487641918238,18.41935483870968,5.290322580645161,1.110741602926505,825869,0
2019-08-03,2019,8,2.645410998604782,4.464747782323726,.9072546156424841,.8216064903668557,1080,1030,983,913,13.71310754992333,18.41935483870968,5.290322580645161,1.110741602926505,825869,0
2019-08-04,2019,8,2.193539755912721,3.748098407456114,1.044313262596364,.8414659676003611,1000,762,829,943,11.14488162179043,18.41935483870968,5.290322580645161,1.110741602926505,825869,0
2019-08-05,2019,8,3.130684366221477,6.74315130380408,1.376831878363197,1.167539194757954,1000,842,777,785,17.24697847750396,18.41935483870968,5.290322580645161,1.110741602926505,825869,0
2019-08-06,2019,8,4.820323436258674,2.679926988073003,2.946563951790273,3.956233294245039,1100,873,764,755,26.41429469585893,18.41935483870968,5.290322580645161,1.110741602926505,825869,0
2019-08-07,2019,8,2.649935545920306,4.621154904729132,1.833187666266535,1.119111003165288,1150,1570,1430,1300,17.64108288374748,18.41935483870968,5.290322580645161,1.110741602926505,825869,0
2019-08-08,2019,8,.5985824754320802,3.465193584095857,4.277464731381841,3.586136871592244,1140,997,976,992,27.38512626845546,18.41935483870968,5.290322580645161,1.110741602926505,825869,0
2019-08-09,2019,8,2.335087397364711,2.218253332790823,1.775561698508664,1.153261306587018,1240,982,904,919,21.84589354122326,18.41935483870968,5.290322580645161,1.110741602926505,825869,0
2019-08-10,2019,8,2.930047979620352,2.846738693412981,2.480431577595903,2.474620674397197,1330,1170,989,917,10.93613549502659,18.41935483870968,5.290322580645161,1.110741602926505,825869,0
2019-08-11,2019,8,3.101762856339635,2.363968276748821,2.419135854220376,2.47430343169193,1470,1170,1050,1030,12.82687020833067,18.41935483870968,5.290322580645161,1.110741602926505,825869,0
2019-08-12,2019,8,7.210820663248366,6.005690723587159,.9991322702848431,.7898395866795999,1750,1430,1320,1200,18.68539614634385,18.41935483870968,5.290322580645161,1.110741602926505,825869,0
2019-08-13,2019,8,4.2715568917652,2.809795371937555,1.180406726540815,.5282602722256299,1870,1580,1540,1470,20.24971855543612,18.41935483870968,5.290322580645161,1.110741602926505,825869,0
2019-08-14,2019,8,.6012741100230187,1.469344018416091,2.001515670019318,1.404118167007661,1770,1560,1540,1530,22.20397750165408,18.41935483870968,5.290322580645161,1.110741602926505,825869,0
2019-08-15,2019,8,.2407423445872317,.5500935308743883,7.766375603573777,4.97199915995485,1580,1470,1520,1510,24.06118272597197,18.41935483870968,5.290322580645161,1.110741602926505,825869,0
2019-08-16,2019,8,3.085640893332141,1.388999724725675,5.715278392190299,3.808297086980349,1430,1270,1260,1310,35.11193734346873,18.41935483870968,5.290322580645161,1.110741602926505,825869,0
2019-08-17,2019,8,.8290209921540106,2.900515229763596,3.622529706057782,2.194825483402419,1380,1140,1100,1130,20.69341936902411,18.41935483870968,5.290322580645161,1.110741602926505,825869,0
2019-08-18,2019,8,3.822703534218148,2.621331278743732,1.55038359797555,2.202847294996003,1270,1130,1060,1070,22.56259025143696,18.41935483870968,5.290322580645161,1.110741602926505,825869,0
2019-08-19,2019,8,3.040700377268729,3.932254957846746,3.745944950251261,3.184521655537116,1160,967,931,984,34.30857652786896,18.41935483870968,5.290322580645161,1.110741602926505,825869,0
2019-08-20,2019,8,.06161296608079494,.8748804021487988,3.491052648166472,5.214481411017217,1040,943,843,838,31.71776659377291,18.41935483870968,5.290322580645161,1.110741602926505,825869,0
2019-08-21,2019,8,1.378567337793511,2.591401217949546,2.97972189659847,1.97070442461635,975,830,691,737,22.63805114120088,18.41935483870968,5.290322580645161,1.110741602926505,825869,0
2019-08-22,2019,8,1.898915561343632,2.823861331034466,3.392307676971846,4.642617980551086,864,808,636,620,20.77468769610788,18.41935483870968,5.290322580645161,1.110741602926505,825869,0
2019-08-23,2019,8,3.544299384344309,3.59900047320662,2.058361836631163,1.018445190676945,810,711,568,576,26.548249004209,18.41935483870968,5.290322580645161,1.110741602926505,825869,0
2019-08-24,2019,8,2.143085409395095,1.608688611810174,4.416676835540573,3.166917018971223,807,703,528,507,29.03204169025398,18.41935483870968,5.290322580645161,1.110741602926505,825869,0
2019-08-25,2019,8,1.118931327375687,3.964383036512002,3.486775582742386,5.164661549910126,805,733,518,480,27.4049756938687,18.41935483870968,5.290322580645161,1.110741602926505,825869,0
2019-08-26,2019,8,1.854470437905404,1.58067546214122,3.677595900066578,3.259746401729384,805,712,519,468,37.46900615392123,18.41935483870968,5.290322580645161,1.110741602926505,825869,0
2019-08-27,2019,8,3.726763890701023,.8118531495114439,1.638415122985653,1.847707806590896,830,706,504,444,39.07035395492656,18.41935483870968,5.290322580645161,1.110741602926505,825869,0
2019-08-28,2019,8,2.247609661139498,1.644728650753029,5.457589770276812,6.016990840234482,852,689,512,437,29.24365624017749,18.41935483870968,5.290322580645161,1.110741602926505,825869,0
2019-08-29,2019,8,3.134812185741586,.9009377861001068,3.023238537356514,3.755006354506112,848,677,476,395,30.35613898173315,18.41935483870968,5.290322580645161,1.110741602926505,825869,0
2019-08-30,2019,8,2.970383251742597,2.178160265328522,2.915003116803533,3.15532683522274,879,683,499,405,23.03473903091872,18.41935483870968,5.290322580645161,1.110741602926505,825869,0
2019-08-31,2019,8,.138243619374304,.6039747524627607,3.773129855432967,2.700895818781604,900,700,555,429,19.77991841761078,18.41935483870968,5.290322580645161,1.110741602926505,825869,0
2019-09-01,2019,9,1.754346104578147,1.674578643315054,3.066885691893416,2.291513305416641,901,686,549,452,17.20511973680709,20.53333333333333,5.133333333333334,1.453837342497136,825869,0
2019-09-02,2019,9,1.013859890396396,3.416676835540574,2.672754110045787,.3578401308448485,901,694,553,477,20.80345996008575,20.53333333333333,5.133333333333334,1.453837342497136,825869,0
2019-09-03,2019,9,2.216707185392398,1.507604173153806,1.269072736961453,1.330685703042248,900,684,548,505,26.11829853418071,20.53333333333333,5.133333333333334,1.453837342497136,825869,0
2019-09-04,2019,9,1.10917735812679,1.05217686793065,1.518198068120269,1.376963739205061,869,679,543,508,28.35517265121189,20.53333333333333,5.133333333333334,1.453837342497136,825869,0
2019-09-05,2019,9,.2092926836052433,1.620274865390171,7.939307075362412,5.224869237283165,853,659,530,511,34.91900982303962,20.53333333333333,5.133333333333334,1.453837342497136,825869,0
2019-09-06,2019,9,1.309219325445292,1.397254780623881,2.526453124018475,1.2837731814689,832,637,513,502,37.66161901704712,20.53333333333333,5.133333333333334,1.453837342497136,825869,0
2019-09-07,2019,9,1.208239572026683,1.240191857577342,1.395968424740699,4.06680169349277,820,615,484,479,26.90878725841179,20.53333333333333,5.133333333333334,1.453837342497136,825869,0
2019-09-08,2019,9,2.403250437292505,1.571974604470883,4.267160903516539,6.169067174401075,823,613,493,476,15.32431923515334,20.53333333333333,5.133333333333334,1.453837342497136,825869,0
2019-09-09,2019,9,.3263904698628601,1.705791129823935,6.247231665469204,3.222940016534129,787,597,491,481,24.18177582179566,20.53333333333333,5.133333333333334,1.453837342497136,825869,0
2019-09-10,2019,9,1.07502705470506,2.21560621137262,3.482348488721134,5.41754126348073,772,541,459,456,21.48433275411938,20.53333333333333,5.133333333333334,1.453837342497136,825869,0
2019-09-11,2019,9,2.540207700783627,2.193407266677372,8.359496041161348,4.16283827342783,726,529,505,475,13.93413846817572,20.53333333333333,5.133333333333334,1.453837342497136,825869,0
2019-09-12,2019,9,10.31430211083254,2.101709916218099,.7446585943680791,.4185853672104866,692,466,417,423,19.70434281407763,20.53333333333333,5.133333333333334,1.453837342497136,825869,0
2019-09-13,2019,9,1.08693448115881,.9542685206785899,2.391122704551422,2.212310568750252,692,467,390,360,26.57320090307205,20.53333333333333,5.133333333333334,1.453837342497136,825869,0
2019-09-14,2019,9,1.373404374898966,1.571842743629019,1.675759685566993,1.884316500298943,691,549,406,347,17.56852851869721,20.53333333333333,5.133333333333334,1.453837342497136,825869,0
2019-09-15,2019,9,5.210811655399561,1.585159378959012,.7202048090052205,1.372351263320406,694,533,640,552,10.15161707750084,20.53333333333333,5.133333333333334,1.453837342497136,825869,0
2019-09-16,2019,9,1.909638015376959,3.05666586242876,3.035322337824865,3.331232259883651,668,535,494,492,15.30434465374659,20.53333333333333,5.133333333333334,1.453837342497136,825869,0
2019-09-17,2019,9,.6730590431272505,1.965974325476647,4.780540427051636,5.557115171010948,632,558,532,523,14.09842935503838,20.53333333333333,5.133333333333334,1.453837342497136,825869,0
2019-09-18,2019,9,2.814232619077432,3.474933986933979,4.629481649404179,4.210028552478535,631,511,422,387,18.04185634844424,20.53333333333333,5.133333333333334,1.453837342497136,825869,0
2019-09-19,2019,9,1.548489932285939,4.696785339072134,4.91092437126014,5.018686814436885,628,501,414,376,19.16995884299285,20.53333333333333,5.133333333333334,1.453837342497136,825869,0
2019-09-20,2019,9,.5089473518335279,2.185253594241924,5.530358054145774,7.736139235886141,627,515,417,362,17.46807715436471,20.53333333333333,5.133333333333334,1.453837342497136,825869,0
2019-09-21,2019,9,.7359583650912273,2.203711094542673,4.204680207720587,4.685195783717137,582,506,408,358,22.0679899179527,20.53333333333333,5.133333333333334,1.453837342497136,825869,0
2019-09-22,2019,9,.7764254980553351,2.652882323188477,3.272553180547219,2.577119399610125,556,460,351,308,17.24604042036315,20.53333333333333,5.133333333333334,1.453837342497136,825869,0
2019-09-23,2019,9,7.971148969601511,4.241344576713344,1.925523432304829,1.211446769203582,555,442,322,258,24.21270857312868,20.53333333333333,5.133333333333334,1.453837342497136,825869,0
2019-09-24,2019,9,3.08693448115881,3.301932754331515,3.699710846361181,1.465285959709811,557,453,314,230,14.58595867193683,20.53333333333333,5.133333333333334,1.453837342497136,825869,0
2019-09-25,2019,9,2.343237768025158,4.563647859795835,5.307415479013136,3.850367818532907,556,440,310,239,24.44824611278814,20.53333333333333,5.133333333333334,1.453837342497136,825869,0
2019-09-26,2019,9,1.17226206195417,2.284761609913948,6.753499692335599,3.841924078996296,555,426,305,230,22.477806619149,20.53333333333333,5.133333333333334,1.453837342497136,825869,0
2019-09-27,2019,9,0,1.88363415244719,6.065723964908609,5.833347850224337,556,416,305,219,26.28343777203217,20.53333333333333,5.133333333333334,1.453837342497136,825869,0
2019-09-28,2019,9,.4185853672104866,1.465048785236703,4.343497559540401,8.726688271755696,555,411,305,216,14.78227913852146,20.53333333333333,5.133333333333334,1.453837342497136,825869,0
2019-09-29,2019,9,1.465048785236703,2.154539802133228,3.283158011325498,6.193997755791508,556,413,324,238,15.10806229857789,20.53333333333333,5.133333333333334,1.453837342497136,825869,0
2019-09-30,2019,9,.9603966665825631,2.48061302929082,3.231848873110004,6.727961689621587,555,423,320,241,28.12088852173404,20.53333333333333,5.133333333333334,1.453837342497136,825869,0
2019-10-01,2019,10,.4185853672104866,2.573125169343714,3.385842118401829,5.263845090933396,557,435,320,245,22.05771441320334,19.35483870967742,5.290322580645161,1.67741935483871,825869,0
2019-10-02,2019,10,2.496313064355288,3.422342423003789,.7529408258703909,1.343474314104781,548,433,319,239,28.19533676407126,19.35483870967742,5.290322580645161,1.67741935483871,825869,0
2019-10-03,2019,10,5.81338050076108,2.063449808973866,.4164352117806338,.4164352117806338,548,437,313,237,25.02879893801766,19.35483870967742,5.290322580645161,1.67741935483871,825869,0
2019-10-04,2019,10,2.40283181112448,2.365355387701276,.9749957276272522,.8886117334783312,560,591,503,323,10.54768625731081,19.35483870967742,5.290322580645161,1.67741935483871,825869,0
2019-10-05,2019,10,.8371707344209732,1.8285984358175,4.739755422988777,5.933210552107367,565,497,491,536,12.80529736959064,19.35483870967742,5.290322580645161,1.67741935483871,825869,0
2019-10-06,2019,10,2.760861254001218,2.021273763790065,3.797684395865099,1.840610547509008,565,440,374,394,17.52718328681796,19.35483870967742,5.290322580645161,1.67741935483871,825869,0
2019-10-07,2019,10,2.683362870992551,2.810566793628261,1.030581931266832,1.092512140052894,709,395,303,341,27.50009310984983,19.35483870967742,5.290322580645161,1.67741935483871,825869,0
2019-10-08,2019,10,.2092926836052433,1.108076384107012,4.007225189755265,5.164155623566454,851,559,432,361,33.57902596315488,19.35483870967742,5.290322580645161,1.67741935483871,825869,0
2019-10-09,2019,10,1.046463418026216,1.619724378380281,5.541735680426748,5.548414313340611,851,608,562,541,30.97136001585141,19.35483870967742,5.290322580645161,1.67741935483871,825869,0
2019-10-10,2019,10,7.034145744859759,1.051806685103847,2.893439285912307,1.845874893866311,849,625,591,578,38.62803746739236,19.35483870967742,5.290322580645161,1.67741935483871,825869,0
2019-10-11,2019,10,7.400777963719076,2.389047539673411,1.458735257469327,1.99441841093743,849,631,578,548,18.38446491053237,19.35483870967742,5.290322580645161,1.67741935483871,825869,0
2019-10-12,2019,10,.8564836548130753,1.30148758095287,2.785993457047343,3.888390798797513,851,641,600,560,22.34785621682432,19.35483870967742,5.290322580645161,1.67741935483871,825869,0
2019-10-13,2019,10,1.89063002806632,3.332514685598347,6.459928609345069,5.714635529566455,854,647,603,566,28.02062708353873,19.35483870967742,5.290322580645161,1.67741935483871,825869,0
2019-10-14,2019,10,1.867884526529669,1.867884526529669,7.155251216277412,3.709045561048566,854,654,608,585,36.03473436881639,19.35483870967742,5.290322580645161,1.67741935483871,825869,0
2019-10-15,2019,10,5.851363478921441,5.009206155620523,.3612676343090795,.6257278953858771,857,655,596,586,22.3195601822622,19.35483870967742,5.290322580645161,1.67741935483871,825869,0
2019-10-16,2019,10,1.740125039203752,2.956598980291528,3.464546160668032,2.929497492610464,858,662,601,592,34.71902968993229,19.35483870967742,5.290322580645161,1.67741935483871,825869,0
2019-10-17,2019,10,1.046463418026216,1.588274717398293,3.036520765138915,5.025176135318858,859,673,609,613,31.14479186758049,19.35483870967742,5.290322580645161,1.67741935483871,825869,0
2019-10-18,2019,10,3.984978382618799,1.061612966080795,3.349244586805755,3.822028418309881,859,690,629,624,47.59465482001135,19.35483870967742,5.290322580645161,1.67741935483871,825869,0
2019-10-19,2019,10,2.2959059918903,2.721804477425184,3.411110112458305,4.035797834282912,859,706,642,638,20.28946468550724,19.35483870967742,5.290322580645161,1.67741935483871,825869,0
2019-10-20,2019,10,7.647010038631261,.7404339024537009,1.557507404268058,2.52991618254213,859,708,645,640,38.38736686131747,19.35483870967742,5.290322580645161,1.67741935483871,825869,0
2019-10-21,2019,10,5.966638505573098,1.639776469420677,.4801983332912815,.2092926836052433,860,720,669,645,39.39517622798453,19.35483870967742,5.290322580645161,1.67741935483871,825869,0
2019-10-22,2019,10,4.554714386214362,4.833975846867879,.8514525527603947,.8514525527603947,860,714,661,659,23.3500826846405,19.35483870967742,5.290322580645161,1.67741935483871,825869,0
2019-10-23,2019,10,2.942924519252018,6.11311916739001,1.764518071601585,1.493612421915546,861,674,625,622,22.18621031186426,19.35483870967742,5.290322580645161,1.67741935483871,825869,0
2019-10-24,2019,10,2.076313410588241,3.940540491124058,.3712542194691132,.04518099231152066,864,708,648,617,21.26341826187472,19.35483870967742,5.290322580645161,1.67741935483871,825869,0
2019-10-25,2019,10,4.017532947789053,5.045189371766838,2.302038067962759,2.628111295120351,864,715,643,610,22.17718544383479,19.35483870967742,5.290322580645161,1.67741935483871,825869,0
2019-10-26,2019,10,.06289932196397684,2.284761609913948,5.951387574055762,9.391046457212608,864,729,644,624,26.45829348818788,19.35483870967742,5.290322580645161,1.67741935483871,825869,0
2019-10-27,2019,10,1.046463418026216,1.25575610163146,4.129556216597592,3.397788399447994,863,746,656,646,34.75376880786119,19.35483870967742,5.290322580645161,1.67741935483871,825869,0
2019-10-28,2019,10,6.028876949215625,2.366403421599518,.135542976934562,.4616162040921544,877,769,689,680,29.04778010025466,19.35483870967742,5.290322580645161,1.67741935483871,825869,0
2019-10-29,2019,10,1.083622598744153,2.581093459915759,4.469585642176031,4.414418064704477,888,779,680,682,27.31422865819654,19.35483870967742,5.290322580645161,1.67741935483871,825869,0
2019-10-30,2019,10,6.475373299939115,2.027960209547417,1.373404374898966,.7209406778785133,896,770,689,687,19.16936892049054,19.35483870967742,5.290322580645161,1.67741935483871,825869,0
2019-10-31,2019,10,2.575097174853651,3.606313591531018,2.494898777798728,1.571846673797505,905,777,710,715,24.24934774197382,19.35483870967742,5.290322580645161,1.67741935483871,825869,0
2019-11-01,2019,11,.357104890365041,2.175817496091779,7.047673526570585,5.65636213838076,904,780,704,713,38.99577412947072,20.66666666666667,5.833333333333333,1.759908361970218,825869,0
2019-11-02,2019,11,1.843491494131836,1.172570296810634,4.102859900190927,2.37353623574083,902,788,721,720,30.44250442677794,20.66666666666667,5.833333333333333,1.759908361970218,825869,0
2019-11-03,2019,11,.1696932803562924,2.164240250360586,7.553325235781746,4.73449500679996,904,796,756,722,35.14100412164714,20.66666666666667,5.833333333333333,1.759908361970218,825869,0
2019-11-04,2019,11,2.032965331001306,1.278030084372032,4.286155952809888,2.919932835393455,902,807,772,749,38.00046537177601,20.66666666666667,5.833333333333333,1.759908361970218,825869,0
2019-11-05,2019,11,3.26522267716071,3.538171238440336,2.4939335947893,1.841469897768847,874,817,760,743,30.77847532936048,20.66666666666667,5.833333333333333,1.759908361970218,825869,0
2019-11-06,2019,11,2.778896197965456,1.123961801034882,1.745843566788504,2.071916793946096,944,839,768,726,22.97964445201233,20.66666666666667,5.833333333333333,1.759908361970218,825869,0
2019-11-07,2019,11,3.978480101381505,2.435439268922786,.3712542194691132,.04518099231152066,895,811,779,805,19.04842893476916,20.66666666666667,5.833333333333333,1.759908361970218,825869,0
2019-11-08,2019,11,3.27899856915646,5.463140253566789,2.603653579589007,2.776654812191471,895,808,752,767,24.76615340762197,20.66666666666667,5.833333333333333,1.759908361970218,825869,0
2019-11-09,2019,11,1.473462877580879,3.274892019615477,2.816808632618796,1.832143562536779,896,811,756,788,21.5993909283164,20.66666666666667,5.833333333333333,1.759908361970218,825869,0
2019-11-10,2019,11,1.829884791700682,2.150798986132215,3.780729110690041,3.606776149971775,977,808,771,816,19.82684711495274,20.66666666666667,5.833333333333333,1.759908361970218,825869,0
2019-11-11,2019,11,3.328121999124687,3.656450066949891,.5875427786934864,.199856585455099,1160,986,913,883,26.61574551928119,20.66666666666667,5.833333333333333,1.759908361970218,825869,0
2019-11-12,2019,11,2.646970036527015,1.098640285956867,2.013731331329532,2.045180992311521,1160,1050,1040,1030,25.08115201361703,20.66666666666667,5.833333333333333,1.759908361970218,825869,0
2019-11-13,2019,11,1.112067312598422,2.366537058346699,4.622340394025891,4.641216520494667,1160,1040,1090,1060,29.15389663749624,20.66666666666667,5.833333333333333,1.759908361970218,825869,0
2019-11-14,2019,11,2.102080099044902,2.618313393598722,3.873055868879532,4.162520402329077,1160,1040,1070,1110,39.64228341558921,20.66666666666667,5.833333333333333,1.759908361970218,825869,0
2019-11-15,2019,11,.4185853672104866,.9294974926104639,2.777002532275845,4.735045493809849,1300,1030,1070,1090,40.92799497771365,20.66666666666667,5.833333333333333,1.759908361970218,825869,0
2019-11-16,2019,11,1.232170045983758,1.441881355757026,5.043268530473121,4.453052284943999,1520,1270,1270,1210,40.81619316270427,20.66666666666667,5.833333333333333,1.759908361970218,825869,0
2019-11-17,2019,11,2.674706573988432,3.056480480565357,1.473017075808748,1.146943848651155,1510,1280,1380,1330,25.56764219238445,20.66666666666667,5.833333333333333,1.759908361970218,825869,0
2019-11-18,2019,11,8.907813482107692,3.199715716764431,2.34108698420182,1.534815423752946,1320,1220,1360,1320,35.41535006402286,20.66666666666667,5.833333333333333,1.759908361970218,825869,0
2019-11-19,2019,11,1.26275197725059,1.853602708190248,5.673199283424433,4.33061008409692,1510,1220,1260,1220,35.14738029306786,20.66666666666667,5.833333333333333,1.759908361970218,825869,0
2019-11-20,2019,11,.4185853672104866,1.526661751317498,3.143631966236498,4.09834959046222,1620,1390,1560,1490,10.45657609419067,20.66666666666667,5.833333333333333,1.759908361970218,825869,0
2019-11-21,2019,11,2.232376570421615,1.939444553302504,1.682504300583455,2.251129875055793,1720,1930,1920,1740,7.034330553658674,20.66666666666667,5.833333333333333,1.759908361970218,825869,0
2019-11-22,2019,11,1.355642943628647,1.65032922673682,2.031935652725867,3.012942926970922,1720,1710,1730,1740,14.6713778143276,20.66666666666667,5.833333333333333,1.759908361970218,825869,0
2019-11-23,2019,11,3.748630703823439,1.409768650688223,0,.07792133043832235,1720,1730,1700,1690,14.48357751116743,20.66666666666667,5.833333333333333,1.759908361970218,825869,0
2019-11-24,2019,11,6.516232146679618,1.622350067708937,1.86371307140349,1.863311857580512,1720,1660,1720,1740,15.54111869495745,20.66666666666667,5.833333333333333,1.759908361970218,825869,0
2019-11-25,2019,11,1.315868857402427,.2129826308436916,3.020943153173487,2.764002900454438,1860,1650,1670,1680,27.5421979572755,20.66666666666667,5.833333333333333,1.759908361970218,825869,0
2019-11-26,2019,11,.1988704311311022,5.736708352650159,2.417345673510155,2.985168820336537,1940,1870,1860,1780,45.60713131355931,20.66666666666667,5.833333333333333,1.759908361970218,825869,0
2019-11-27,2019,11,6.258856311410323,4.232905208219537,1.334460369334393,.9220786695616776,1930,1930,1870,1840,24.96722098817237,20.66666666666667,5.833333333333333,1.759908361970218,825869,0
2019-11-28,2019,11,11.56626737333773,1.453704283005926,0,0,1940,1950,1930,1950,8.626991172630527,20.66666666666667,5.833333333333333,1.759908361970218,825869,0
2019-11-29,2019,11,1.663511574828509,2.589773780039324,1.155842660876645,2.136448721298721,1800,2190,2140,2110,10.6622515779101,20.66666666666667,5.833333333333333,1.759908361970218,825869,0
2019-11-30,2019,11,2.751059973483515,4.082033797561989,1.736630007643031,2.304854368292391,1600,1550,1700,1920,6.540612046717185,20.66666666666667,5.833333333333333,1.759908361970218,825869,0
2019-12-01,2019,12,6.499105684059558,5.156772512497545,2.035132981304631,2.291270806377724,1450,1360,1440,1620,16.05857646982821,20.7741935483871,5.838709677419355,2.32258064516129,825869,0
2019-12-02,2019,12,2.904874578523063,3.908255686526244,1.511084390682313,1.885318846242928,1270,1270,1320,1490,30.24122173767397,20.7741935483871,5.838709677419355,2.32258064516129,825869,0
2019-12-03,2019,12,2.614667607634267,3.355804736330859,1.862910643757534,3.255898403952326,1060,1090,1130,1310,42.80857869463547,20.7741935483871,5.838709677419355,2.32258064516129,825869,0
2019-12-04,2019,12,2.075893274601226,1.883692004228809,2.452718792524126,1.96201454849011,960,916,905,1130,24.61804725559687,20.7741935483871,5.838709677419355,2.32258064516129,825869,0
2019-12-05,2019,12,2.038147244212102,3.318883120309898,2.764207952847936,2.764207952847936,961,923,838,1010,29.59642775747705,20.7741935483871,5.838709677419355,2.32258064516129,825869,0
2019-12-06,2019,12,4.868882814123001,4.984550174950447,1.707469196703868,.05713996996704691,1120,1000,824,981,34.96345409033989,20.7741935483871,5.838709677419355,2.32258064516129,825869,0
2019-12-07,2019,12,.6233706435065788,3.005570956542489,4.082724228062123,2.649159953995154,1170,1210,1030,1110,28.872910373511,20.7741935483871,5.838709677419355,2.32258064516129,825869,0
2019-12-08,2019,12,0,0,.8803108962256284,4.336009582929957,1180,1220,1060,1180,11.72459565932393,20.7741935483871,5.838709677419355,2.32258064516129,825869,0
2019-12-09,2019,12,3.587217086404306,5.260884367247421,.661722940112179,.3272625707777855,1170,1220,1050,1160,17.97297572413928,20.7741935483871,5.838709677419355,2.32258064516129,825869,0
2019-12-10,2019,12,2.275693557353228,1.728651770998121,1.798572875233879,2.88027652749836,1170,1220,1040,1160,24.41284741655718,20.7741935483871,5.838709677419355,2.32258064516129,825869,0
2019-12-11,2019,12,.1972435891169837,1.075526429505515,5.220342222102511,7.088260815877344,1040,1220,1040,1190,27.3025232537325,20.7741935483871,5.838709677419355,2.32258064516129,825869,0
2019-12-12,2019,12,.6269911726305262,1.119723472501639,1.941233188018834,4.159385561582037,793,917,877,1100,31.85588206599112,20.7741935483871,5.838709677419355,2.32258064516129,825869,0
2019-12-13,2019,12,4.219356015032138,.5592379273764221,1.470909090633115,3.789356628392766,817,786,672,889,45.28346555193564,20.7741935483871,5.838709677419355,2.32258064516129,825869,0
2019-12-14,2019,12,0,0,2.231574142775659,4.626717382782491,860,857,709,870,26.73913410440576,20.7741935483871,5.838709677419355,2.32258064516129,825869,0
2019-12-15,2019,12,.03977408622622045,.3530862499936284,1.836558326743769,2.365008601166909,861,846,726,901,9.598738223754605,20.7741935483871,5.838709677419355,2.32258064516129,825869,0
2019-12-16,2019,12,6.362439528362276,4.653287134194818,.4699228835627412,.05713996996704691,861,834,724,900,21.68102919750197,20.7741935483871,5.838709677419355,2.32258064516129,825869,0
2019-12-17,2019,12,15.40127720307451,1.809347226634574,.03977408622622045,.03977408622622045,866,832,727,908,14.55629473015897,20.7741935483871,5.838709677419355,2.32258064516129,825869,0
2019-12-18,2019,12,2.823537771354292,.3894448594893998,4.203215759482451,4.125294429044128,867,819,755,929,31.18590477115051,20.7741935483871,5.838709677419355,2.32258064516129,825869,0
2019-12-19,2019,12,.5454493130682565,4.910283742363341,5.260918735974688,5.107104130935141,559,802,728,915,40.28283353758433,20.7741935483871,5.838709677419355,2.32258064516129,825869,0
2019-12-20,2019,12,8.53904156298799,2.704454933796396,0,.412381699772716,337,492,453,730,28.7653970328472,20.7741935483871,5.838709677419355,2.32258064516129,825869,0
2019-12-21,2019,12,4.597005947323201,3.729637978068494,.1350613004053693,.9598246999508012,337,450,282,443,30.19862954996975,20.7741935483871,5.838709677419355,2.32258064516129,825869,0
2019-12-22,2019,12,4.768587649926552,3.908255686526244,5.461543433094853,3.165068515270349,337,441,261,387,38.52489353450756,20.7741935483871,5.838709677419355,2.32258064516129,825869,0
2019-12-23,2019,12,.8417624381905482,5.695273055682551,3.340432539699861,1.278122827013303,368,432,259,363,53.40714686224604,20.7741935483871,5.838709677419355,2.32258064516129,825869,0
2019-12-24,2019,12,3.62032201187184,2.230348514584518,1.39160033930144,1.960225913773779,403,468,268,339,32.31815686387736,20.7741935483871,5.838709677419355,2.32258064516129,825869,0
2019-12-25,2019,12,1.806171887613465,0,2.117695416664543,1.408599377946557,405,506,325,356,8.268094544973641,20.7741935483871,5.838709677419355,2.32258064516129,825869,0
2019-12-26,2019,12,4.100858170721638,1.662124153935157,1.864938699594631,1.82516461336841,406,491,321,383,13.80024879621581,20.7741935483871,5.838709677419355,2.32258064516129,825869,0
2019-12-27,2019,12,3.529218333341829,1.486887553480589,1.214771265560022,2.296876131647482,543,494,305,357,11.84848067791705,20.7741935483871,5.838709677419355,2.32258064516129,825869,0
2019-12-28,2019,12,.904712785820851,2.965796870316268,2.760425631021777,2.246946339406656,630,650,420,421,5.918423771710462,20.7741935483871,5.838709677419355,2.32258064516129,825869,0
2019-12-29,2019,12,15.93666386821129,1.199939369307985,.05713996996704691,.05713996996704691,628,665,492,523,7.410754857758597,20.7741935483871,5.838709677419355,2.32258064516129,825869,0
2019-12-30,2019,12,8.755405301834864,2.875473629874559,.1142799399340938,.1142799399340938,754,663,480,538,12.80448868731442,20.7741935483871,5.838709677419355,2.32258064516129,825869,0
2019-12-31,2019,12,11.21767281756855,.3999797897693285,.05713996996704691,.09691405619326736,743,801,587,571,15.85395129989475,20.7741935483871,5.838709677419355,2.32258064516129,825869,0
2020-01-01,2020,1,.7764040938692512,.05713996996704691,0,0,675,717,544,616,9.418654749396378,22.06451612903226,5.67741935483871,3,826138,0
2020-01-02,2020,1,8.645631766365758,.5921810601417445,.412381699772716,.412381699772716,618,741,522,590,11.17611009379054,22.06451612903226,5.67741935483871,3,826138,0
2020-01-03,2020,1,5.137251148944677,2.349213203990727,0,0,550,705,484,568,12.48056324825996,22.06451612903226,5.67741935483871,3,826138,0
2020-01-04,2020,1,5.500916305498095,2.51188681832827,1.354840515982691,.1176954166645428,528,647,431,543,22.46311973610057,22.06451612903226,5.67741935483871,3,826138,0
2020-01-05,2020,1,.9196837686288706,2.945049878572262,3.000986207070373,5.514226077564728,527,648,424,503,21.00934948725713,22.06451612903226,5.67741935483871,3,826138,0
2020-01-06,2020,1,6.804706838301557,.3999797897693285,.07792133043832235,0,527,634,412,506,18.68766676398586,22.06451612903226,5.67741935483871,3,826138,0
2020-01-07,2020,1,5.573886041368592,5.147406854959283,1.899269253253306,1.486887553480589,528,640,418,507,38.36729004207786,22.06451612903226,5.67741935483871,3,826138,0
2020-01-08,2020,1,.3306780475082344,.8019883519643276,5.793151332223987,3.887085494237052,580,643,412,462,43.32739885601786,22.06451612903226,5.67741935483871,3,826138,0
2020-01-09,2020,1,.6049841839681104,.05713996996704691,2.507463861558366,3.62854038622609,616,716,463,454,38.97294717185309,22.06451612903226,5.67741935483871,3,826138,0
2020-01-10,2020,1,12.04782410798517,2.222130140230267,.05713996996704691,.05713996996704691,591,712,481,510,29.5025836058876,22.06451612903226,5.67741935483871,3,826138,0
2020-01-11,2020,1,0,.03977408622622045,3.961647703394399,5.789792210943012,577,680,457,512,21.86349868182899,22.06451612903226,5.67741935483871,3,826138,0
2020-01-12,2020,1,.03977408622622045,.3116853217532894,3.747038230536589,6.417747603921707,576,660,456,490,24.31243515252696,22.06451612903226,5.67741935483871,3,826138,0
2020-01-13,2020,1,.05713996996704691,.8019883519643276,1.193588691265768,5.436705960949383,576,629,466,489,33.45634818291322,22.06451612903226,5.67741935483871,3,826138,0
2020-01-14,2020,1,.05713996996704691,.2337639913149671,3.569577412815445,6.730188602588621,578,655,466,489,40.70296437702236,22.06451612903226,5.67741935483871,3,826138,0
2020-01-15,2020,1,3.25372093741808,5.397171295843929,2.412381699772716,2.03977408622622,577,666,487,487,40.84862934232674,22.06451612903226,5.67741935483871,3,826138,0
2020-01-16,2020,1,12.21347690274979,2.299650256845612,.4699228835627412,.05713996996704691,576,681,500,478,24.92007770313474,22.06451612903226,5.67741935483871,3,826138,0
2020-01-17,2020,1,1.544428737270614,1.52666163970681,4.122040745015892,4.456501114350285,579,690,515,480,19.81387633441034,22.06451612903226,5.67741935483871,3,826138,0
2020-01-18,2020,1,7.097477062718457,2.425930892960115,.5478442140010635,1.78539052714219,578,692,492,460,11.08899727768578,22.06451612903226,5.67741935483871,3,826138,0
2020-01-19,2020,1,12.20543270026737,.9713794894397976,0,0,578,694,476,440,9.350979849149402,22.06451612903226,5.67741935483871,3,826138,0
2020-01-20,2020,1,7.403557059201989,5.259496946354068,.2285598798681877,.2285598798681877,577,703,466,433,26.1851675927535,22.06451612903226,5.67741935483871,3,826138,0
2020-01-21,2020,1,1.385789961638185,2.159223768879825,3.688877684771901,3.019555732280135,455,713,463,443,22.82282839895601,22.06451612903226,5.67741935483871,3,826138,0
2020-01-22,2020,1,10.08799940803437,.6285396696375161,.07792133043832235,.07792133043832235,437,446,366,404,13.42184041255865,22.06451612903226,5.67741935483871,3,826138,0
2020-01-23,2020,1,6.215299903357944,1.303065733576061,.8251646133684102,.8251646133684102,704,551,379,325,17.12226122140306,22.06451612903226,5.67741935483871,3,826138,0
2020-01-24,2020,1,7.873262511201619,2.410754857758597,.8251646133684102,.8251646133684102,638,641,589,540,22.17971445263336,22.06451612903226,5.67741935483871,3,826138,0
2020-01-25,2020,1,6.903008315388177,.3999797897693285,0,0,583,588,566,586,12.95187355271605,22.06451612903226,5.67741935483871,3,826138,0
2020-01-26,2020,1,1.906373996562237,2.296474917824504,4.692843786022477,2.475092626282252,584,578,525,559,16.32505655195735,22.06451612903226,5.67741935483871,3,826138,0
2020-01-27,2020,1,4.279911461729633,2.169391854064044,4.750384969812502,4.416727028124065,585,588,532,545,21.79634209523877,22.06451612903226,5.67741935483871,3,826138,0
2020-01-28,2020,1,4.332833527320274,2.333635954966232,.412381699772716,.824763399545432,584,600,521,545,13.6182117878745,22.06451612903226,5.67741935483871,3,826138,0
2020-01-29,2020,1,6.180406343174078,2.312453380671978,1.707469196703868,1.295087496931151,584,615,524,549,18.53514267711946,22.06451612903226,5.67741935483871,3,826138,0
2020-01-30,2020,1,9.91975483715434,.4571197597363753,0,0,584,624,518,545,21.35010085120837,22.06451612903226,5.67741935483871,3,826138,0
2020-01-31,2020,1,8.005972170365466,2.562195834834419,0,0,583,635,511,551,13.15840875080594,22.06451612903226,5.67741935483871,3,826138,0
2020-02-01,2020,2,7.246165901318355,5.816728807451048,0,0,583,642,520,539,15.98123052508469,21.6551724137931,6.068965517241379,2.586206896551724,826138,0
2020-02-02,2020,2,.07954817245244089,.9830353300821517,2.688109625853212,2.904072150877106,582,647,535,543,14.63860813684552,21.6551724137931,6.068965517241379,2.586206896551724,826138,0
2020-02-03,2020,2,0,.03977408622622045,3.29185579962512,5.900818466848869,582,647,537,563,30.65020239491429,21.6551724137931,6.068965517241379,2.586206896551724,826138,0
2020-02-04,2020,2,3.103343795831186,5.749799976565106,2.59521731260687,2.258327673612402,583,654,537,628,15.27569355735323,21.6551724137931,6.068965517241379,2.586206896551724,826138,0
2020-02-05,2020,2,4.95681043704333,3.483873290573119,0,0,584,659,530,694,24.18258685453238,21.6551724137931,6.068965517241379,2.586206896551724,826138,0
2020-02-06,2020,2,4.022936840283315,1.13164582367492,.07792133043832235,.646145691087683,582,630,522,683,20.40201089043049,21.6551724137931,6.068965517241379,2.586206896551724,826138,0
2020-02-07,2020,2,3.488514395494708,2.369593350639024,1.741031691443854,1.150032283213389,580,641,534,689,19.33226395806654,21.6551724137931,6.068965517241379,2.586206896551724,826138,0
2020-02-08,2020,2,0,.07792133043832235,1.861318170470684,7.239680519984087,579,635,533,652,15.96049314089328,21.6551724137931,6.068965517241379,2.586206896551724,826138,0
2020-02-09,2020,2,.1558426608766447,.07792133043832235,3.689863891842274,4.438734016786481,578,625,544,665,16.17767168655572,21.6551724137931,6.068965517241379,2.586206896551724,826138,0
2020-02-10,2020,2,5.862453074485082,1.228559879868188,2.450528943984818,2,579,620,546,673,12.05308385829285,21.6551724137931,6.068965517241379,2.586206896551724,826138,0
2020-02-11,2020,2,1.782833833507171,3.000161792702212,.9806060604220767,.4903030302110383,582,699,642,787,8.959824699950801,21.6551724137931,6.068965517241379,2.586206896551724,826138,0
2020-02-12,2020,2,1.845945973839686,3.314242015388309,.8591283219313747,1.015372196630998,584,616,562,732,15.15313960136853,21.6551724137931,6.068965517241379,2.586206896551724,826138,0
2020-02-13,2020,2,.9602259137737795,.252756717069912,3.703447453756942,3.05690054884628,584,621,557,705,16.45218359199767,21.6551724137931,6.068965517241379,2.586206896551724,826138,0
2020-02-14,2020,2,.03977408622622045,.3896066521916117,5.437965957867792,8.213829034769507,583,623,567,719,23.01016152245568,21.6551724137931,6.068965517241379,2.586206896551724,826138,0
2020-02-15,2020,2,0,.1176954166645428,2.250728661232815,1.876092991849223,578,622,556,703,16.84760062185254,21.6551724137931,6.068965517241379,2.586206896551724,826138,0
2020-02-16,2020,2,0,.8819377382397469,6.161174196298367,5.786538526914774,576,617,568,694,12.86902261726756,21.6551724137931,6.068965517241379,2.586206896551724,826138,0
2020-02-17,2020,2,.3704521337344549,.6655396306656064,3.018753304634178,1.997971944162903,576,616,565,696,20.95543844014365,21.6551724137931,6.068965517241379,2.586206896551724,826138,0
2020-02-18,2020,2,2.40657132210946,2.432338645875829,4.204145611103351,5.029310224471762,579,612,559,690,24.03821830990212,21.6551724137931,6.068965517241379,2.586206896551724,826138,0
2020-02-19,2020,2,3.116836633569113,1.621948853885958,1.551259690731512,2.805403828694777,580,616,557,683,32.46449477498886,21.6551724137931,6.068965517241379,2.586206896551724,826138,0
2020-02-20,2020,2,3.333234741143253,2.667695110477647,.4127829135956942,.8251646133684102,578,617,570,700,25.48919244398978,21.6551724137931,6.068965517241379,2.586206896551724,826138,0
2020-02-21,2020,2,4.682103086760477,2.629949080088523,3.653744703467269,2.868354176325079,576,616,563,694,22.22207449853392,21.6551724137931,6.068965517241379,2.586206896551724,826138,0
2020-02-22,2020,2,.09691405619326736,.3116853217532894,5.675455915559445,5.909219906874411,577,619,540,664,23.81363691328957,21.6551724137931,6.068965517241379,2.586206896551724,826138,0
2020-02-23,2020,2,1.922078669561678,3.017365883740826,3.507668913951865,2.192201270372416,578,622,625,723,10.68644841511182,21.6551724137931,6.068965517241379,2.586206896551724,826138,0
2020-02-24,2020,2,2.058365598158187,2.277721613190325,2.728250557175143,1.863311857580512,645,645,649,772,23.09771952866328,21.6551724137931,6.068965517241379,2.586206896551724,826138,0
2020-02-25,2020,2,8.280440099527555,.4397538759955489,.8823045833354571,.4695216697397629,684,736,688,787,12.05646496629604,21.6551724137931,6.068965517241379,2.586206896551724,826138,0
2020-02-26,2020,2,1.722679600632653,1.512711232696432,6.064661353928078,4.927008991160422,684,737,706,836,17.51235909784127,21.6551724137931,6.068965517241379,2.586206896551724,826138,0
2020-02-27,2020,2,4.810411778712075,4.29764419056617,.646145691087683,.9026847299837544,683,733,709,839,24.58954978291223,21.6551724137931,6.068965517241379,2.586206896551724,826138,0
2020-02-28,2020,2,1.845016122218785,3.083492286980811,3.237145099318148,1.056738756144069,682,746,705,839,24.42670476831988,21.6551724137931,6.068965517241379,2.586206896551724,826138,0
2020-02-29,2020,2,0,.1558426608766447,5.392987760194793,5.846770388207847,681,750,690,820,23.69089917788046,21.6551724137931,6.068965517241379,2.586206896551724,826138,0
2020-03-01,2020,3,.07792133043832235,.1558426608766447,5.636378819726442,4.514499867412762,680,723,699,824,13.73359447176648,20.29032258064516,5.870967741935484,2.020645161290322,826138,0
2020-03-02,2020,3,5.232320928725265,1.290903961282014,.2285598798681877,.2285598798681877,681,656,625,798,19.87990240308554,20.29032258064516,5.870967741935484,2.020645161290322,826138,0
2020-03-03,2020,3,7.685624000743663,4.304819999565123,1.151039763252844,.7382568496571492,684,684,578,701,21.02378834406164,20.29032258064516,5.870967741935484,2.020645161290322,826138,0
2020-03-04,2020,3,4.762982324656796,1.764609166670914,1.743460961103929,3.471310304456093,690,653,508,658,24.19243412876465,20.29032258064516,5.870967741935484,2.020645161290322,826138,0
2020-03-05,2020,3,0,.275164919555306,5.630935287158896,4.197371013091927,690,652,507,642,31.73163676503082,20.29032258064516,5.870967741935484,2.020645161290322,826138,0
2020-03-06,2020,3,4.758580640855972,.6811168796901023,3.220214798127568,5.383622102656531,684,650,511,647,28.21858067679634,20.29032258064516,5.870967741935484,2.020645161290322,826138,0
2020-03-07,2020,3,.1922012703724162,.9026847299837544,.9374508661926754,4.513274239221621,677,643,509,649,22.01225831574731,20.29032258064516,5.870967741935484,2.020645161290322,826138,0
2020-03-08,2020,3,0,0,2.803776986680658,3.668715686275289,677,640,511,652,13.52021062709981,20.29032258064516,5.870967741935484,2.020645161290322,826138,0
2020-03-09,2020,3,0,0,3.070730814418943,2.435949992880202,691,620,518,647,13.22495358056638,20.29032258064516,5.870967741935484,2.020645161290322,826138,0
2020-03-10,2020,3,1.896947650074762,1.465502993074562,2.23261382834166,2.032321535506295,776,676,533,635,14.81855658788053,20.29032258064516,5.870967741935484,2.020645161290322,826138,0
2020-03-11,2020,3,2.844720345648545,1.824763399545432,7.420142504854513,8.207561087833799,776,696,598,707,7.92680322217835,20.29032258064516,5.870967741935484,2.020645161290322,826138,0
2020-03-12,2020,3,5.045506835470922,1.78539052714219,.3844025407448323,1.442929931605231,776,709,607,716,10.2833980041501,20.29032258064516,5.870967741935484,2.020645161290322,826138,0
2020-03-13,2020,3,0,0,2.821142870421485,7.102407384317202,778,838,763,779,5.66009609809806,20.29032258064516,5.870967741935484,2.020645161290322,826138,0
2020-03-14,2020,3,0,.07792133043832235,1.332065468401587,1.822769712435603,778,781,711,797,4.869296407115592,20.29032258064516,5.870967741935484,2.020645161290322,826138,0
2020-03-15,2020,3,2.666124623913002,1.228559879868188,1.368825291720336,2.372607613546496,777,776,702,773,8.375577900174104,20.29032258064516,5.870967741935484,2.020645161290322,826138,0
2020-03-16,2020,3,1.60839966069856,4.003944114528371,.8611563777684713,2.78624931023762,765,735,642,782,12.69179161311459,20.29032258064516,5.870967741935484,2.020645161290322,826138,0
2020-03-17,2020,3,.07792133043832235,.290903961282014,1.45012773016184,2.586576451460561,762,749,648,741,24.86667607871399,20.29032258064516,5.870967741935484,2.020645161290322,826138,0
2020-03-18,2020,3,.07792133043832235,0,1.015372196630998,6.082450438214089,762,739,655,736,21.9250204039031,20.29032258064516,5.870967741935484,2.020645161290322,826138,0
2020-03-19,2020,3,1.036358609495772,1.468993031941841,2.561026562092752,2.638546678708097,763,751,683,748,6.053083858292852,20.29032258064516,5.870967741935484,2.020645161290322,826138,0
2020-03-20,2020,3,1.999598786177022,1.842530497109237,.9606271275967577,.9602259137737795,850,725,661,734,11.07704055778524,20.29032258064516,5.870967741935484,2.020645161290322,826138,0
2020-03-21,2020,3,5.003760335103952,1.458908394452706,3.024598051024702,5.26552547216901,890,741,673,728,10.7168692229694,20.29032258064516,5.870967741935484,2.020645161290322,826138,0
2020-03-22,2020,3,1.806171887613465,.4903030302110383,3.455204417633675,5.61698488014852,885,733,643,698,10.67128475907992,20.29032258064516,5.870967741935484,2.020645161290322,826138,0
2020-03-23,2020,3,2.746074010188421,3.102118167640047,4.373008827369473,3.353854308912317,905,729,655,702,16.49760626318493,20.29032258064516,5.870967741935484,2.020645161290322,826138,0
2020-03-24,2020,3,2.842931710932215,.3636211802735569,3.318481906486919,2.003415476730449,914,764,694,730,9.175743248694832,20.29032258064516,5.870967741935484,2.020645161290322,826138,0
2020-03-25,2020,3,.9030859438067326,.3530862499936284,1.798572875233879,4.586977665283539,912,759,707,733,18.68511007035084,20.29032258064516,5.870967741935484,2.020645161290322,826138,0
2020-03-26,2020,3,0,0,4.688271418555424,7.552970697029289,849,757,714,733,25.11751673709263,20.29032258064516,5.870967741935484,2.020645161290322,826138,0
2020-03-27,2020,3,0,.3530862499936284,4.311924742874056,6.195215533279886,783,683,653,689,33.01206242468943,20.29032258064516,5.870967741935484,2.020645161290322,826138,0
2020-03-28,2020,3,2.906797197107422,6.303215147108659,0,.07792133043832235,781,670,620,615,10.32523451494069,20.29032258064516,5.870967741935484,2.020645161290322,826138,0
2020-03-29,2020,3,1.09830147708662,2.671110587208096,3.062745295236804,4.417987025042473,780,663,616,610,12.94340104700049,20.29032258064516,5.870967741935484,2.020645161290322,826138,0
2020-03-30,2020,3,2.338974050281039,8.466255606541912,.290903961282014,1.115667360827446,695,660,609,607,30.24861292320758,20.29032258064516,5.870967741935484,2.020645161290322,826138,0
2020-03-31,2020,3,1.216398107574141,.9822329024361952,4.025549889367809,4.160645558500446,644,556,541,582,17.98563149229694,20.29032258064516,5.870967741935484,2.020645161290322,826138,0
2020-04-01,2020,4,0,.275164919555306,3.760826844844755,4.547041786355107,639,532,474,521,23.32565043616876,21.8,5.666666666666667,1.701333333333333,826138,0
2020-04-02,2020,4,0,.1988704311311022,2.541872043635595,3.405183901216107,632,525,445,483,30.40314650819801,21.8,5.666666666666667,1.701333333333333,826138,0
2020-04-03,2020,4,.07792133043832235,.1558426608766447,1.214771265560022,3.885480638945139,629,523,431,464,18.62421182314374,21.8,5.666666666666667,1.701333333333333,826138,0
2020-04-04,2020,4,2.966198084139247,.6829055144064328,1.135061300405369,2.334460369334394,628,538,443,444,16.77099493002897,21.8,5.666666666666667,1.701333333333333,826138,0
2020-04-05,2020,4,0,0,3.317256278295778,5.989993707517993,626,550,480,449,14.70804458239867,21.8,5.666666666666667,1.701333333333333,826138,0
2020-04-06,2020,4,0,.1558426608766447,5.28535499429718,7.050950368038468,624,548,479,445,25.58280883987495,21.8,5.666666666666667,1.701333333333333,826138,0
2020-04-07,2020,4,3.213968837914066,3.197772226914906,3.414170334489046,3.747405075632299,623,545,466,441,24.8313256630108,21.8,5.666666666666667,1.701333333333333,826138,0
2020-04-08,2020,4,.8831633664308872,2.632963342995994,3.12151210721797,4.335882158955013,623,551,458,442,31.00307876586896,21.8,5.666666666666667,1.701333333333333,826138,0
2020-04-09,2020,4,.05713996996704691,.1748353866315897,2.884093218051787,4.729637978068495,621,552,462,439,22.97403272652808,21.8,5.666666666666667,1.701333333333333,826138,0
2020-04-10,2020,4,.275164919555306,.5300771164372587,3.433965487889948,8.068739452324479,620,555,456,426,20.76947352243214,21.8,5.666666666666667,1.701333333333333,826138,0
2020-04-11,2020,4,0,.7616856279401851,8.872699504676429,6.77184133395479,615,554,463,434,21.48499930078805,21.8,5.666666666666667,1.701333333333333,826138,0
2020-04-12,2020,4,.2767917615694245,3.376023090276944,3.663912788651488,2.152828397969173,614,559,476,433,16.59455468810547,21.8,5.666666666666667,1.701333333333333,826138,0
2020-04-13,2020,4,.6879478331510003,0,.2129826308436916,1.271911235527069,620,617,527,466,8.468296041548621,21.8,5.666666666666667,1.701333333333333,826138,0
2020-04-14,2020,4,4.37845235993702,6.711413311232238,.05713996996704691,1.294686283108173,620,649,561,527,14.99033856305605,21.8,5.666666666666667,1.701333333333333,826138,0
2020-04-15,2020,4,0,.646145691087683,7.739265046285178,5.970036761414881,618,633,514,500,24.54624240353321,21.8,5.666666666666667,1.701333333333333,826138,0
2020-04-16,2020,4,0,.1574695028907633,4.486520708384879,5.232961563669011,616,604,491,470,19.46179827820929,21.8,5.666666666666667,1.701333333333333,826138,0
2020-04-17,2020,4,.3133121637674079,2.671110587208096,2.821783505365229,3.901459101792613,616,595,476,454,20.92393836996803,21.8,5.666666666666667,1.701333333333333,826138,0
2020-04-18,2020,4,.03977408622622045,.7824669884114607,4.503451009575459,4.131244609851941,613,567,458,441,17.58177355383676,21.8,5.666666666666667,1.701333333333333,826138,0
2020-04-19,2020,4,2.906501420537181,2.119850896476584,1.365008601166909,1.365008601166909,611,548,446,434,12.59917380630485,21.8,5.666666666666667,1.701333333333333,826138,0
2020-04-20,2020,4,.4326344224460693,1.47333836029319,4.556429433451024,3.652117861453151,610,538,430,425,16.9691463812092,21.8,5.666666666666667,1.701333333333333,826138,0
2020-04-21,2020,4,2.397445085691964,3.747003861809321,3.415395962680187,3.749031917646418,608,526,421,420,30.13320974467558,21.8,5.666666666666667,1.701333333333333,826138,0
2020-04-22,2020,4,6.359058420359096,6.196913443819474,0,0,609,532,396,412,23.43157291519262,21.8,5.666666666666667,1.701333333333333,826138,0
2020-04-23,2020,4,3.672208791424292,5.968353563951287,.4051839012161079,1.074505853707873,608,526,414,418,28.5588301508249,21.8,5.666666666666667,1.701333333333333,826138,0
2020-04-24,2020,4,11.23810931966631,1.453704283005926,0,0,610,524,407,408,28.36544651195264,21.8,5.666666666666667,1.701333333333333,826138,0
2020-04-25,2020,4,3.770052699238461,4.626533603358073,2.82516461336841,2.669321952491766,656,532,415,417,20.39051451425485,21.8,5.666666666666667,1.701333333333333,826138,0
2020-04-26,2020,4,0,.9810072742450549,2.410754857758597,5.119611475355817,686,596,456,435,22.75512190159879,21.8,5.666666666666667,1.701333333333333,826138,0
2020-04-27,2020,4,3.496275200576506,1.741432905266832,4.535648072979749,1.685919777313903,681,594,468,461,26.13090485416639,21.8,5.666666666666667,1.701333333333333,826138,0
2020-04-28,2020,4,.4375149484884249,8.072627211403375,1.450528943984818,1.784588099496233,669,621,475,454,50.5717609689978,21.8,5.666666666666667,1.701333333333333,826138,0
2020-04-29,2020,4,1.095287214179149,.05713996996704691,1.508928910870273,5.221969064116631,692,651,528,491,35.59112960382243,21.8,5.666666666666667,1.701333333333333,826138,0
2020-04-30,2020,4,.4903030302110383,.290903961282014,.7792133043832234,3.902078463767277,743,716,541,507,47.45833882519899,21.8,5.666666666666667,1.701333333333333,826138,0
2020-05-01,2020,5,.4923310860481351,2.453944420715267,3.862142584838846,6.302341650937232,866,765,593,544,36.2928134544093,23.09677419354839,6.225806451612903,1.870967741935484,826138,0
2020-05-02,2020,5,.4521557859989364,.9217118244659674,4.727482498256454,5.083492286980812,929,890,677,627,25.52893493310576,23.09677419354839,6.225806451612903,1.870967741935484,826138,0
2020-05-03,2020,5,.03977408622622045,.2735380775411875,5.672899221924426,7.994578456990109,850,893,723,706,21.67206519716822,23.09677419354839,6.225806451612903,1.870967741935484,826138,0
2020-05-04,2020,5,9.26731410688534,4.077062547342892,.1350613004053693,.290903961282014,809,789,631,674,35.83277904974166,23.09677419354839,6.225806451612903,1.870967741935484,826138,0
2020-05-05,2020,5,3.219356015032137,.9030859438067326,1.707102351608157,2.788806003872639,811,770,592,606,36.2120022402144,23.09677419354839,6.225806451612903,1.870967741935484,826138,0
2020-05-06,2020,5,3.940831974195855,2.256539038896071,1.763841107752226,4.435352908783298,811,760,574,595,34.25420559610069,23.09677419354839,6.225806451612903,1.870967741935484,826138,0
2020-05-07,2020,5,5.632963342995994,3.405951960134797,2.092892313246341,1.741432905266832,810,739,576,600,43.38032748433704,23.09677419354839,6.225806451612903,1.870967741935484,826138,0
2020-05-08,2020,5,.5682243606493608,.5478442140010634,.8251646133684102,.4127829135956942,791,710,546,572,50.57226635707088,23.09677419354839,6.225806451612903,1.870967741935484,826138,0
2020-05-09,2020,5,1.038147244212102,.4241766269710529,3.574470320862862,5.713898936341786,780,686,537,562,43.18652314049412,23.09677419354839,6.225806451612903,1.870967741935484,826138,0
2020-05-10,2020,5,1.317094485593567,.1558426608766447,3.633822126091424,5.442022069541985,778,666,531,554,44.1736169133214,23.09677419354839,6.225806451612903,1.870967741935484,826138,0
2020-05-11,2020,5,3.251095506328526,.961852755787898,.3116853217532894,2.452317578701148,780,672,534,552,21.8808175444659,23.09677419354839,6.225806451612903,1.870967741935484,826138,0
2020-05-12,2020,5,.2735380775411875,1.511084390682313,5.59578031913206,6.832925418450209,780,695,522,535,45.91265107797012,23.09677419354839,6.225806451612903,1.870967741935484,826138,0
2020-05-13,2020,5,0,.8835645802538653,4.0516964373995,5.447113467254368,783,681,521,530,28.86411732721508,23.09677419354839,6.225806451612903,1.870967741935484,826138,0
2020-05-14,2020,5,.03977408622622045,.5698512026634792,4.533654385869919,3.375255031358256,810,647,491,506,33.62450858950958,23.09677419354839,6.225806451612903,1.870967741935484,826138,0
2020-05-15,2020,5,.275164919555306,3.258327673612401,4.845544760016709,4.47333836029319,843,660,504,490,32.24948408830807,23.09677419354839,6.225806451612903,1.870967741935484,826138,0
2020-05-16,2020,5,4.830368724815189,2.33526279698035,3.00215547981204,2.176990866443631,843,662,521,507,21.61366523028277,23.09677419354839,6.225806451612903,1.870967741935484,826138,0
2020-05-17,2020,5,1.135462514228347,1.277320399367347,1.138877990958796,2.687708412030234,842,649,511,519,25.20128353051005,23.09677419354839,6.225806451612903,1.870967741935484,826138,0
2020-05-18,2020,5,1.903085943806733,2.374797462085804,3.590632563134755,4.144287154799074,841,638,498,517,34.39616891565697,23.09677419354839,6.225806451612903,1.870967741935484,826138,0
2020-05-19,2020,5,.2337639913149671,3.08389350080379,3.137652362767656,6.672498008101448,841,640,484,514,56.64864528015032,23.09677419354839,6.225806451612903,1.870967741935484,826138,0
2020-05-20,2020,5,1.315868857402427,1.114279939934094,5.66868131754802,7.872263922126183,839,644,498,510,24.30395160608165,23.09677419354839,6.225806451612903,1.870967741935484,826138,0
2020-05-21,2020,5,4.575055314110258,1.489774392413116,2.965796870316268,.9030859438067326,840,642,506,514,29.85163778879313,23.09677419354839,6.225806451612903,1.870967741935484,826138,0
2020-05-22,2020,5,1.964042604327206,2.592788042946795,2.511485604505292,2.334494738061661,841,645,531,525,28.46066847688285,23.09677419354839,6.225806451612903,1.870967741935484,826138,0
2020-05-23,2020,5,.9602259137737795,.07792133043832235,4.728686139725389,9.305862564920419,842,641,515,526,23.58234893953156,23.09677419354839,6.225806451612903,1.870967741935484,826138,0
2020-05-24,2020,5,.03977408622622045,.9602259137737795,8.73166603390559,4.902557306008809,983,660,512,510,26.90326378235391,23.09677419354839,6.225806451612903,1.870967741935484,826138,0
2020-05-25,2020,5,.7053137168918266,.6493993751159201,1.117695416664543,.6273923864535044,993,852,684,607,18.33318115447535,23.09677419354839,6.225806451612903,1.870967741935484,826138,0
2020-05-26,2020,5,2.238405096236556,6.856926094222453,3.17877950115996,.5474430001780852,914,779,665,714,21.64625112550497,23.09677419354839,6.225806451612903,1.870967741935484,826138,0
2020-05-27,2020,5,4.082963649182889,6.673667280843114,.1540540261603143,.1540540261603143,889,718,555,582,27.21172773377778,23.09677419354839,6.225806451612903,1.870967741935484,826138,0
2020-05-28,2020,5,3.199433437656293,3.272278080622779,1.429747583513542,.6447582701943309,889,721,526,460,35.94128664741512,23.09677419354839,6.225806451612903,1.870967741935484,826138,0
2020-05-29,2020,5,2.198574654560862,.6481737469247798,2.51311244651941,4.042822717860958,889,712,516,462,40.51344408186312,23.09677419354839,6.225806451612903,1.870967741935484,826138,0
2020-05-30,2020,5,.9602259137737795,.1142799399340938,1.980640429149344,5.595836674581534,890,728,538,479,23.97107410248152,23.09677419354839,6.225806451612903,1.870967741935484,826138,0
2020-05-31,2020,5,3.841304868918096,3.291270806377724,4.928909623022575,3.713313943094391,890,734,550,508,17.27840100012527,23.09677419354839,6.225806451612903,1.870967741935484,826138,0
2020-06-01,2020,6,2.649800588938898,2.824396554449722,.1540540261603143,.9796198533517029,891,853,597,555,16.30996861054539,22.8,6.333333333333333,1.817333333333333,826138,0
2020-06-02,2020,6,.8611563777684713,2.927120988306245,5.260081939601464,3.454311265810977,891,789,801,816,13.74949276302784,22.8,6.333333333333333,1.817333333333333,826138,0
2020-06-03,2020,6,4.847974029676782,4.388747869096181,1.661722940112179,1.661722940112179,889,734,633,608,17.10966082173471,22.8,6.333333333333333,1.817333333333333,826138,0
2020-06-04,2020,6,1.785848096414641,3.044119414577569,4.704912503068848,3.568062567947149,890,746,598,567,20.95353476345744,22.8,6.333333333333333,1.817333333333333,826138,0
2020-06-05,2020,6,5.243552852233861,2.802756410883016,1.9216774557387,1.215010686680788,888,724,559,539,34.06020769510626,22.8,6.333333333333333,1.817333333333333,826138,0
2020-06-06,2020,6,1.78539052714219,.4903030302110383,4.005204111446779,3.320108748501038,892,737,559,510,28.99722136710178,22.8,6.333333333333333,1.817333333333333,826138,0
2020-06-07,2020,6,.4127829135956942,.4903030302110383,5.969212347046717,6.282524510814126,892,745,583,531,29.96621046330886,22.8,6.333333333333333,1.817333333333333,826138,0
2020-06-08,2020,6,.9440856582240933,1.51311244651941,3.354840515982691,1.175236600454568,889,731,556,515,72.10815278310311,22.8,6.333333333333333,1.817333333333333,826138,0
2020-06-09,2020,6,3.894840477206873,10.72713997378933,0,0,890,718,533,466,23.63800870656462,22.8,6.333333333333333,1.817333333333333,826138,0
2020-06-10,2020,6,3.883692004228809,2.000401213822978,1.549069842192204,1.294558859133229,889,700,532,466,20.47776713350417,22.8,6.333333333333333,1.817333333333333,826138,0
2020-06-11,2020,6,2.688877684771901,1.861523222864182,.9025573060088105,4.927282781008456,887,680,506,435,39.23911228917023,22.8,6.333333333333333,1.817333333333333,826138,0
2020-06-12,2020,6,.5266616397068098,1.038147244212102,2.058561759587667,5.51668971595207,888,686,507,435,31.70876415450196,22.8,6.333333333333333,1.817333333333333,826138,0
2020-06-13,2020,6,.05713996996704691,.3688252917203363,1.78539052714219,4.650513006161238,887,679,503,436,25.8319882875122,22.8,6.333333333333333,1.817333333333333,826138,0
2020-06-14,2020,6,.2129826308436916,.1558426608766447,2.821945298067441,6.769975070819905,887,720,546,455,15.69608786249812,22.8,6.333333333333333,1.817333333333333,826138,0
2020-06-15,2020,6,.05713996996704691,.1350613004053693,6.244411635329292,7.799419279159697,886,728,539,466,24.15773673001026,22.8,6.333333333333333,1.817333333333333,826138,0
2020-06-16,2020,6,0,.2337639913149671,4.160645558500446,7.954036311845199,886,740,531,448,23.85554448977018,22.8,6.333333333333333,1.817333333333333,826138,0
2020-06-17,2020,6,.1193222586786613,4.161814831242112,5.611942561403952,5.575422159205969,886,743,533,450,29.51947926514387,22.8,6.333333333333333,1.817333333333333,826138,0
2020-06-18,2020,6,.07792133043832235,1.428979524594854,3.142259098961977,3.710884673434316,887,746,532,439,52.62818591746454,22.8,6.333333333333333,1.817333333333333,826138,0
2020-06-19,2020,6,.2353908333290856,1.058928604683377,2.386993603107119,3.701658819040611,885,742,512,427,55.54851336869666,22.8,6.333333333333333,1.817333333333333,826138,0
2020-06-20,2020,6,3.201187703645355,1.119322258678661,2.000986207070373,1.060555446697496,883,743,525,433,31.24268445875039,22.8,6.333333333333333,1.817333333333333,826138,0
2020-06-21,2020,6,4.531464537330611,1.488514395494708,3.334220948213627,3.1800051293511,882,741,513,434,36.69932537624523,22.8,6.333333333333333,1.817333333333333,826138,0
2020-06-22,2020,6,2.705475509594038,4.08511912899493,3.102886226558735,2.237546313141126,884,758,523,452,34.87014791089391,22.8,6.333333333333333,1.817333333333333,826138,0
2020-06-23,2020,6,.09691405619326736,.9796198533517029,1.784221254400523,4.337636424944075,887,758,470,434,34.04477752854343,22.8,6.333333333333333,1.817333333333333,826138,0
2020-06-24,2020,6,6.535190503707296,.1714199099011408,3.437380964620397,6.932452523727967,889,738,472,425,24.33460017247895,22.8,6.333333333333333,1.817333333333333,826138,0
2020-06-25,2020,6,1.450528943984818,.5474430001780852,.4310075804319508,5.555661374532335,871,722,448,411,28.48324503479898,22.8,6.333333333333333,1.817333333333333,826138,0
2020-06-26,2020,6,.1350613004053693,.3133121637674079,2.468719242093806,3.724067021526005,886,716,450,399,35.30607692196059,22.8,6.333333333333333,1.817333333333333,826138,0
2020-06-27,2020,6,.9216774557386993,.2493412403394631,7.818010791091662,3.457198104743503,887,715,480,397,33.78246042568293,22.8,6.333333333333333,1.817333333333333,826138,0
2020-06-28,2020,6,0,.05713996996704691,3.277482192069558,7.166216515042935,887,706,487,408,24.57058838106049,22.8,6.333333333333333,1.817333333333333,826138,0
2020-06-29,2020,6,0,0,7.204764973078015,6.419775659758803,853,693,484,432,34.16710238754852,22.8,6.333333333333333,1.817333333333333,826138,0
2020-06-30,2020,6,.6112521309038181,3.883325159133098,1.692510593065461,1.61296242061302,837,719,560,461,41.6738760918138,22.8,6.333333333333333,1.817333333333333,826138,0
2020-07-01,2020,7,.5702524164864574,1.768024643401363,2.35524172980567,2.845945973839686,772,690,586,526,42.83858357842951,22.45161290322581,5.580645161290323,1.387096774193548,826138,0
2020-07-02,2020,7,2.846403543112138,2.354016101614528,3.747243282930087,1.722679600632653,713,586,480,462,34.34984798995907,22.45161290322581,5.580645161290323,1.387096774193548,826138,0
2020-07-03,2020,7,.607998446875581,0,6.30407393020409,4.651716647630173,691,544,428,387,31.63895576400059,22.45161290322581,5.580645161290323,1.387096774193548,826138,0
2020-07-04,2020,7,3.142259098961977,3.668955107396056,.9220786695616776,.5096969697889616,693,526,419,356,30.53580025812937,22.45161290322581,5.580645161290323,1.387096774193548,826138,0
2020-07-05,2020,7,4.33705143169668,2.314080222686096,.6825043005834546,.6045829701451322,694,549,423,359,20.95398272517729,22.45161290322581,5.580645161290323,1.387096774193548,826138,0
2020-07-06,2020,7,3.096111628547311,5.695251068960347,.3826139060285019,.3428398198022815,694,631,427,334,26.1808477421654,22.45161290322581,5.580645161290323,1.387096774193548,826138,0
2020-07-07,2020,7,.7828338335071708,1.471711518279071,3.040999714417361,3.451754572175958,694,673,495,408,25.77347399240999,22.45161290322581,5.580645161290323,1.387096774193548,826138,0
2020-07-08,2020,7,.2509680823535816,2.096145997274578,5.607540877603129,3.544428737270615,690,589,440,397,32.77657170301254,22.45161290322581,5.580645161290323,1.387096774193548,826138,0
2020-07-09,2020,7,.961324117989976,5.279270826785889,2.800967776166686,.7382568496571493,693,563,412,372,36.31335539375981,22.45161290322581,5.580645161290323,1.387096774193548,826138,0
2020-07-10,2020,7,9.412304071354161,4.938585770207073,.05713996996704691,.05713996996704691,693,519,402,370,35.58789134378786,22.45161290322581,5.580645161290323,1.387096774193548,826138,0
2020-07-11,2020,7,4.771806965227523,.9025573060088105,.8399738034742179,1.743460961103929,763,463,346,340,27.49074442920236,22.45161290322581,5.580645161290323,1.387096774193548,826138,0
2020-07-12,2020,7,1.393790187840749,2.594414884960913,4.55166090455449,5.258327673612402,798,558,396,341,36.34885289192467,22.45161290322581,5.580645161290323,1.387096774193548,826138,0
2020-07-13,2020,7,.9842609582732919,2.121110893394992,3.76519415991831,2.823136557531313,800,556,434,396,70.52964177455974,22.45161290322581,5.580645161290323,1.387096774193548,826138,0
2020-07-14,2020,7,.07954817245244089,.486520708384879,8.416325814301084,7.809954209439624,805,541,451,411,36.6079266348981,22.45161290322581,5.580645161290323,1.387096774193548,826138,0
2020-07-15,2020,7,1.176462228645708,2.825565827191389,1.30826984502284,4.235117043481051,803,531,456,411,93.88314135284524,22.45161290322581,5.580645161290323,1.387096774193548,826138,0
2020-07-16,2020,7,2.079146958629463,3.766397801387245,2.705313716891826,2.21460947285781,805,521,469,418,22.95032505570906,22.45161290322581,5.580645161290323,1.387096774193548,826138,0
2020-07-17,2020,7,2.252756717069912,3.057139969967047,3.865339913417609,2.961852755787898,718,494,449,403,21.69720149354344,22.45161290322581,5.580645161290323,1.387096774193548,826138,0
2020-07-18,2020,7,3.435776109328484,5.123667587030011,.7014970263383995,.3272625707777855,668,376,344,352,13.5777861796171,22.45161290322581,5.580645161290323,1.387096774193548,826138,0
2020-07-19,2020,7,5.008986433272939,3.967423712330386,.5474430001780852,.252756717069912,669,375,295,276,17.70504341524938,22.45161290322581,5.580645161290323,1.387096774193548,826138,0
2020-07-20,2020,7,4.208764726467286,3.802594618180804,.05713996996704691,.05713996996704691,670,415,310,275,21.26900240703689,22.45161290322581,5.580645161290323,1.387096774193548,826138,0
2020-07-21,2020,7,3.140632256947858,1.861122009041204,4.378579783911963,2.650329226736821,667,400,309,296,29.30428757065568,22.45161290322581,5.580645161290323,1.387096774193548,826138,0
2020-07-22,2020,7,2.512711232696433,3.354016101614528,1.826390241559551,.6269911726305261,667,406,327,286,25.75589956807007,22.45161290322581,5.580645161290323,1.387096774193548,826138,0
2020-07-23,2020,7,1.86371307140349,1.079949386275419,2.001259996918408,4.575823373028947,669,387,304,276,19.01871893590691,22.45161290322581,5.580645161290323,1.387096774193548,826138,0
2020-07-24,2020,7,2,2.809024357818724,2.47333836029319,4.87050965613712,603,402,315,291,15.92180487971364,22.45161290322581,5.580645161290323,1.387096774193548,826138,0
2020-07-25,2020,7,1.607998446875581,1.587217086404305,2.193588691265768,1.547443000178085,499,446,400,357,9.587217086404305,22.45161290322581,5.580645161290323,1.387096774193548,826138,0
2020-07-26,2020,7,1.856938473392066,3.295087496931151,3.513513660342389,2.726095077363102,443,363,367,342,10.96022591377378,22.45161290322581,5.580645161290323,1.387096774193548,826138,0
2020-07-27,2020,7,3.843917918002588,1.038147244212102,3.710757249459372,5.320911176146994,425,361,390,336,15.15378023631228,22.45161290322581,5.580645161290323,1.387096774193548,826138,0
2020-07-28,2020,7,1.373008827369474,1.469521669739763,1.138476777135818,3.670743742112385,426,302,284,279,13.05471070030697,22.45161290322581,5.580645161290323,1.387096774193548,826138,0
2020-07-29,2020,7,3.159258137607094,2.923867304278008,3.043316986931613,1.65032922673682,400,280,277,249,18.55173197024451,22.45161290322581,5.580645161290323,1.387096774193548,826138,0
2020-07-30,2020,7,6.259954515626519,4.472479577197759,.5478442140010635,.8823045833354571,305,237,202,193,25.33064877863347,22.45161290322581,5.580645161290323,1.387096774193548,826138,0
2020-07-31,2020,7,1.78661615533333,1.39123349420573,2.05332327941362,1.111265677026623,304,230,164,134,25.95648028891037,22.45161290322581,5.580645161290323,1.387096774193548,826138,0
2020-08-01,2020,8,3.704856147619374,1.60839966069856,2.925895360115105,3.378051146114041,423,209,203,172,13.15242718414619,23.03225806451613,6.161290322580645,1.309677419354839,826138,0
2020-08-02,2020,8,1.435191116081088,1.808199943450562,2.730736182284692,4.261341936519872,450,275,193,130,14.01016808518422,23.03225806451613,6.161290322580645,1.309677419354839,826138,0
2020-08-03,2020,8,2.413769120666068,3.042731993684217,3.29936175675703,7.542479026440646,424,275,194,179,19.57875929092929,23.03225806451613,6.161290322580645,1.309677419354839,826138,0
2020-08-04,2020,8,.2162363148719287,2.570414209188669,2.923867304278008,4.2385325202115,411,244,141,109,25.51577457457172,23.03225806451613,6.161290322580645,1.309677419354839,826138,0
2020-08-05,2020,8,1.549928625287634,5.850692516014012,1.285298636012256,1.658708677204709,412,220,120,75.5,38.39973103146755,23.03225806451613,6.161290322580645,1.309677419354839,826138,0
2020-08-06,2020,8,.5698512026634792,2.336650217873702,2.354840515982691,4.31848190648692,412,199,102,97.3,23.55173197024451,23.03225806451613,6.161290322580645,1.309677419354839,826138,0
2020-08-07,2020,8,.1193222586786613,2.904874578523063,4.925092932469148,3.824763399545431,440,194,95,83.8,35.79310762348026,23.03225806451613,6.161290322580645,1.309677419354839,826138,1
2020-08-08,2020,8,1.357269785642766,2.200659065847432,4.572569689000709,4.828306300250825,455,211,104,71,18.88964218503662,23.03225806451613,6.161290322580645,1.309677419354839,826138,0
2020-08-09,2020,8,.4525569998219147,.9217118244659674,3.849327081842866,2.548830421071437,456,200,112,92.90000000000001,16.91001272413233,23.03225806451613,6.161290322580645,1.309677419354839,826138,0
2020-08-10,2020,8,1.17784964953906,4.439536444432437,1.825565827191388,5.280863300072739,471,195,110,76.5,28.94502132628607,23.03225806451613,6.161290322580645,1.309677419354839,826138,0
2020-08-11,2020,8,2.157469502890763,3.923867304278008,1.978817425705746,1.192201270372416,480,208,113,71.5,37.73746328327633,23.03225806451613,6.161290322580645,1.309677419354839,826138,0
2020-08-12,2020,8,4.375621876453967,5.185392306469173,3.495345348955605,3.906100206714203,479,211,121,77.5,43.12146183858116,23.03225806451613,6.161290322580645,1.309677419354839,826138,0
2020-08-13,2020,8,.6074698090776589,4.692293161502348,2.996584523269551,.7760028800462728,480,215,128,80.8,27.98341759917153,23.03225806451613,6.161290322580645,1.309677419354839,826138,0
2020-08-14,2020,8,.9195219759266586,2.157068289067785,1.56521009774189,1.30826984502284,479,224,141,84.2,30.06991454150722,23.03225806451613,6.161290322580645,1.309677419354839,826138,0
2020-08-15,2020,8,3.374396248262826,3.672336215399236,4.727849343352164,3.334861583157371,547,217,137,87.5,23.91072370817752,23.03225806451613,6.161290322580645,1.309677419354839,826138,0
2020-08-16,2020,8,2.95681043704333,1.431775639350639,2.594816098783892,.9051139996438293,600,272,176,91.40000000000001,14.48310523165443,23.03225806451613,6.161290322580645,1.309677419354839,826138,0
2020-08-17,2020,8,.9233386664800858,3.790961483684679,1.469521669739763,.9792186395287247,580,296,207,170,29.10554835461104,23.03225806451613,6.161290322580645,1.309677419354839,826138,0
2020-08-18,2020,8,3.435191116081088,2.022006988662416,1.548830421071437,.3514594079795098,571,276,189,170,42.12209053773684,23.03225806451613,6.161290322580645,1.309677419354839,826138,0
2020-08-19,2020,8,.5300771164372587,1.016999038645116,3.885480638945139,4.906261999416415,571,278,178,163,39.97986509091354,23.03225806451613,6.161290322580645,1.309677419354839,826138,0
2020-08-20,2020,8,.07954817245244089,1.020781360471275,1.883692004228809,1.315467643579449,571,283,182,170,53.06980182777283,23.03225806451613,6.161290322580645,1.309677419354839,826138,0
2020-08-21,2020,8,5.026753530836743,3.571583481930336,.6045829701451322,.6045829701451322,571,279,173,169,48.8097013868193,23.03225806451613,6.161290322580645,1.309677419354839,826138,0
2020-08-22,2020,8,4.997423509765293,4.040033546005554,1.355155137020358,.04218450773104714,601,258,175,162,38.09982175343055,23.03225806451613,6.161290322580645,1.309677419354839,826138,0
2020-08-23,2020,8,1.769672952956507,1.875171910023135,7.18771701080323,5.585056655554635,617,283,203,179,47.713184075508,23.03225806451613,6.161290322580645,1.309677419354839,826138,0
2020-08-24,2020,8,1.123102656760588,.3322997621995469,7.229475990025061,4.669851199525944,637,297,224,216,50.88512151449098,23.03225806451613,6.161290322580645,1.309677419354839,826138,0
2020-08-25,2020,8,1.884093218051788,.70328566105473,6.914536015467013,8.250349436967491,644,322,236,226,48.49986718024971,23.03225806451613,6.161290322580645,1.309677419354839,826138,0
2020-08-26,2020,8,1.824396554449722,3.984789596071213,7.364629376901585,2.51311244651941,642,333,254,244,31.16889030567628,23.03225806451613,6.161290322580645,1.309677419354839,826138,0
2020-08-27,2020,8,1.195616747102865,.7240670215260054,5.74863070382344,3.115667360827445,643,336,250,241,21.93120490597917,23.03225806451613,6.161290322580645,1.309677419354839,826138,0
2020-08-28,2020,8,2.706299923962201,1.959697275975857,3.765996587564266,.7608268448447552,643,339,239,229,38.22874670411666,23.03225806451613,6.161290322580645,1.309677419354839,826138,0
2020-08-29,2020,8,3.688934040221374,5.497077628222462,1.270523814633717,2.467894827725645,645,348,238,220,22.76356731790419,23.03225806451613,6.161290322580645,1.309677419354839,826138,0
2020-08-30,2020,8,1.672208791424292,2.610188295414889,3.710483459611337,4.262912423084516,643,357,250,231,17.43792198158793,23.03225806451613,6.161290322580645,1.309677419354839,826138,0
2020-08-31,2020,8,.764242321575204,3.53524685915677,5.869122235243768,4.631575922102641,624,366,267,252,27.87375677743682,23.03225806451613,6.161290322580645,1.309677419354839,826138,0
2020-09-01,2020,9,1.904311571997873,.6463851122084494,1.349431352142413,2.509056334845217,590,322,266,260,23.69565227994788,21,5.533333333333333,1.121333333333333,826138,0
2020-09-02,2020,9,1.807798729627584,2.533893806990685,3.055513127952928,3.312052166849,554,277,234,246,26.47901475125297,21,5.533333333333333,1.121333333333333,826138,0
2020-09-03,2020,9,5.240961789871575,2.625364330616408,2.640540365817926,.4207611502406038,537,253,187,210,33.42643754120038,21,5.533333333333333,1.121333333333333,826138,0
2020-09-04,2020,9,1.527062853529788,1.216236314871929,4.001387420893352,3.433163060243991,508,254,175,179,46.16209443753122,21,5.533333333333333,1.121333333333333,826138,0
2020-09-05,2020,9,.952626901394193,1.393388974017771,3.788806003872638,2.472937146470212,489,228,164,183,22.7002494085896,21,5.533333333333333,1.121333333333333,826138,0
2020-09-06,2020,9,.07954817245244089,1.726095077363102,3.509457548668195,5.158984347759059,489,219,143,156,22.98317513322671,21,5.533333333333333,1.121333333333333,826138,0
2020-09-07,2020,9,.8420018593113145,3.708856617597219,6.324052863029408,5.185174872070612,488,237,147,143,40.13101756790079,21,5.533333333333333,1.121333333333333,826138,0
2020-09-08,2020,9,.8649386995946308,0,2.553013956720575,2.474691412459274,490,235,152,140,94.28685770853869,21,5.533333333333333,1.121333333333333,826138,0
2020-09-09,2020,9,.4919298722251569,1.292291382175366,.07792133043832235,.1558426608766447,494,277,240,217,7.862910643757534,21,5.533333333333333,1.121333333333333,826138,0
2020-09-10,2020,9,.5304783302602369,1.1368499351217,2.961613334667131,1.863311857580512,369,258,248,264,12.36838970917009,21,5.533333333333333,1.121333333333333,826138,0
2020-09-11,2020,9,2.493317293118509,5.126224280665029,.4903030302110383,.4903030302110383,315,165,152,192,25.37450168268011,21,5.533333333333333,1.121333333333333,826138,0
2020-09-12,2020,9,5.971697972156267,6.519613254682801,.9390433394795259,1.39160033930144,314,154,103,125,21.80204981010176,21,5.533333333333333,1.121333333333333,826138,0
2020-09-13,2020,9,4.063513354155493,2.761193689940465,1.884895645697744,3.456501114350286,313,160,101,106,13.95698460891515,21,5.533333333333333,1.121333333333333,826138,0
2020-09-14,2020,9,6.109682811292364,1.270122600810738,4.907269479455869,2.058766811981165,313,163,95.3,99.8,21.94971807290401,21,5.533333333333333,1.121333333333333,826138,1
2020-09-15,2020,9,.1988704311311022,.818987390609444,4.022535626460338,1.018992725754945,313,164,93.8,91.2,26.89050607082001,21,5.533333333333333,1.121333333333333,826138,1
2020-09-16,2020,9,5.647476756531561,.9322467547458959,.8645374857716525,1.276919185544368,367,188,103,94.5,26.31753516799632,21,5.533333333333333,1.121333333333333,826138,0
2020-09-17,2020,9,2.254383559084031,5.199962075454215,1.95681043704333,1.544428737270614,435,212,120,101,39.31672107776932,21,5.533333333333333,1.121333333333333,826138,0
2020-09-18,2020,9,4.721820817537222,1.939444553302504,3.123266373207032,1.807798729627584,435,223,151,128,43.83375564925945,21,5.533333333333333,1.121333333333333,826138,0
2020-09-19,2020,9,.5682243606493608,2.097075848895479,4.336283372777991,7.794010115319419,435,202,131,128,39.29755695175957,21,5.533333333333333,1.121333333333333,826138,0
2020-09-20,2020,9,0,0,5.512506180302934,8.243335417835302,436,205,137,129,45.95968110569473,21,5.533333333333333,1.121333333333333,826138,0
2020-09-21,2020,9,.1350613004053693,.7812069914930523,7.10509806182025,6.714666995260475,436,206,132,135,49.02726599551809,21,5.533333333333333,1.121333333333333,826138,0
2020-09-22,2020,9,3.571639837379809,3.713335929816597,3.005570956542489,.4525569998219147,386,209,122,128,47.24622968769128,21,5.533333333333333,1.121333333333333,826138,0
2020-09-23,2020,9,11.26446163668008,3.589773780039324,0,.4127829135956942,337,192,113,124,30.13604022815863,21,5.533333333333333,1.121333333333333,826138,0
2020-09-24,2020,9,1.882304583335457,2.2985029736616,3.630534073335919,.898902408157595,327,187,104,116,30.265726733451,21,5.533333333333333,1.121333333333333,826138,0
2020-09-25,2020,9,4.024196837201724,2.155475815780934,3.414135965761779,1.764609166670914,302,193,98.5,90.3,47.37377542341213,21,5.533333333333333,1.121333333333333,826138,1
2020-09-26,2020,9,9.363565541412656,2.112653097919975,.05713996996704691,.8819033695124788,289,195,99.90000000000001,97.7,40.3075215961972,21,5.533333333333333,1.121333333333333,826138,1
2020-09-27,2020,9,3.930135251213716,3.190574428358297,1.372607613546495,1.373008827369474,289,192,96.7,95.2,46.90609731066102,21,5.533333333333333,1.121333333333333,826138,1
2020-09-28,2020,9,.07792133043832235,1.393388974017771,3.473500152995402,3.535648072979748,290,196,95.09999999999999,92.8,37.89538659686236,21,5.533333333333333,1.121333333333333,826138,1
2020-09-29,2020,9,.290903961282014,2.23674388549517,3.887909908605215,3.848960236747156,294,197,104,98.90000000000001,36.57906088394061,21,5.533333333333333,1.121333333333333,826138,0
2020-09-30,2020,9,1.530935899532689,5.615759251957378,2.405550746311818,2.071090376977424,297,190,106,105,42.55191124196885,21,5.533333333333333,1.121333333333333,826138,0
2020-10-01,2020,10,2.966599297962226,1.864938699594631,.2527567170699121,.290903961282014,277,190,99.59999999999999,109,50.01511311418806,22.03225806451613,5.387096774193548,1.387096774193548,826138,1
2020-10-02,2020,10,2.155441447053666,1.845945973839686,5.594576677663125,3.53023890913947,255,194,103,108,52.32143601999795,22.03225806451613,5.387096774193548,1.387096774193548,826138,0
2020-10-03,2020,10,3.630935287158897,.939444553302504,2.158856923784116,2.571238623556831,254,190,96.90000000000001,108,53.31526769103845,22.03225806451613,5.387096774193548,1.387096774193548,826138,1
2020-10-04,2020,10,1.831354215296989,1.285699849835235,1.9216774557387,2.155842660876644,254,184,91.5,97.59999999999999,44.43880785409352,22.03225806451613,5.387096774193548,1.387096774193548,826138,1
2020-10-05,2020,10,3.535119435181826,2.703686874877708,4.655498969456332,2.141033470770837,225,186,92.2,98.90000000000001,70.69740508589635,22.03225806451613,5.387096774193548,1.387096774193548,826138,1
2020-10-06,2020,10,3.247714398325344,3.333234741143253,1.975803162798275,.7764040938692512,170,179,96.09999999999999,97.5,58.20480954151029,22.03225806451613,5.387096774193548,1.387096774193548,826138,1
2020-10-07,2020,10,2.827755675730697,3.848502667474704,3.750257545837558,3.417424018517283,135,167,91.2,92.40000000000001,52.5118661375116,22.03225806451613,5.387096774193548,1.387096774193548,826138,1
2020-10-08,2020,10,2.632963342995994,2.043189562956669,4.556830647274002,5.00735959125882,135,154,94.90000000000001,96,57.70607141913501,22.03225806451613,5.387096774193548,1.387096774193548,826138,1
2020-10-09,2020,10,1.630807863183953,4.199560861631236,5.024964896120412,3.903085943806732,130,155,105,96.59999999999999,56.30595692890908,22.03225806451613,5.387096774193548,1.387096774193548,826138,0
2020-10-10,2020,10,.8819377382397469,3.830735569910899,2.119484051380873,4.594977891486104,137,159,105,98.5,34.62992329941935,22.03225806451613,5.387096774193548,1.387096774193548,826138,0
2020-10-11,2020,10,2.844720345648545,.5295484786393366,4.154215818862525,3.80195398323706,137,159,117,92.2,50.75172256545058,22.03225806451613,5.387096774193548,1.387096774193548,826138,0
2020-10-12,2020,10,2.966070660164303,3.296876131647482,1.074505853707873,.996584523269551,137,161,136,109,33.35848434340529,22.03225806451613,5.387096774193548,1.387096774193548,826138,0
2020-10-13,2020,10,3.024196837201724,3.458529170187382,2.000986207070373,1.727849343352165,122,155,148,117,41.24947958060799,22.03225806451613,5.387096774193548,1.387096774193548,826138,0
2020-10-14,2020,10,1.434261264460188,8.307193630364299,4.317221909568511,1.352628680721176,113,158,144,117,63.69705160409497,22.03225806451613,5.387096774193548,1.387096774193548,826138,0
2020-10-15,2020,10,2.986049592989623,3.414170334489046,3.904840209795795,2.332432313497297,113,161,127,98,45.13779959400019,22.03225806451613,5.387096774193548,1.387096774193548,826138,0
2020-10-16,2020,10,2.52666163970681,2.466507406832292,2.254510983058974,1.174835386631589,114,164,127,88.09999999999999,54.19766532962158,22.03225806451613,5.387096774193548,1.387096774193548,826138,0
2020-10-17,2020,10,1.611252130903818,1.451788940903226,7.363954373230573,3.57379531719185,114,166,130,92.8,51.73315509810472,22.03225806451613,5.387096774193548,1.387096774193548,826138,0
2020-10-18,2020,10,.4923310860481351,1.705876723417017,5.379565990982337,5.41893886338558,113,166,123,85,29.25586301573056,22.03225806451613,5.387096774193548,1.387096774193548,826138,0
2020-10-19,2020,10,.1574695028907633,2.632067860102361,6.380334049901024,3.080478024073341,113,172,126,82.8,49.5266440037142,22.03225806451613,5.387096774193548,1.387096774193548,826138,0
2020-10-20,2020,10,.9643383808974465,4.491668464382185,4.712638939423378,2.160026196525782,113,168,125,79.8,43.97790430965495,22.03225806451613,5.387096774193548,1.387096774193548,826138,0
2020-10-21,2020,10,.9810072742450549,2.153814605039548,4.321841027767894,5.202976338361685,113,168,130,79.3,52.20042399829171,22.03225806451613,5.387096774193548,1.387096774193548,826138,0
2020-10-22,2020,10,.8251646133684102,.2735380775411875,7.596330943652188,6.694047427491411,113,168,131,82.59999999999999,73.64381176954099,22.03225806451613,5.387096774193548,1.387096774193548,826138,0
2020-10-23,2020,10,3.493260937669036,1.998373157985881,.1922012703724162,.9390433394795259,114,174,136,86.3,50.62923591657873,22.03225806451613,5.387096774193548,1.387096774193548,826138,0
2020-10-24,2020,10,2.034731767481653,.6045829701451322,1.92346609045503,2.529436481493514,114,174,132,87.90000000000001,35.1959781866047,22.03225806451613,5.387096774193548,1.387096774193548,826138,0
2020-10-25,2020,10,0,.07792133043832235,1.448535256874989,2.763601686631459,115,182,133,85.59999999999999,77.48101708045451,22.03225806451613,5.387096774193548,1.387096774193548,826138,0
2020-10-26,2020,10,3.359058420359096,.9428600300329532,0,0,116,197,152,99.3,73.85610807460755,22.03225806451613,5.387096774193548,1.387096774193548,826138,0
2020-10-27,2020,10,2.634991398833091,3.926057152817316,3.393388974017771,.6845323564205513,149,212,188,151,13.24718576052742,22.03225806451613,5.387096774193548,1.387096774193548,826138,0
2020-10-28,2020,10,1.514338074710551,1.82516461336841,2.984388382248235,2.392987760194793,183,221,182,151,21.12300496252861,22.03225806451613,5.387096774193548,1.387096774193548,826138,0
2020-10-29,2020,10,1.468753610821074,2.490303030211038,3.721419603714245,2.149011707415747,220,266,223,183,32.07504030794688,22.03225806451613,5.387096774193548,1.387096774193548,826138,0
2020-10-30,2020,10,.5487029970964935,1.767623429578385,7.543648299182312,2.772080755075557,239,286,243,203,27.67722766057062,22.03225806451613,5.387096774193548,1.387096774193548,826138,0
2020-10-31,2020,10,1.732201231596598,7.52140188939913,2.273503708813919,3.924234149373718,239,285,261,226,24.60095516170408,22.03225806451613,5.387096774193548,1.387096774193548,826138,0
2020-11-01,2020,11,5.276094771176205,3.312453380671977,2.348410776344771,.325473936061455,236,284,260,224,20.26640173712201,30,5.666666666666667,2.266666666666667,826138,0
2020-11-02,2020,11,4.493845930916431,4.044119414577569,3.141857885138998,1.374234455560614,253,301,262,230,30.10363811236084,30,5.666666666666667,2.266666666666667,826138,0
2020-11-03,2020,11,.3133121637674079,2.159258137607094,6.754201660365929,3.63376577064195,253,334,281,247,34.25582515879771,30,5.666666666666667,2.266666666666667,826138,0
2020-11-04,2020,11,2.414867324882265,4.73044040571445,2.724835080444694,.9961833094465727,283,317,275,245,38.58518479607416,30,5.666666666666667,2.266666666666667,826138,0
2020-11-05,2020,11,4.374396248262825,2.725693863540124,.2856998498352346,.3636211802735569,332,325,301,257,32.0355876545239,30,5.666666666666667,2.266666666666667,826138,0
2020-11-06,2020,11,1.389205438368633,4.608125870850525,1.393790187840749,2.607759025754815,332,319,317,278,33.1841285156038,30,5.666666666666667,2.266666666666667,826138,0
2020-11-07,2020,11,.2337639913149671,0,1.31506642975647,1.938437073263049,331,314,316,284,41.82452907827717,30,5.666666666666667,2.266666666666667,826138,0
2020-11-08,2020,11,1.277721613190325,2.826552034261762,3.197806595642173,5.159018716486327,332,316,314,302,30.98695745505287,30,5.666666666666667,2.266666666666667,826138,0
2020-11-09,2020,11,.8649386995946308,3.29936175675703,3.108870776093815,4.051329592303791,331,316,305,309,19.27381491221328,30,5.666666666666667,2.266666666666667,826138,0
2020-11-10,2020,11,6.023499846808505,.996584523269551,.05713996996704691,.2129826308436916,332,319,303,313,18.33429201390365,30,5.666666666666667,2.266666666666667,826138,0
2020-11-11,2020,11,.9233386664800858,3.005972170365467,3.708455403774241,1.607998446875581,332,317,312,316,24.95823804310503,30,5.666666666666667,2.266666666666667,826138,0
2020-11-12,2020,11,2.295545066203603,2.942860030032953,1.544027523447636,1.05332327941362,321,316,328,313,35.16279885884787,30,5.666666666666667,2.266666666666667,826138,0
2020-11-13,2020,11,3.387360448202829,1.583801609673856,1.629181021169835,3.436979750797418,358,314,311,304,32.47958285763067,30,5.666666666666667,2.266666666666667,826138,0
2020-11-14,2020,11,2.554112160936771,5.203744397280373,2.328649991671138,3.332432313497297,369,349,319,303,45.0081804877225,30,5.666666666666667,2.266666666666667,826138,0
2020-11-15,2020,11,2.901092256696904,9.644633893878895,.4695216697397629,.4695216697397629,370,367,332,330,20.89871555421024,30,5.666666666666667,2.266666666666667,826138,0
2020-11-16,2020,11,1.571111199581887,8.897791824771785,1.131244609851942,1.465704979186336,370,379,323,341,33.63191042380065,30,5.666666666666667,2.266666666666667,826138,0
2020-11-17,2020,11,2.275108564105832,1.152427184146196,1.412381699772716,2.136448721298721,371,380,355,351,35.9640439130682,30,5.666666666666667,2.266666666666667,826138,0
2020-11-18,2020,11,.05713996996704691,.3896066521916117,3.199159647808258,3.58876629999987,370,391,364,341,53.50774785394685,30,5.666666666666667,2.266666666666667,826138,0
2020-11-19,2020,11,0,.03977408622622045,2.169793067887022,3.603357341953991,370,400,393,356,41.39472585306727,30,5.666666666666667,2.266666666666667,826138,0
2020-11-20,2020,11,3.036520402197983,1.700271398147259,1.941233188018835,2.550858476908534,370,404,406,368,32.98273575956494,30,5.666666666666667,2.266666666666667,826138,0
2020-11-21,2020,11,5.866269765038509,3.7348413729267,.5474430001780852,2.393388974017771,370,408,381,363,31.11590299083669,30,5.666666666666667,2.266666666666667,826138,0
2020-11-22,2020,11,5.961155765394679,2.920853041370537,.1350613004053693,.1350613004053693,372,410,368,355,26.02717150709326,30,5.666666666666667,2.266666666666667,826138,0
2020-11-23,2020,11,2.689256909037224,.2856998498352346,.3896066521916117,1.62675175150976,399,409,374,360,30.61648333176075,30,5.666666666666667,2.266666666666667,826138,0
2020-11-24,2020,11,4.750658759660537,2.074505853707873,1.998373157985881,1.469521669739763,472,434,378,362,22.98723428972496,30,5.666666666666667,2.266666666666667,826138,0
2020-11-25,2020,11,2.354417315437507,2.844319131825567,1.507267700128887,1.016964669917848,504,498,428,402,24.78677415692403,30,5.666666666666667,2.266666666666667,826138,0
2020-11-26,2020,11,1.861523222864182,.5038865921257055,5.910812380161262,4.261285581070398,505,507,457,449,18.41546980282267,30,5.666666666666667,2.266666666666667,826138,0
2020-11-27,2020,11,1.993169046539102,5.09744269399119,.1558426608766447,.1558426608766447,572,504,447,460,23.75769723422604,30,5.666666666666667,2.266666666666667,826138,0
2020-11-28,2020,11,2.824362185722454,1.899670467076284,.05713996996704691,.05713996996704691,606,565,512,492,12.00777318425141,30,5.666666666666667,2.266666666666667,826138,0
2020-11-29,2020,11,1.78624931023762,.9030859438067326,1.981408488068033,2.433564274066969,607,569,554,521,13.10762315834502,30,5.666666666666667,2.266666666666667,826138,0
2020-11-30,2020,11,4.298045404389148,1,3.690265105665252,3.690265105665252,632,578,561,528,29.09452497170154,30,5.666666666666667,2.266666666666667,826138,0
2020-12-01,2020,12,3.55630200947608,4.30065845347364,1.862910643757534,4.259279511955508,647,615,586,563,50.93014715730291,33,5.967741935483871,1.534193548387097,826138,0
2020-12-02,2020,12,6.263369992356969,2.605385397791089,1.315868857402427,.8251646133684102,647,640,601,579,13.74941114191174,33,5.967741935483871,1.534193548387097,826138,0
2020-12-03,2020,12,2.04441519114781,5.239736161680435,.4907042440340166,.4907042440340166,647,650,604,584,29.49044793604355,33,5.967741935483871,1.534193548387097,826138,0
2020-12-04,2020,12,4.054928134705531,.4795279622217693,.03977408622622045,.03977408622622045,501,643,606,598,27.86767394836541,33,5.967741935483871,1.534193548387097,826138,0
2020-12-05,2020,12,6.340594332402073,.939444553302504,.1714199099011408,.1714199099011408,420,463,471,537,22.78562615715144,33,5.967741935483871,1.534193548387097,826138,0
2020-12-06,2020,12,2.746017654738948,1.650730440559798,.9026847299837544,.4903030302110383,419,446,410,451,29.77716836167642,33,5.967741935483871,1.534193548387097,826138,0
2020-12-07,2020,12,3.376663725220689,1.470324097385719,.05713996996704691,.09691405619326736,421,448,409,437,33.29703779707808,33,5.967741935483871,1.534193548387097,826138,0
2020-12-08,2020,12,2.137089356242466,1.506281493058513,.1350613004053693,.2129826308436916,444,453,406,427,42.85102629828799,33,5.967741935483871,1.534193548387097,826138,0
2020-12-09,2020,12,1.334861583157372,.5876183002272839,2.708729193622275,3.844776701098019,460,480,426,436,51.14985285735402,33,5.967741935483871,1.534193548387097,826138,0
2020-12-10,2020,12,1.864938699594631,1.057139969967047,.8175656009888238,2.311650953026021,487,485,448,460,34.94875967183237,33,5.967741935483871,1.534193548387097,826138,0
2020-12-11,2020,12,3.160026196525783,3.395417029854868,1.365409814989887,1.599173806304855,527,502,475,487,17.43429867801151,33,5.967741935483871,1.534193548387097,826138,0
2020-12-12,2020,12,3.272679294445758,1.017365883740826,.3116853217532894,.9806060604220767,551,539,499,485,21.84784004297331,33,5.967741935483871,1.534193548387097,826138,0
2020-12-13,2020,12,4.839516234201765,2.050309016506149,0,0,550,551,515,504,16.96962594003931,33,5.967741935483871,1.534193548387097,826138,0
2020-12-14,2020,12,1.642329000534256,.9598246999508012,2.23173593547787,1.781206991493052,490,554,519,508,27.60103350671121,33,5.967741935483871,1.534193548387097,826138,0
2020-12-15,2020,12,6.706243568512726,.2856998498352346,0,0,458,507,477,483,19.85462424570187,33,5.967741935483871,1.534193548387097,826138,0
2020-12-16,2020,12,8.058632828113137,.8123614895420446,0,0,460,489,459,438,19.87731134072325,33,5.967741935483871,1.534193548387097,826138,0
2020-12-17,2020,12,2.919064406654207,1.306079996483532,.3688252917203363,2.392987760194793,427,495,464,433,32.59545598744018,33,5.967741935483871,1.534193548387097,826138,0
2020-12-18,2020,12,2.155680868174433,2.369593350639024,.5644420388232014,2.470909090633115,408,444,434,421,28.33200254738813,33,5.967741935483871,1.534193548387097,826138,0
2020-12-19,2020,12,6.722383824062413,.8695014595090912,.1142799399340938,.1142799399340938,411,435,416,397,12.09924370787713,33,5.967741935483871,1.534193548387097,826138,0
2020-12-20,2020,12,3.800143361798523,1.842530497109237,0,0,412,442,409,395,13.25305831291668,33,5.967741935483871,1.534193548387097,826138,0
2020-12-21,2020,12,7.114624798307597,.3999797897693285,.2701226008107385,.6045829701451322,446,431,404,398,42.27572807201593,33,5.967741935483871,1.534193548387097,826138,0
2020-12-22,2020,12,.961852755787898,.5474430001780852,1.469521669739763,3.097075848895479,473,472,427,421,41.37856593903087,33,5.967741935483871,1.534193548387097,826138,0
2020-12-23,2020,12,7.105259854522461,1.65032922673682,0,.412381699772716,479,480,435,461,49.87058681147526,33,5.967741935483871,1.534193548387097,826138,0
2020-12-24,2020,12,5.74097533599438,.9110641804516423,.1558426608766447,.2337639913149671,482,487,443,461,18.35117601057888,33,5.967741935483871,1.534193548387097,826138,0
2020-12-25,2020,12,1.922078669561678,.7222783868096749,3.119484051380873,2.707102351608157,480,492,449,458,38.85728986763067,33,5.967741935483871,1.534193548387097,826138,0
2020-12-26,2020,12,.549471056015182,0,2.195377325982099,1.371015140259645,453,494,445,460,31.71435853377925,33,5.967741935483871,1.534193548387097,826138,0
2020-12-27,2020,12,1.919465620477185,.996584523269551,1.115667360827446,.5474430001780852,433,469,421,453,26.67965836057239,33,5.967741935483871,1.534193548387097,826138,0
2020-12-28,2020,12,2.781975050411741,.07792133043832235,1.116068574650424,1.116068574650424,437,472,402,429,42.4885476587605,33,5.967741935483871,1.534193548387097,826138,0
2020-12-29,2020,12,6.196947812546743,5.671076218480827,.8823045833354571,.8823045833354571,437,477,402,423,16.35355852950662,33,5.967741935483871,1.534193548387097,826138,0
2020-12-30,2020,12,6.887051125509783,1.849121312860794,.9043115719978728,.5304783302602369,452,480,395,420,18.31936777899251,33,5.967741935483871,1.534193548387097,826138,0
2020-12-31,2020,12,6.456902328173262,2.207778519396912,.4521557859989364,.07792133043832235,461,496,409,424,20.60667248411966,33,5.967741935483871,1.534193548387097,826138,0
2021-01-01,2021,1,3.909755104565418,1.842129283286259,.1922012703724162,.2701226008107385,462,495,427,430,20.55320050776201,27.70967741935484,6.967741935483871,1.638637187386734,826955,0
2021-01-02,2021,1,1.94024698094846,.412381699772716,1.876494205672201,2.701257605217633,461,498,430,439,24.9150835654642,27.70967741935484,6.967741935483871,1.638637187386734,826955,0
2021-01-03,2021,1,5.098646335460124,1.412782913595694,1.564407670095934,.5838016096738567,462,502,431,444,11.16257327977276,27.70967741935484,6.967741935483871,1.638637187386734,826955,0
2021-01-04,2021,1,1.996985737092529,1.017767097563805,.4695216697397629,.2129826308436916,462,499,432,443,27.24742371877216,27.70967741935484,6.967741935483871,1.638637187386734,826955,0
2021-01-05,2021,1,3.17699086644363,.7382568496571492,1.251531088878772,2.075893274601226,461,499,436,442,34.49670932025072,27.70967741935484,6.967741935483871,1.638637187386734,826955,0
2021-01-06,2021,1,1.798812296354645,1.372607613546495,1,1.412381699772716,462,501,433,442,20.61608650120171,27.70967741935484,6.967741935483871,1.638637187386734,826955,0
2021-01-07,2021,1,1.76448174269597,1.430148797336521,2.154215818862526,2.153814605039548,463,500,426,432,39.77084843971973,27.70967741935484,6.967741935483871,1.638637187386734,826955,0
2021-01-08,2021,1,4.086244425456736,.3428398198022815,.2111939961273612,.2111939961273612,462,500,410,416,36.78453161677515,27.70967741935484,6.967741935483871,1.638637187386734,826955,0
2021-01-09,2021,1,2.715848647171755,1.531703958451377,.9810072742450549,.4907042440340166,463,508,419,420,29.5424291064481,27.70967741935484,6.967741935483871,1.638637187386734,826955,0
2021-01-10,2021,1,1.707469196703868,1.060555446697496,3.178813869887229,7.244539059304235,463,512,429,420,16.84006452765096,27.70967741935484,6.967741935483871,1.638637187386734,826955,0
2021-01-11,2021,1,2.741109319862408,2.43014879733652,1.923867304278008,2.336249004050724,467,511,436,426,39.0450550798041,27.70967741935484,6.967741935483871,1.638637187386734,826955,0
2021-01-12,2021,1,3.612583196347697,1.225144403137739,.07792133043832235,0,465,499,434,428,43.72497064626075,27.70967741935484,6.967741935483871,1.638637187386734,826955,0
2021-01-13,2021,1,7.239278592407983,.2856998498352346,.05713996996704691,.05713996996704691,466,497,433,431,25.71263165727082,27.70967741935484,6.967741935483871,1.638637187386734,826955,0
2021-01-14,2021,1,11.88317807950688,1.453704283005926,0,0,532,497,426,431,37.41229473417315,27.70967741935484,6.967741935483871,1.638637187386734,826955,0
2021-01-15,2021,1,7.376128527529683,.5142597297034222,0,0,606,575,480,458,26.08789835404556,27.70967741935484,6.967741935483871,1.638637187386734,826955,0
2021-01-16,2021,1,7.539993401331098,.6413427934638819,.2129826308436916,.05713996996704691,623,624,555,520,28.43225373530472,27.70967741935484,6.967741935483871,1.638637187386734,826955,0
2021-01-17,2021,1,1.847572815853804,2.102886226558735,3.768186436103576,3.767785222280597,603,629,597,554,33.97141105401572,27.70967741935484,6.967741935483871,1.638637187386734,826955,0
2021-01-18,2021,1,1.586230879333932,.904712785820851,2.296474917824504,1.1368499351217,590,608,578,548,50.65878266611807,27.70967741935484,6.967741935483871,1.638637187386734,826955,0
2021-01-19,2021,1,1.646546904910661,1.412381699772716,0,0,559,603,555,529,28.70634511424578,27.70967741935484,6.967741935483871,1.638637187386734,826955,0
2021-01-20,2021,1,2.188384579818989,1.734440159103722,3.768059012128631,4.630969655886164,517,546,549,516,23.10753971064993,27.70967741935484,6.967741935483871,1.638637187386734,826955,0
2021-01-21,2021,1,4.449141523091465,2.838713806555809,.4903030302110383,.07792133043832235,496,535,521,482,31.71089048987539,27.70967741935484,6.967741935483871,1.638637187386734,826955,0
2021-01-22,2021,1,.568625574472339,.07792133043832235,2.158032509415953,5.434712273839555,461,502,468,466,27.00021086883458,27.70967741935484,6.967741935483871,1.638637187386734,826955,0
2021-01-23,2021,1,1.998373157985881,1.174434172808611,1.795191767230698,4.427352682580734,461,500,434,423,13.93262597901122,27.70967741935484,6.967741935483871,1.638637187386734,826955,0
2021-01-24,2021,1,1.093498579462818,.03977408622622045,1.410388012662887,5.100251904505162,462,505,440,431,20.89434474809564,27.70967741935484,6.967741935483871,1.638637187386734,826955,0
2021-01-25,2021,1,0,.07792133043832235,3.100892539448906,6.440121437679832,491,512,447,429,9.311663332195634,27.70967741935484,6.967741935483871,1.638637187386734,826955,0
2021-01-26,2021,1,.4127829135956942,1.060555446697496,3.086300780906209,2.713693167359714,511,550,469,443,7.292129589473154,27.70967741935484,6.967741935483871,1.638637187386734,826955,0
2021-01-27,2021,1,.5277598439230062,4.066527617062963,1.61939216025094,1.090941885827799,510,541,486,459,26.10317544040044,27.70967741935484,6.967741935483871,1.638637187386734,826955,0
2021-01-28,2021,1,2.704454933796396,1.155680868174433,1.454183841836033,.6667652588567465,488,508,477,447,33.67592819507244,27.70967741935484,6.967741935483871,1.638637187386734,826955,0
2021-01-29,2021,1,2.034330553658675,1.409367436865245,1.058928604683377,3.020943153173487,453,481,454,430,42.67824474816267,27.70967741935484,6.967741935483871,1.638637187386734,826955,0
2021-01-30,2021,1,6.007760805081797,4.083492286980811,1.111265677026623,1.523647376799339,452,469,418,398,9.87771983386334,27.70967741935484,6.967741935483871,1.638637187386734,826955,0
2021-01-31,2021,1,2.781446412613818,4.160026196525782,.5872170864043056,.09691405619326736,451,470,425,401,15.39092810724745,27.70967741935484,6.967741935483871,1.638637187386734,826955,0
2021-02-01,2021,2,1.110864463203645,.665138416842628,1.86334622630778,4.259313880682774,472,469,434,399,29.05156245069602,22.67857142857143,5.892857142857143,1.278190208667737,826955,0
2021-02-02,2021,2,3.142293467689246,2.47549384010523,2.586977665283539,1.606371604861462,487,495,452,408,43.3016095455293,22.67857142857143,5.892857142857143,1.278190208667737,826955,0
2021-02-03,2021,2,0,.7434609611039286,4.201222072372623,7.837566523371798,487,496,462,438,34.73607586238298,22.67857142857143,5.892857142857143,1.278190208667737,826955,0
2021-02-04,2021,2,10.20294196963442,2.769573140408353,.05713996996704691,.05713996996704691,487,493,454,427,27.7084804353205,22.67857142857143,5.892857142857143,1.278190208667737,826955,0
2021-02-05,2021,2,6.019393939577922,4.367565294801928,.8123614895420446,.3999797897693285,487,495,454,422,20.93412844187445,22.67857142857143,5.892857142857143,1.278190208667737,826955,0
2021-02-06,2021,2,5.240376796624179,3.549999693813104,.1350613004053693,.2129826308436916,486,498,458,429,42.3555220498479,22.67857142857143,5.892857142857143,1.278190208667737,826955,0
2021-02-07,2021,2,3.450768365105584,5.412910337570637,.5664357259330303,.3480439312490609,486,496,460,432,29.59158061036635,22.67857142857143,5.892857142857143,1.278190208667737,826955,0
2021-02-08,2021,2,.07954817245244089,1.746876437834378,4.764002900454437,6.297461124894877,486,490,458,426,47.76907839542183,22.67857142857143,5.892857142857143,1.278190208667737,826955,0
2021-02-09,2021,2,.4695216697397629,.1176954166645428,1.479689754923981,3.209165940290264,484,487,460,429,50.32433650110274,22.67857142857143,5.892857142857143,1.278190208667737,826955,0
2021-02-10,2021,2,.824763399545432,1.077921330438322,3.453978789442535,5.555661374532335,492,489,463,438,29.27841714070751,22.67857142857143,5.892857142857143,1.278190208667737,826955,0
2021-02-11,2021,2,4.046971884782828,2.943021822735164,1.114279939934094,1.899269253253306,502,496,471,428,42.04966486082248,22.67857142857143,5.892857142857143,1.278190208667737,826955,0
2021-02-12,2021,2,0,0,.4675279826299342,5.653505282346503,516,502,500,444,37.33966301790515,22.67857142857143,5.892857142857143,1.278190208667737,826955,0
2021-02-13,2021,2,.412381699772716,.4127829135956942,.6025892830353035,4.276679764423601,528,519,513,440,34.86776088143063,22.67857142857143,5.892857142857143,1.278190208667737,826955,0
2021-02-14,2021,2,.4903030302110383,.07792133043832235,0,.07792133043832235,530,526,512,458,33.89688968157689,22.67857142857143,5.892857142857143,1.278190208667737,826955,0
2021-02-15,2021,2,0,0,3.651222378559518,9.425769816846477,529,520,517,459,26.23405976788521,22.67857142857143,5.892857142857143,1.278190208667737,826955,0
2021-02-16,2021,2,.8649386995946308,.8251646133684102,3.060316025576729,4.454106213417478,529,528,524,467,14.83579026782508,22.67857142857143,5.892857142857143,1.278190208667737,826955,0
2021-02-17,2021,2,1.412381699772716,2.217567380315807,.4483734641727772,1.233362777491989,529,532,534,477,15.95361310846457,22.67857142857143,5.892857142857143,1.278190208667737,826955,0
2021-02-18,2021,2,5.116836633569112,4.646512536183394,.07954817245244089,.1574695028907633,542,523,524,473,14.06853368334241,22.67857142857143,5.892857142857143,1.278190208667737,826955,0
2021-02-19,2021,2,1.807397515804606,.4907042440340166,1.526456587313311,1.254545351786242,552,533,521,468,27.87448157382878,22.67857142857143,5.892857142857143,1.278190208667737,826955,0
2021-02-20,2021,2,.5872170864043057,.1574695028907633,5.400219927478669,3.101716953817068,551,540,519,477,40.304997216261,22.67857142857143,5.892857142857143,1.278190208667737,826955,0
2021-02-21,2021,2,6.599858417528458,6.843059134907159,.1142799399340938,.1142799399340938,548,549,520,468,17.35321367396857,22.67857142857143,5.892857142857143,1.278190208667737,826955,0
2021-02-22,2021,2,9.183124829511311,2.994957681255432,.05713996996704691,.1350613004053693,524,557,524,460,23.72365647052202,22.67857142857143,5.892857142857143,1.278190208667737,826955,0
2021-02-23,2021,2,.9051139996438293,1.512711232696432,3.332833527320274,2.172807330794493,508,522,506,446,40.5162104246581,22.67857142857143,5.892857142857143,1.278190208667737,826955,0
2021-02-24,2021,2,.9602259137737795,.5474430001780852,3.587780092929495,4.645906269966916,508,517,487,423,34.64269888761857,22.67857142857143,5.892857142857143,1.278190208667737,826955,0
2021-02-25,2021,2,3.309037903941529,1.414409755609813,.7222783868096749,1.959824699950801,509,513,491,418,37.7546893638726,22.67857142857143,5.892857142857143,1.278190208667737,826955,0
2021-02-26,2021,2,1.925494146292127,1.668553893573077,3.000161792702211,1.606371604861462,532,507,481,424,31.18530811248663,22.67857142857143,5.892857142857143,1.278190208667737,826955,0
2021-02-27,2021,2,.9220786695616776,.9428600300329532,.8917046096009869,2.876494205672202,545,533,508,434,36.98253754310701,22.67857142857143,5.892857142857143,1.278190208667737,826955,0
2021-02-28,2021,2,4.879290320427986,3.654891986651281,.09691405619326736,.09691405619326736,546,538,524,449,24.36754330524426,22.67857142857143,5.892857142857143,1.278190208667737,826955,0
2021-03-01,2021,3,2.570893051430202,3.452155785998936,1.393388974017771,.4907042440340166,546,538,524,454,22.71392602575195,23.74193548387097,5.612903225806452,1.228977890540051,826955,0
2021-03-02,2021,3,.4127829135956942,.1558426608766447,5.023534215535774,6.752609187079078,546,540,519,448,42.18477219820706,23.74193548387097,5.612903225806452,1.228977890540051,826955,0
2021-03-03,2021,3,1.017767097563805,.5096969697889616,3.610188295414889,5.377811724993275,545,537,491,427,37.01625150640805,23.74193548387097,5.612903225806452,1.228977890540051,826955,0
2021-03-04,2021,3,1.593886247162992,6.420910563773202,1.544027523447636,.7967842405175484,545,545,477,411,65.97859746319831,23.74193548387097,5.612903225806452,1.228977890540051,826955,0
2021-03-05,2021,3,1.809425571641702,2.882705797158436,.6257655444393858,1.606371604861462,561,544,481,413,25.49946596359129,23.74193548387097,5.612903225806452,1.228977890540051,826955,0
2021-03-06,2021,3,1.287087270728587,.6637509959492759,2.765629742468557,5.575182738085202,576,574,507,418,23.02703313712585,23.74193548387097,5.612903225806452,1.228977890540051,826955,0
2021-03-07,2021,3,.7604256310217768,.7192641239022042,6.30370708510838,4.871769653055528,576,573,523,437,31.26491541484102,23.74193548387097,5.612903225806452,1.228977890540051,826955,0
2021-03-08,2021,3,1.65830746338173,.6413427934638819,2.197806595642174,4.572202843904999,576,572,533,438,53.72341326112518,23.74193548387097,5.612903225806452,1.228977890540051,826955,0
2021-03-09,2021,3,.1922012703724162,.7638411077522259,1.309896687036959,2.803982039074156,577,575,537,443,62.33511595519139,23.74193548387097,5.612903225806452,1.228977890540051,826955,0
2021-03-10,2021,3,0,0,2.414008541786834,1.136688142419488,576,582,556,452,46.93274478239373,23.74193548387097,5.612903225806452,1.228977890540051,826955,0
2021-03-11,2021,3,1.209968367936221,1.469922883562741,1.214771265560022,3.885480638945139,594,565,538,458,41.45392445648718,23.74193548387097,5.612903225806452,1.228977890540051,826955,0
2021-03-12,2021,3,.1350613004053693,0,.2337639913149671,1.860515742824727,607,569,532,444,54.63935274333053,23.74193548387097,5.612903225806452,1.228977890540051,826955,0
2021-03-13,2021,3,1.062583502534593,1.256172193800361,3.346255296532731,3.758636996305447,608,560,526,439,19.50236518452887,23.74193548387097,5.612903225806452,1.228977890540051,826955,0
2021-03-14,2021,3,.1193222586786613,3.514901081235741,3.544428737270614,3.700271398147259,610,552,530,445,16.01608389726476,23.74193548387097,5.612903225806452,1.228977890540051,826955,0
2021-03-15,2021,3,0,.1193222586786613,4.31848190648692,3.904473364700084,609,539,513,425,21.47037389010666,23.74193548387097,5.612903225806452,1.228977890540051,826955,0
2021-03-16,2021,3,1.882304583335457,.70328566105473,4.199962075454213,4.691089520033414,635,534,516,424,49.69073314784976,23.74193548387097,5.612903225806452,1.228977890540051,826955,0
2021-03-17,2021,3,2.121350314515758,7.071239790510023,0,0,661,571,536,462,20.06690988615235,23.74193548387097,5.612903225806452,1.228977890540051,826955,0
2021-03-18,2021,3,3.448740309268487,.8161781800954716,1.330678047508234,2.233763991314967,674,580,572,503,23.96540147293437,23.74193548387097,5.612903225806452,1.228977890540051,826955,0
2021-03-19,2021,3,2.590174993862303,.1714199099011408,2.688109625853212,6.067915037956316,655,579,563,500,31.06158183893622,23.74193548387097,5.612903225806452,1.228977890540051,826955,0
2021-03-20,2021,3,.2856998498352346,.2891153265656836,1.077921330438322,3.039534665105454,649,561,557,494,40.32210825205194,23.74193548387097,5.612903225806452,1.228977890540051,826955,0
2021-03-21,2021,3,1.547443000178085,.9792186395287247,5.319284334132876,3.552886532745631,642,572,538,479,20.50335139159925,23.74193548387097,5.612903225806452,1.228977890540051,826955,0
2021-03-22,2021,3,3.968282495425818,6.082633503885381,1.038147244212102,2.532633810072278,612,599,540,472,39.49677322822434,23.74193548387097,5.612903225806452,1.228977890540051,826955,0
2021-03-23,2021,3,1.067686942715767,1.472622471224783,2.795632100717591,4.163895150882027,589,581,495,459,17.15319103140357,23.74193548387097,5.612903225806452,1.228977890540051,826955,0
2021-03-24,2021,3,.1558426608766447,.412381699772716,.4907042440340166,.9810072742450549,617,619,503,438,9.666765258856746,23.74193548387097,5.612903225806452,1.228977890540051,826955,0
2021-03-25,2021,3,.5842028234968349,1.52666163970681,3.687307198207255,4.611942561403952,661,632,503,456,15.7109901078516,23.74193548387097,5.612903225806452,1.228977890540051,826955,0
2021-03-26,2021,3,1.507668913951865,.6621241539351573,3.469521669739762,1.857339687215044,692,656,535,474,21.97229767564421,23.74193548387097,5.612903225806452,1.228977890540051,826955,0
2021-03-27,2021,3,6.43233864587583,2.164588956440243,0,0,701,682,546,480,15.14276574720224,23.74193548387097,5.612903225806452,1.228977890540051,826955,0
2021-03-28,2021,3,1.563020249202581,.9602259137737795,4.262968778533991,2.123138949232088,698,689,573,508,18.88140253771329,23.74193548387097,5.612903225806452,1.228977890540051,826955,0
2021-03-29,2021,3,0,0,2.072307114204546,9.420889290804119,611,659,573,522,34.07882262693758,23.74193548387097,5.612903225806452,1.228977890540051,826955,0
2021-03-30,2021,3,4.198574654560862,2.110864463203645,2.901297309090402,2.564808883918912,572,528,470,460,58.83803322144553,23.74193548387097,5.612903225806452,1.228977890540051,826955,0
2021-03-31,2021,3,2.253982345261052,4.750658759660537,.4241766269710527,.9144796571820911,554,531,438,432,30.79061005974719,23.74193548387097,5.612903225806452,1.228977890540051,826955,0
2021-04-01,2021,4,1.564808883918912,.8827057971584353,3.136884303848968,8.461705225797065,649,480,395,410,41.61852681159153,22.86666666666667,5.666666666666667,1.885674157303371,826955,0
2021-04-02,2021,4,1.344227240695633,.8823045833354571,6.224983327024101,4.560485545125217,803,654,494,415,52.18255525742213,22.86666666666667,5.666666666666667,1.885674157303371,826955,0
2021-04-03,2021,4,3.435191116081088,1.781446412613819,1.920050613724581,2.372206399723517,850,714,639,585,31.94485953358386,22.86666666666667,5.666666666666667,1.885674157303371,826955,0
2021-04-04,2021,4,2.724835080444694,1.29548871075413,6.185610454620858,6.246933960237042,870,757,691,643,28.59887802689916,22.86666666666667,5.666666666666667,1.885674157303371,826955,0
2021-04-05,2021,4,.4127829135956942,.07792133043832235,5.689898260569542,6.027211100109195,826,751,680,642,51.31656537471523,22.86666666666667,5.666666666666667,1.885674157303371,826955,0
2021-04-06,2021,4,2.433163060243992,3.550858476908534,2.663349782126298,2.211193996127361,805,743,649,601,109.9884384422382,22.86666666666667,5.666666666666667,1.885674157303371,826955,0
2021-04-07,2021,4,5.204441387673592,3.942001246937522,0,0,807,755,644,565,36.50018798836622,22.86666666666667,5.666666666666667,1.885674157303371,826955,0
2021-04-08,2021,4,1.768024643401363,4.297734914742911,1.278502051278626,3.419134308226485,803,771,662,571,53.66200792513173,22.86666666666667,5.666666666666667,1.885674157303371,826955,0
2021-04-09,2021,4,5.375861297574732,6.119393327204131,.1714199099011408,.1714199099011408,803,759,632,547,46.3963873370157,22.86666666666667,5.666666666666667,1.885674157303371,826955,0
2021-04-10,2021,4,2.528288481720929,3.394430822784493,2.393388974017771,1.195215533279887,878,769,625,541,42.69270323659047,22.86666666666667,5.666666666666667,1.885674157303371,826955,0
2021-04-11,2021,4,.03977408622622045,2.220053005425355,1.800199717247997,1.682905514406433,939,882,707,592,26.18324264309821,22.86666666666667,5.666666666666667,1.885674157303371,826955,0
2021-04-12,2021,4,1.355642943628647,.9026847299837544,1.136448721298722,.607998446875581,1010,911,754,652,61.34956620420535,22.86666666666667,5.666666666666667,1.885674157303371,826955,0
2021-04-13,2021,4,.8251646133684102,1.237546313141126,.07792133043832235,.07792133043832235,1090,1010,834,683,67.90446002006958,22.86666666666667,5.666666666666667,1.885674157303371,826955,0
2021-04-14,2021,4,2.336249004050724,2.631336500981876,.1176954166645428,.8417624381905482,1320,1020,835,707,64.97321135414852,22.86666666666667,5.666666666666667,1.885674157303371,826955,0
2021-04-15,2021,4,3.842931710932215,3.161653038539901,2.077921330438322,2.941233188018834,1430,1250,1080,817,92.22841375183235,22.86666666666667,5.666666666666667,1.885674157303371,826955,0
2021-04-16,2021,4,4.628322238074404,1.104892292838177,.9792186395287245,.9792186395287245,1570,1290,1090,916,39.55397645934276,22.86666666666667,5.666666666666667,1.885674157303371,826955,0
2021-04-17,2021,4,1.020781360471275,.07792133043832235,0,0,1650,1460,1280,1020,20.82752355228412,22.86666666666667,5.666666666666667,1.885674157303371,826955,0
2021-04-18,2021,4,2.339502688078961,2.415797176503165,4.378212938816252,4.556429433451024,1510,1470,1330,1090,15.16289906299886,22.86666666666667,5.666666666666667,1.885674157303371,826955,0
2021-04-19,2021,4,1.86371307140349,1.632434705198072,3.252355503246933,3.351425039252241,1280,1240,1160,1050,35.4852022924822,22.86666666666667,5.666666666666667,1.885674157303371,826955,0
2021-04-20,2021,4,.571879258500576,2.593590470592752,.5702524164864575,2.259954515626521,1230,1110,989,868,53.55497315066698,22.86666666666667,5.666666666666667,1.885674157303371,826955,0
2021-04-21,2021,4,3.005972170365467,2.257926459789423,.6079984468755811,.6249974855206974,1140,1070,943,805,55.81234254480844,22.86666666666667,5.666666666666667,1.885674157303371,826955,0
2021-04-22,2021,4,3.701440670888925,1.3894448594894,5.216764952669851,3.037985451509889,1030,993,854,759,46.3531603605077,22.86666666666667,5.666666666666667,1.885674157303371,826955,0
2021-04-23,2021,4,1.611653344726797,6.971367826858758,.7608268448447552,1.625765544439386,981,915,768,696,56.33654430754054,22.86666666666667,5.666666666666667,1.885674157303371,826955,0
2021-04-24,2021,4,1.295087496931151,.412381699772716,4.296910500374749,8.579801856284584,982,905,752,676,37.56240742025756,22.86666666666667,5.666666666666667,1.885674157303371,826955,0
2021-04-25,2021,4,.05713996996704691,0,8.206391815092136,4.221440426318707,978,888,756,666,27.05839340415692,22.86666666666667,5.666666666666667,1.885674157303371,826955,0
2021-04-26,2021,4,0,.03977408622622045,9.271130797438767,7.132125382505027,924,888,764,657,50.56627345731495,22.86666666666667,5.666666666666667,1.885674157303371,826955,0
2021-04-27,2021,4,3.705842354689749,1.175236600454568,4.256137825073093,1.289115326565683,891,823,696,623,48.00871873023757,22.86666666666667,5.666666666666667,1.885674157303371,826955,0
2021-04-28,2021,4,3.608237867996348,2.962253969610876,1.218024949588259,1.47456398848433,1010,951,740,608,21.06552246525899,22.86666666666667,5.666666666666667,1.885674157303371,826955,0
2021-04-29,2021,4,5.154983877781214,1.679490037675984,1.547443000178085,.6447582701943309,1060,972,929,783,20.41277053439866,22.86666666666667,5.666666666666667,1.885674157303371,826955,0
2021-04-30,2021,4,2.593590470592752,1.673835633438411,2.452317578701148,3.083492286980811,1110,936,834,711,34.52628058473806,22.86666666666667,5.666666666666667,1.885674157303371,826955,0
2021-05-01,2021,5,.9026847299837544,.1350613004053693,5.104709230002333,9.426572244492434,1140,981,845,690,23.59464774335315,22.06451612903226,4.741935483870968,1.862087712939471,826955,0
2021-05-02,2021,5,0,.5105557528843916,2.322058459331006,2.477901120207651,1150,990,858,714,26.66477461657097,22.06451612903226,4.741935483870968,1.862087712939471,826955,0
2021-05-03,2021,5,1.355241729805669,.9432612438559314,3.647533111981034,4.473098939172423,1220,1140,953,719,35.5557691371851,22.06451612903226,4.741935483870968,1.862087712939471,826955,0
2021-05-04,2021,5,1.804383252897134,2.0783225442613,3.650786796009272,5.082323014239145,1400,1090,1140,917,22.46777044857476,22.06451612903226,4.741935483870968,1.862087712939471,826955,0
2021-05-05,2021,5,3.296313125122291,2.057139969967047,2.157631295592975,1.666927051558958,1660,1280,1230,939,28.21579416959315,22.06451612903226,4.741935483870968,1.862087712939471,826955,0
2021-05-06,2021,5,.9444868720470716,1.47333836029319,.4675279826299342,4.4537049995945,2010,1540,1430,1100,55.79524487514728,22.06451612903226,4.741935483870968,1.862087712939471,826955,0
2021-05-07,2021,5,.996584523269551,1.393388974017771,1.744848381997281,4.594576677663126,2150,1840,1680,1370,97.92329144266733,22.06451612903226,4.741935483870968,1.862087712939471,826955,0
2021-05-08,2021,5,1.435191116081088,2.098702690909598,2.096914056193267,.8195936568259204,2130,1830,1680,1460,38.43972326868091,22.06451612903226,4.741935483870968,1.862087712939471,826955,0
2021-05-09,2021,5,.07792133043832235,1.077921330438322,4.318883120309897,4.691089520033414,2130,1830,1700,1450,35.2282304483238,22.06451612903226,4.741935483870968,1.862087712939471,826955,0
2021-05-10,2021,5,1.020781360471275,1.001259996918408,3.386993603107119,7.966599297962224,2130,1840,1730,1450,43.40589936326249,22.06451612903226,4.741935483870968,1.862087712939471,826955,0
2021-05-11,2021,5,7.096857700743792,.6785601860550834,.9398457671254824,.939444553302504,2130,1820,1720,1410,57.01038789618097,22.06451612903226,4.741935483870968,1.862087712939471,826955,0
2021-05-12,2021,5,0,.1574695028907633,3.475528208832498,4.674526063938545,2130,1820,1710,1450,39.80647643071156,22.06451612903226,4.741935483870968,1.862087712939471,826955,0
2021-05-13,2021,5,2.112653097919975,1.469922883562741,3.55507638128494,7.994634812439583,2030,1800,1720,1510,40.32211785960454,22.06451612903226,4.741935483870968,1.862087712939471,826955,0
2021-05-14,2021,5,0,0,2.727883712079432,7.695068003289053,1800,1550,1540,1380,108.845728688212,22.06451612903226,4.741935483870968,1.862087712939471,826955,0
2021-05-15,2021,5,.05713996996704691,0,5.341291322795292,3.729510554093551,1620,1340,1340,1110,36.09130216819497,22.06451612903226,4.741935483870968,1.862087712939471,826955,0
2021-05-16,2021,5,.646145691087683,1.768425857224341,3.826987616812008,7.618773514864849,1580,1260,1230,966,26.67777318523825,22.06451612903226,4.741935483870968,1.862087712939471,826955,0
2021-05-17,2021,5,1.996584523269551,1.486887553480589,.7049125030688485,.9220786695616776,1580,1250,1180,940,45.76331405190233,22.06451612903226,4.741935483870968,1.862087712939471,826955,0
2021-05-18,2021,5,.665138416842628,3.807397515804606,.7624536868588736,1.097315270016245,1590,1300,1190,933,30.05262861442043,22.06451612903226,4.741935483870968,1.862087712939471,826955,0
2021-05-19,2021,5,1.922078669561678,1.982634116259174,1.920451827547559,1.959824699950801,1640,1320,1140,933,20.98975866966116,22.06451612903226,4.741935483870968,1.862087712939471,826955,0
2021-05-20,2021,5,3.668096324300625,.4699228835627412,2.729109340270573,6.069541879970433,1880,1460,1240,958,34.64663267800577,22.06451612903226,4.741935483870968,1.862087712939471,826955,0
2021-05-21,2021,5,0,.07792133043832235,4.572202843904999,9.033310694449607,1980,1710,1470,1160,36.84223981755605,22.06451612903226,4.741935483870968,1.862087712939471,826955,0
2021-05-22,2021,5,2.153814605039548,1.429747583513542,.1574695028907633,2.609787081591912,1990,1650,1490,1300,78.81577681213746,22.06451612903226,4.741935483870968,1.862087712939471,826955,0
2021-05-23,2021,5,2.502866016328063,1.444957987442328,4.398832506585316,3.378051146114041,2100,1680,1520,1340,30.98479469592372,22.06451612903226,4.741935483870968,1.862087712939471,826955,0
2021-05-24,2021,5,2.136688142419488,1.864938699594631,1.570252416486458,1.195215533279887,2160,1890,1750,1640,47.8128178691455,22.06451612903226,4.741935483870968,1.862087712939471,826955,0
2021-05-25,2021,5,2.220581643223278,.9826341162591735,2.395417029854868,3.218553587386181,2080,1850,1640,1570,30.77047443690762,22.06451612903226,4.741935483870968,1.862087712939471,826955,0
2021-05-26,2021,5,.05713996996704691,.939444553302504,5.889698543321545,8.366418011617915,1940,1680,1540,1450,49.92696077755207,22.06451612903226,4.741935483870968,1.862087712939471,826955,0
2021-05-27,2021,5,2.725693863540124,4.458127956364404,.6045829701451322,1.017365883740826,1720,1520,1380,1210,40.84664382959235,22.06451612903226,4.741935483870968,1.862087712939471,826955,0
2021-05-28,2021,5,3.180807556997058,.4127829135956942,4.51490108123574,4.142293467689245,1440,1260,1140,1010,41.80739533634,22.06451612903226,4.741935483870968,1.862087712939471,826955,0
2021-05-29,2021,5,2.688476470948923,.9398457671254824,.2337639913149671,4.415557755382398,1320,1090,901,822,36.74860492315427,22.06451612903226,4.741935483870968,1.862087712939471,826955,0
2021-05-30,2021,5,1.806171887613465,0,1.020781360471275,.9810072742450549,1310,1080,845,729,38.00102045136148,22.06451612903226,4.741935483870968,1.862087712939471,826955,0
2021-05-31,2021,5,1.016964669917848,2.254912196881953,.2735380775411875,1.511084390682313,1300,1280,1170,839,17.85659800111794,22.06451612903226,4.741935483870968,1.862087712939471,826955,0
2021-06-01,2021,6,2.6565188286654,3.110864463203645,1.435191116081088,1.847572815853804,1310,1070,1010,1120,18.88633142613488,21.33333333333333,4.666666666666667,1.633333333333333,826955,0
2021-06-02,2021,6,.7608268448447552,1.588843928418424,2.94667672058638,3.574196531014828,1310,1080,945,803,28.36014206594107,21.33333333333333,4.666666666666667,1.633333333333333,826955,0
2021-06-03,2021,6,4.276495984999184,.1540540261603143,3.82695324808474,2.058928604683377,1390,1120,978,852,34.25567297364808,21.33333333333333,4.666666666666667,1.633333333333333,826955,0
2021-06-04,2021,6,2.275693557353228,1.449141523091466,5.142694681512223,7.657160180197718,1540,1320,1310,1070,21.17080564777898,21.33333333333333,4.666666666666667,1.633333333333333,826955,0
2021-06-05,2021,6,.1366881424194878,1.530478330260237,3.690666319488231,3.611942561403952,1590,1170,1240,987,27.23691006146131,21.33333333333333,4.666666666666667,1.633333333333333,826955,0
2021-06-06,2021,6,2.019393939577923,1.979218639528725,1.547844214001064,1.329051205494116,1480,1160,1270,1010,34.60033579689396,21.33333333333333,4.666666666666667,1.633333333333333,826955,0
2021-06-07,2021,6,1.135462514228347,1.842530497109237,2.650363595464088,4.557231861096979,1290,1030,1150,940,47.85124752379807,21.33333333333333,4.666666666666667,1.633333333333333,826955,0
2021-06-08,2021,6,.646145691087683,1.233200984789777,4.868755390148057,6.106301703289182,1220,887,944,805,85.04681024085149,21.33333333333333,4.666666666666667,1.633333333333333,826955,0
2021-06-09,2021,6,2.180807556997057,2.670709373385117,4.396804450748219,2.925494146292126,1220,879,863,703,69.42500918601577,21.33333333333333,4.666666666666667,1.633333333333333,826955,0
2021-06-10,2021,6,2.6105551405106,.3496707732631794,3.731264820082613,.8417624381905482,1220,886,855,690,56.15683701262358,21.33333333333333,4.666666666666667,1.633333333333333,826955,0
2021-06-11,2021,6,1.394191401663727,.9216774557386993,2.453944420715267,2.27492549843454,1220,891,844,681,35.81169230231211,21.33333333333333,4.666666666666667,1.633333333333333,826955,0
2021-06-12,2021,6,1.728250557175143,2.180005129351101,1.099103904732576,5.617386093971498,1090,873,841,673,77.57295634135401,21.33333333333333,4.666666666666667,1.633333333333333,826955,0
2021-06-13,2021,6,1.903487157629711,1.374234455560614,.9407045502209124,6.242750424587905,864,700,724,612,83.26889345471511,21.33333333333333,4.666666666666667,1.633333333333333,826955,0
2021-06-14,2021,6,3.547281207475873,3.010534930279928,.2337639913149671,.1558426608766447,675,537,544,496,62.2997367465293,21.33333333333333,4.666666666666667,1.633333333333333,826955,0
2021-06-15,2021,6,3.157998140688685,.6066110259822289,2.317128854320835,3.398431292762338,619,447,401,363,56.40824139411598,21.33333333333333,4.666666666666667,1.633333333333333,826955,0
2021-06-16,2021,6,.5682243606493608,.1176954166645428,2.275727926080496,5.085280921697143,627,395,345,294,53.69780629688389,21.33333333333333,4.666666666666667,1.633333333333333,826955,0
2021-06-17,2021,6,0,.07792133043832235,3.220616011950545,8.148850631302109,630,361,304,265,46.82702941362727,21.33333333333333,4.666666666666667,1.633333333333333,826955,0
2021-06-18,2021,6,.1714199099011408,.6253643306164076,4.988640655351909,7.204363759255036,630,332,269,232,49.08030310307861,21.33333333333333,4.666666666666667,1.633333333333333,826955,0
2021-06-19,2021,6,1.810227999287659,1.509295755965983,2.141033470770837,3.340432539699861,626,386,315,225,36.24853224996497,21.33333333333333,4.666666666666667,1.633333333333333,826955,0
2021-06-20,2021,6,5.102485012735757,6.243518483506593,1.793769977610078,.5574492926600917,623,390,337,284,46.01221156501498,21.33333333333333,4.666666666666667,1.633333333333333,826955,0
2021-06-21,2021,6,0,0,.412381699772716,.5682243606493608,701,374,314,283,57.12942085445,21.33333333333333,4.666666666666667,1.633333333333333,826955,0
2021-06-22,2021,6,1.998373157985881,2.315868857402426,5.4353529087833,4.298101759838622,751,397,331,274,59.60167790023213,21.33333333333333,4.666666666666667,1.633333333333333,826955,0
2021-06-23,2021,6,4.064337768523655,2.743460961103928,1.430148797336521,2.076695702247182,747,392,343,303,118.2865629053876,21.33333333333333,4.666666666666667,1.633333333333333,826955,0
2021-06-24,2021,6,3.074505853707874,1.212982630843692,2.864537485771652,1.096914056193267,747,388,342,289,51.41065855497803,21.33333333333333,4.666666666666667,1.633333333333333,826955,0
2021-06-25,2021,6,4.313840801565329,1.449141523091466,4.319284334132876,5.144047733678308,747,399,351,303,31.77956120474533,21.33333333333333,4.666666666666667,1.633333333333333,826955,0
2021-06-26,2021,6,5.801368989989664,2.681116879690102,.1350613004053693,.2129826308436916,747,393,355,310,24.37524775204115,21.33333333333333,4.666666666666667,1.633333333333333,826955,0
2021-06-27,2021,6,.9030859438067326,2.217751159740225,0,.07792133043832235,750,396,364,317,13.37111985808836,21.33333333333333,4.666666666666667,1.633333333333333,826955,0
2021-06-28,2021,6,1.589005721120636,.6859197773139035,.2527567170699121,1.155441447053666,752,398,398,351,13.63246179460823,21.33333333333333,4.666666666666667,1.633333333333333,826955,0
2021-06-29,2021,6,3.004641104921589,3.572041051202788,2.041562720942551,1.020781360471275,755,395,416,363,15.60867649537065,21.33333333333333,4.666666666666667,1.633333333333333,826955,0
2021-06-30,2021,6,3.909755104565418,1.473739574116168,1.587217086404306,1.663912788651488,754,399,459,412,15.85977200169918,21.33333333333333,4.666666666666667,1.633333333333333,826955,0
2021-07-01,2021,7,1.433163060243991,1.001626842014118,4.1233007419343,7.050549154215489,751,391,459,419,15.26400406457218,21.38709677419355,4.838709677419355,1.903225806451613,826955,0
2021-07-02,2021,7,1.512711232696432,1.51311244651941,4.277482192069558,2.922240462263889,676,373,441,396,15.70757463112116,21.38709677419355,4.838709677419355,1.903225806451613,826955,0
2021-07-03,2021,7,1.82516461336841,.3480439312490609,6.518683403061899,4.16251182163533,646,661,698,455,13.20034129971954,21.38709677419355,4.838709677419355,1.903225806451613,826955,0
2021-07-04,2021,7,2.372607613546496,.313150371065196,5.20540560802176,5.834151046641349,553,447,494,604,16.86043739781759,21.38709677419355,4.838709677419355,1.903225806451613,826955,0
2021-07-05,2021,7,1.490704244034017,2.867128548133939,3.56822436064936,4.157998140688685,464,387,388,394,14.04970275028967,21.38709677419355,4.838709677419355,1.903225806451613,826955,0
2021-07-06,2021,7,1.747243282930088,.6116533447267964,1.920050613724581,.6045829701451322,400,343,327,339,19.23562369172132,21.38709677419355,4.838709677419355,1.903225806451613,826955,0
2021-07-07,2021,7,.2543835590840306,1.982634116259174,1.589005721120636,1.020781360471275,377,265,269,317,16.79229254629311,21.38709677419355,4.838709677419355,1.903225806451613,826955,0
2021-07-08,2021,7,1.198870431131102,3.847572815853805,1.547844214001064,2.707469196703867,347,210,138,184,21.45238864439117,21.38709677419355,4.838709677419355,1.903225806451613,826955,0
2021-07-09,2021,7,2.944888085870049,3.469521669739762,0,0,307,187,115,112,27.33722793180399,21.38709677419355,4.838709677419355,1.903225806451613,826955,0
2021-07-10,2021,7,.9224798833846558,.5087671181680612,1.294686283108173,.05713996996704691,261,166,95.90000000000001,85,30.30857144086961,21.38709677419355,4.838709677419355,1.903225806451613,826955,1
2021-07-11,2021,7,.4903030302110383,.4127829135956942,.5876183002272839,.5876183002272839,237,160,95.3,75.09999999999999,37.27654577772012,21.38709677419355,4.838709677419355,1.903225806451613,826955,1
2021-07-12,2021,7,.4903030302110383,2.712511515448435,2.883965794076843,6.829566297169232,237,164,104,79.2,35.63638463616752,21.38709677419355,4.838709677419355,1.903225806451613,826955,0
2021-07-13,2021,7,.1190135970033997,1.0595067985017,3.390357962054937,10.66918537505225,236,140,93.09999999999999,78,39.67994238370432,21.38709677419355,4.838709677419355,1.903225806451613,826955,1
2021-07-14,2021,7,1.570536793625974,.5110299951242745,5.029555933081752,3.739912815744651,235,116,64.09999999999999,57,29.55345574426786,21.38709677419355,4.838709677419355,1.903225806451613,826955,1
2021-07-15,2021,7,6.288807451860417,3.238445026745141,.378682948520407,1.051593022930156,236,175,129,70.2,21.97585084605975,21.38709677419355,4.838709677419355,1.903225806451613,826955,0
2021-07-16,2021,7,1.429881039112367,1.429881039112367,6.072422415363826,3.843121762005108,299,169,139,109,25.205964264495,21.38709677419355,4.838709677419355,1.903225806451613,826955,0
2021-07-17,2021,7,2.289225284598759,2.177684730028417,3.916774775183813,5.553478644668008,357,233,138,98,17.81314799618502,21.38709677419355,4.838709677419355,1.903225806451613,826955,0
2021-07-18,2021,7,1.940075368759959,2.289225284598759,2.983777516518716,2.4723296886561,374,220,302,195,17.53806892626326,21.38709677419355,4.838709677419355,1.903225806451613,826955,0
2021-07-19,2021,7,1.825565827191388,1.157469502890763,2.393388974017771,1.941233188018834,372,197,222,179,27.22742802067784,21.38709677419355,4.838709677419355,1.903225806451613,826955,0
2021-07-20,2021,7,2.452556999821914,.6667652588567466,3.983197122784363,4.950057828589562,395,296,187,129,35.21712594879016,21.38709677419355,4.838709677419355,1.903225806451613,826955,0
2021-07-21,2021,7,.1922012703724162,.4907042440340166,4.616033041805413,9.091710661335062,390,187,253,210,42.12260679352969,21.38709677419355,4.838709677419355,1.903225806451613,826955,0
2021-07-22,2021,7,.4919298722251569,.4923310860481351,4.047774312428785,4.085520342817908,379,164,180,166,42.23171699074427,21.38709677419355,4.838709677419355,1.903225806451613,826955,0
2021-07-23,2021,7,.5300771164372587,.904712785820851,2.712511515448435,2.041562720942551,379,158,295,141,22.38364918923124,21.38709677419355,4.838709677419355,1.903225806451613,826955,0
2021-07-24,2021,7,.03977408622622045,.4903030302110383,2.197806595642174,5.476514415902873,408,163,209,260,10.61696289059086,21.38709677419355,4.838709677419355,1.903225806451613,826955,0
2021-07-25,2021,7,.5682243606493608,1.138476777135818,1.472937146470212,1.511084390682313,424,203,211,131,13.0728570221361,21.38709677419355,4.838709677419355,1.903225806451613,826955,0
2021-07-26,2021,7,.1574695028907633,1.100329532923716,6.008162018904775,6.577210793922298,547,234,249,172,16.22866531428548,21.38709677419355,4.838709677419355,1.903225806451613,826955,0
2021-07-27,2021,7,1.058928604683377,.03977408622622045,3.488274974373941,3.037746030389123,671,613,585,384,16.92437395251827,21.38709677419355,4.838709677419355,1.903225806451613,826955,0
2021-07-28,2021,7,.09691405619326736,1.452556999821915,2.550457263085556,2.060154232874518,671,464,473,396,17.93832435952865,21.38709677419355,4.838709677419355,1.903225806451613,826955,0
2021-07-29,2021,7,.6045829701451322,.1922012703724162,2.728651770998121,3.710884673434316,671,480,453,375,27.8818030349477,21.38709677419355,4.838709677419355,1.903225806451613,826955,0
2021-07-30,2021,7,.1350613004053693,0,7.129272912299767,9.448121663882397,670,446,423,379,33.71774271630537,21.38709677419355,4.838709677419355,1.903225806451613,826955,0
2021-07-31,2021,7,.824763399545432,1.882705797158435,3.320911176146994,3.615597459255168,670,493,496,405,22.04460407326018,21.38709677419355,4.838709677419355,1.903225806451613,826955,0
2021-08-01,2021,8,.997443306364981,4.377811724993274,.9602259137737795,.4695216697397629,671,477,476,424,12.32842336725778,24.09677419354839,5.032258064516129,1.713120695904313,826955,0
2021-08-02,2021,8,5.689702099140062,3.33950268807896,.661722940112179,1.152427184146196,675,446,456,431,27.66040730149741,24.09677419354839,5.032258064516129,1.713120695904313,826955,0
2021-08-03,2021,8,1.625364330616407,2.255313410704931,3.104146223477143,5.500916305498095,677,452,449,420,23.57866928050567,24.09677419354839,5.032258064516129,1.713120695904313,826955,0
2021-08-04,2021,8,2.979218639528724,2.806171887613465,1.804016407801425,1.157068289067785,676,451,429,419,28.45492334846853,24.09677419354839,5.032258064516129,1.713120695904313,826955,0
2021-08-05,2021,8,2.68615919843467,4.317495699416545,1.980606060422077,1.077520116615344,598,468,442,411,40.84855246019565,24.09677419354839,5.032258064516129,1.713120695904313,826955,0
2021-08-06,2021,8,.05713996996704691,.9030859438067326,2.766030956291534,5.436740329676652,527,376,348,370,41.21591198601549,24.09677419354839,5.032258064516129,1.713120695904313,826955,0
2021-08-07,2021,8,2.645983898385472,2.765010380493893,1.098702690909598,1.214771265560022,514,329,275,279,40.95078262498151,24.09677419354839,5.032258064516129,1.713120695904313,826955,0
2021-08-08,2021,8,1.681116879690102,1.624963116793429,2.491929872225157,1.431775639350639,511,312,251,242,123.9561836087754,24.09677419354839,5.032258064516129,1.713120695904313,826955,0
2021-08-09,2021,8,1.119322258678661,3.337875846064843,2.927649626104167,2.593189256769773,487,306,243,234,81.43457476923159,24.09677419354839,5.032258064516129,1.713120695904313,826955,0
2021-08-10,2021,8,1.315467643579449,.05713996996704691,3.315502012306716,4.474725781186542,474,283,206,205,28.37061902628917,24.09677419354839,5.032258064516129,1.713120695904313,826955,0
2021-08-11,2021,8,.4923310860481351,2.417022804694306,1.214771265560022,2.039534665105454,449,273,195,169,24.58346185398831,24.09677419354839,5.032258064516129,1.713120695904313,826955,0
2021-08-12,2021,8,.07954817245244089,.8649386995946308,3.414204703216314,7.048119884555414,428,250,173,156,18.07579294003644,24.09677419354839,5.032258064516129,1.713120695904313,826955,0
2021-08-13,2021,8,1.849199657867923,.275164919555306,.5702524164864574,2.453944420715267,426,236,147,112,15.75673636444329,24.09677419354839,5.032258064516129,1.713120695904313,826955,0
2021-08-14,2021,8,.1558426608766447,.07954817245244089,.3530862499936284,.3912334942057303,426,226,136,112,9.342600398681514,24.09677419354839,5.032258064516129,1.713120695904313,826955,0
2021-08-15,2021,8,.817966814811802,1.001626842014118,6.205405608021761,8.426811665613199,320,218,134,96.5,16.93011836434401,24.09677419354839,5.032258064516129,1.713120695904313,826955,0
2021-08-16,2021,8,1.82516461336841,2.112653097919975,3.710483459611337,1.982634116259174,307,316,326,233,15.08864004014267,24.09677419354839,5.032258064516129,1.713120695904313,826955,0
2021-08-17,2021,8,.5478442140010635,.412381699772716,6.774454383039283,3.988077648826719,358,182,166,205,24.58628067205487,24.09677419354839,5.032258064516129,1.713120695904313,826955,0
2021-08-18,2021,8,0,.07792133043832235,3.821015446446541,8.025183044272099,373,176,99.2,92,25.63280736673486,24.09677419354839,5.032258064516129,1.713120695904313,826955,1
2021-08-19,2021,8,.1176954166645428,.07792133043832235,5.517090929775049,6.831354931885563,400,169,94,76.59999999999999,22.11364775284019,24.09677419354839,5.032258064516129,1.713120695904313,826955,1
2021-08-20,2021,8,4.944486872047071,6.656301397102287,1.469521669739763,.9788174257057464,416,178,94.40000000000001,65.09999999999999,34.8412582119025,24.09677419354839,5.032258064516129,1.713120695904313,826955,1
2021-08-21,2021,8,1.956864758356109,.4903657365958533,5.94644799135336,6.479948969593105,373,154,99.7,76.3,23.56474416500351,24.09677419354839,5.032258064516129,1.713120695904313,826955,1
2021-08-22,2021,8,.1239372991768895,.06196864958844473,1.980731473191707,7.349237888070212,318,138,76.09999999999999,59.5,18.81357396672785,24.09677419354839,5.032258064516129,1.713120695904313,826955,1
2021-08-23,2021,8,.5339360971034839,.9380313504115553,2.323728314638812,4.199355896598183,282,111,73.5,59.7,22.3742273769948,24.09677419354839,5.032258064516129,1.713120695904313,826955,1
2021-08-24,2021,8,5.493718506941487,4.022936840283315,2.294686283108173,2.334460369334394,279,110,77.7,49.9,32.3583212122632,24.09677419354839,5.032258064516129,1.713120695904313,826955,1
2021-08-25,2021,8,1.708567400920064,3.21895480120916,1.661722940112179,1.248940026516485,210,96.7,70.8,49.9,33.65183750604113,24.09677419354839,5.032258064516129,1.713120695904313,826955,1
2021-08-26,2021,8,1.430148797336521,.4699228835627412,2.533893806990685,3.966655653411699,191,92.3,59.7,38.8,37.74031575631703,24.09677419354839,5.032258064516129,1.713120695904313,826955,1
2021-08-27,2021,8,1.564808883918911,1.036358609495772,6.184223033727505,4.790432845886757,188,113,81.7,43.3,21.6362104642957,24.09677419354839,5.032258064516129,1.713120695904313,826955,1
2021-08-28,2021,8,.9826341162591735,.1956167471028652,5.926057152817317,4.712110301625457,188,114,103,66.7,14.94893763481571,24.09677419354839,5.032258064516129,1.713120695904313,826955,0
2021-08-29,2021,8,1.762052473035895,.6049841839681104,1.178652077185017,2.298101759838623,187,111,80.90000000000001,59.7,15.30151201228041,24.09677419354839,5.032258064516129,1.713120695904313,826955,1
2021-08-30,2021,8,1.095287214179149,1.173208544617471,5.026775517558949,1.117695416664543,230,117,81.40000000000001,62.4,17.83266400777178,24.09677419354839,5.032258064516129,1.713120695904313,826955,1
2021-08-31,2021,8,.1142799399340938,.5474430001780852,3.96380318320644,4.67209679427847,219,111,75.2,64.40000000000001,31.40055822028818,24.09677419354839,5.032258064516129,1.713120695904313,826955,1
2021-09-01,2021,9,.4127829135956942,.2735380775411875,2.727849343352164,2.471310304456094,206,162,79.90000000000001,60,21.31354502215964,24.4,5.3,1.8,826955,1
2021-09-02,2021,9,.6257655444393858,2.945874292940423,4.373833241737636,2.03798545150989,221,123,148,150,17.01885873905147,24.4,5.3,1.8,826955,0
2021-09-03,2021,9,3.922479883384656,2.509696969788962,1.192201270372416,1.152427184146196,228,111,94.8,85.5,22.85843132870271,24.4,5.3,1.8,826955,1
2021-09-04,2021,9,0,.4907042440340166,2.867128548133939,4.610773288662285,186,105,91,89.90000000000001,15.73017899503603,24.4,5.3,1.8,826955,1
2021-09-05,2021,9,5.752686815497634,4.060097877425044,1.43356427406697,1.511485604505292,175,105,73.90000000000001,91,14.9887460897692,24.4,5.3,1.8,826955,1
2021-09-06,2021,9,1.707870410526846,.6829055144064328,6.598794582039532,4.970839189060837,175,102,65.90000000000001,65,19.50999856563573,24.4,5.3,1.8,826955,1
2021-09-07,2021,9,.961852755787898,2.217623735765281,2.450528943984818,1.469922883562741,174,101,61.3,75.7,44.49196072304795,24.4,5.3,1.8,826955,1
2021-09-08,2021,9,1.039372872403242,5.066527617062963,5.103872433629108,4.201588917468333,187,101,57.9,78,64.32744283229773,24.4,5.3,1.8,826955,1
2021-09-09,2021,9,.1590963449048818,1.060555446697496,2.193989905088746,1.819354235705154,223,103,55.8,74.90000000000001,47.70674365118901,24.4,5.3,1.8,826955,1
2021-09-10,2021,9,.07792133043832235,.07954817245244089,4.453543206892289,4.337875846064843,224,104,57.1,73.8,45.60348188964784,24.4,5.3,1.8,826955,1
2021-09-11,2021,9,1.001626842014118,.4923310860481351,3.507302068856155,4.291890168352388,224,105,57.2,71.2,42.97066221738352,24.4,5.3,1.8,826955,1
2021-09-12,2021,9,.8251646133684102,.5478442140010634,4.592421197851084,4.651716647630172,223,104,70.09999999999999,88.3,42.91507723875205,24.4,5.3,1.8,826955,1
2021-09-13,2021,9,.3272625707777855,.6443570563713525,2.059731032329334,4.964204397029417,224,102,72.09999999999999,87.7,52.26757476844086,24.4,5.3,1.8,826955,1
2021-09-14,2021,9,2.672737429222214,3.436578536974439,1.717074275362895,1.677300189136675,185,99.90000000000001,70.40000000000001,80.09999999999999,57.13595397914764,24.4,5.3,1.8,826955,1
2021-09-15,2021,9,3.337474632241864,5.456373690375342,.3480439312490609,.6829055144064328,153,99.7,59.5,73.09999999999999,31.15982696057336,24.4,5.3,1.8,826955,1
2021-09-16,2021,9,0,.5474430001780852,6.403579048759643,8.660301867080133,122,101,67.3,71.8,36.40153481980597,24.4,5.3,1.8,826955,1
2021-09-17,2021,9,3.160828624171738,4.710483459611339,.8823045833354571,.5478442140010635,122,95.3,60.1,69.2,64.73744505513132,24.4,5.3,1.8,826955,1
2021-09-18,2021,9,3.72686313628179,1.192201270372416,4.61141392360603,3.886945688257046,138,89,56.1,59.2,48.50477318121986,24.4,5.3,1.8,826955,1
2021-09-19,2021,9,1.529090909366885,3.251897933974482,3.174067327712901,3.39123349420573,194,88.40000000000001,56.5,61.4,25.00070280966974,24.4,5.3,1.8,826955,1
2021-09-20,2021,9,2.448612885293543,5.413311551393616,1.095287214179149,.4259652616873832,204,88.09999999999999,60.5,73.59999999999999,31.46533157136209,24.4,5.3,1.8,826955,1
2021-09-21,2021,9,1.488548764221976,1.334861583157372,1.098702690909598,1.355241729805669,204,87.59999999999999,53.4,67.8,47.40846843606713,24.4,5.3,1.8,826955,1
2021-09-22,2021,9,.6984827634309289,.4699228835627412,4.397606878394176,5.379438567007393,204,88.09999999999999,56.3,66.09999999999999,43.83990127490817,24.4,5.3,1.8,826955,1
2021-09-23,2021,9,.4695216697397629,.7658691635893226,2.17539839315678,4.020943153173486,204,88.09999999999999,55.4,71.3,48.32192068151601,24.4,5.3,1.8,826955,1
2021-09-24,2021,9,1.492331086048135,2.019154518457157,2.784221254400523,2.17662402134792,159,88.5,51.3,68.90000000000001,31.73061967743878,24.4,5.3,1.8,826955,1
2021-09-25,2021,9,2.056337542321091,2.825565827191389,2.338277059887821,2.866727334310961,160,89,52.3,64.8,30.24012469059243,24.4,5.3,1.8,826955,1
2021-09-26,2021,9,1.622350067708937,.5702524164864574,5.926480353362499,3.472937146470212,160,88.09999999999999,54.8,93.09999999999999,19.02044160478572,24.4,5.3,1.8,826955,1
2021-09-27,2021,9,0,0,2.703080608661232,9.697257851828361,160,87.90000000000001,56.3,89.40000000000001,21.210007836516,24.4,5.3,1.8,826955,1
2021-09-28,2021,9,.03977408622622045,.9810072742450549,2.254946565609221,4.178011442241271,179,87.90000000000001,57.2,81.90000000000001,13.18188887434355,24.4,5.3,1.8,826955,1
2021-09-29,2021,9,.4525569998219147,1.806171887613465,4.627554179155715,3.388804224545655,233,87.3,63.7,89.5,19.3900357025565,24.4,5.3,1.8,826955,1
2021-09-30,2021,9,2.141033470770837,.252756717069912,1.847572815853804,2.828178876275881,238,95.5,76.5,108,18.78307342385692,24.4,5.3,1.8,826955,1
2021-10-01,2021,10,2.257926459789423,1.824763399545432,4.845945973839686,1.528689695543907,264,215,156,216,13.74519083957686,24.45161290322581,5.516129032258065,1.838709677419355,826955,0
2021-10-02,2021,10,.940303336397934,2.024436258322491,2.884093218051787,2.098702690909598,302,176,146,194,17.73433733629196,24.45161290322581,5.516129032258065,1.838709677419355,826955,0
2021-10-03,2021,10,3.729877399189262,1.193828112386535,2.711285887257295,1.315868857402427,316,181,144,221,17.17213605555813,24.45161290322581,5.516129032258065,1.838709677419355,826955,0
2021-10-04,2021,10,2.117695416664543,1.037618606414179,1.806171887613465,.9810072742450549,284,185,153,231,22.98366668239391,24.45161290322581,5.516129032258065,1.838709677419355,826955,0
2021-10-05,2021,10,1.408966223042267,1.076132695721992,5.577612007745277,2.674765485059311,269,177,139,218,30.71255372698387,24.45161290322581,5.516129032258065,1.838709677419355,826955,0
2021-10-06,2021,10,2.24795381944611,1.580787346766386,3.708327979799297,2.922937452657107,269,185,127,196,17.30679241370587,24.45161290322581,5.516129032258065,1.838709677419355,826955,0
2021-10-07,2021,10,.4699228835627412,.9810072742450549,3.572041051202788,4.141892253866266,268,184,141,188,30.04498634234956,24.45161290322581,5.516129032258065,1.838709677419355,826955,0
2021-10-08,2021,10,0,0,2.764002900454438,6.789954003645225,277,182,176,227,32.75826663330526,24.45161290322581,5.516129032258065,1.838709677419355,826955,0
2021-10-09,2021,10,1.487288767303568,.6447582701943309,1.819354235705154,1.70328566105473,297,194,178,217,18.75127155890666,24.45161290322581,5.516129032258065,1.838709677419355,826955,0
2021-10-10,2021,10,5.756630930026004,4.567365577553931,.5478442140010635,1.038147244212102,299,206,180,223,25.50814191005344,24.45161290322581,5.516129032258065,1.838709677419355,826955,0
2021-10-11,2021,10,.07792133043832235,0,.6465469049106612,2.056934917573548,298,201,189,233,41.53084514565706,24.45161290322581,5.516129032258065,1.838709677419355,826955,0
2021-10-12,2021,10,.4923310860481351,3.020781360471275,1.257720690807351,3.983175133226708,275,183,190,240,72.53820924178052,24.45161290322581,5.516129032258065,1.838709677419355,826955,0
2021-10-13,2021,10,2.412381699772716,.3272625707777855,3.728250557175143,2.645744477264705,261,163,174,242,29.29046253259181,24.45161290322581,5.516129032258065,1.838709677419355,826955,0
2021-10-14,2021,10,3.576224586851925,2.528288481720929,1.854325424307573,2.266707124080289,245,172,146,209,26.04890336746778,24.45161290322581,5.516129032258065,1.838709677419355,826955,0
2021-10-15,2021,10,9.000929851620899,2.193348553556428,1.315868857402427,.5682243606493608,244,168,137,196,20.78079921494153,24.45161290322581,5.516129032258065,1.838709677419355,826955,0
2021-10-16,2021,10,1.093899793285797,.5664357259330303,3.530640122962449,6.007359591258818,239,167,127,192,24.35821783287435,24.45161290322581,5.516129032258065,1.838709677419355,826955,0
2021-10-17,2021,10,.1922012703724162,.8823045833354571,1.349832565965391,4.551020269610745,240,162,131,183,28.80659129704713,24.45161290322581,5.516129032258065,1.838709677419355,826955,0
2021-10-18,2021,10,.2701226008107385,.6045829701451322,2.235953839854275,6.324855290675365,250,170,138,192,44.17377969581923,24.45161290322581,5.516129032258065,1.838709677419355,826955,0
2021-10-19,2021,10,.9030859438067326,.5474430001780852,.7912132839750587,1.241742227959877,274,179,136,185,33.10578121016782,24.45161290322581,5.516129032258065,1.838709677419355,826955,0
2021-10-20,2021,10,2.270122600810738,2.274707350282854,1.430550011159499,.939444553302504,274,187,140,187,38.10030679707861,24.45161290322581,5.516129032258065,1.838709677419355,826955,0
2021-10-21,2021,10,1.583801609673857,2.431775639350639,2.315467643579449,1.490704244034017,273,185,135,178,49.47611478119248,24.45161290322581,5.516129032258065,1.838709677419355,826955,0
2021-10-22,2021,10,1.722278386809675,1.154455239983293,1.395015816031889,.5702524164864574,246,187,146,179,44.80059218604238,24.45161290322581,5.516129032258065,1.838709677419355,826955,0
2021-10-23,2021,10,.2925308032961325,1.117294202841564,7.64056235537558,2.649800588938898,229,165,137,177,31.78853803046568,24.45161290322581,5.516129032258065,1.838709677419355,826955,0
2021-10-24,2021,10,1.47333836029319,1.864938699594631,2.610153926687622,3.357397209617709,204,165,118,146,23.23258815584477,24.45161290322581,5.516129032258065,1.838709677419355,826955,0
2021-10-25,2021,10,.1540540261603143,.5702524164864574,.5852233992944769,3.138237356015051,198,158,104,135,42.44768461845612,24.45161290322581,5.516129032258065,1.838709677419355,826955,0
2021-10-26,2021,10,1.177687856836849,4.61234377522693,1.270122600810738,.4449579874423282,197,163,96.40000000000001,115,47.81369935555171,24.45161290322581,5.516129032258065,1.838709677419355,826955,1
2021-10-27,2021,10,8.80931357449588,.3428398198022815,0,0,213,165,98,109,48.41082034484479,24.45161290322581,5.516129032258065,1.838709677419355,826955,1
2021-10-28,2021,10,7.39650867417798,.2856998498352346,.05713996996704691,.1350613004053693,232,186,114,107,17.2435455700813,24.45161290322581,5.516129032258065,1.838709677419355,826955,0
2021-10-29,2021,10,.718862910079226,1.787017369156308,2.509491917395463,5.02233057406684,271,206,131,121,30.37824861344906,24.45161290322581,5.516129032258065,1.838709677419355,826955,0
2021-10-30,2021,10,1.784460675521289,2.828178876275881,3.218553587386181,2.470909090633115,278,223,148,138,32.29232428802661,24.45161290322581,5.516129032258065,1.838709677419355,826955,0
2021-10-31,2021,10,4.098702690909597,.9792186395287247,2.454345634538245,2.866727334310961,278,231,157,150,32.39353253573951,24.45161290322581,5.516129032258065,1.838709677419355,826955,0
2021-11-01,2021,11,4.346783934330652,1.975401948975297,3.867128548133938,4.163441673256231,308,232,161,154,33.22971440983497,28.4,5.066666666666666,2.001123595505618,826955,0
2021-11-02,2021,11,5.158399354511663,1.408966223042267,2.729877399189261,.6290192284676228,324,273,180,164,37.48068410667092,28.4,5.066666666666666,2.001123595505618,826955,0
2021-11-03,2021,11,5.681461738063606,1.601167493414683,.09691405619326736,.1748353866315897,323,274,195,187,29.42215877083897,28.4,5.066666666666666,2.001123595505618,826955,0
2021-11-04,2021,11,1.487288767303568,.6447582701943309,3.809587364343913,3.025823679215843,355,281,205,191,35.16508014815251,28.4,5.066666666666666,2.001123595505618,826955,0
2021-11-05,2021,11,1.436416744272228,1.650730440559798,2.117054781720798,.6859197773139035,388,364,248,201,53.04947729028655,28.4,5.066666666666666,2.001123595505618,826955,0
2021-11-06,2021,11,.9220786695616776,.7260950773631022,1.530478330260237,2.589005721120636,396,430,350,296,39.92122191179581,28.4,5.066666666666666,2.001123595505618,826955,0
2021-11-07,2021,11,.07792133043832235,.1558426608766447,4.355804736330859,6.596732157475167,396,429,354,318,55.42215435787615,28.4,5.066666666666666,2.001123595505618,826955,0
2021-11-08,2021,11,1.095287214179149,1.431374425527661,4.161447986146403,4.005204111446779,502,437,388,328,46.55410413533221,28.4,5.066666666666666,2.001123595505618,826955,0
2021-11-09,2021,11,.2146094728578101,1.057139969967047,3.925655938994338,6.066689409765175,542,534,499,424,59.26941901515465,28.4,5.066666666666666,2.001123595505618,826955,0
2021-11-10,2021,11,9.037689674939651,1.677300189136675,.07792133043832235,.4127829135956942,493,510,507,493,58.66566657872469,28.4,5.066666666666666,2.001123595505618,826955,0
2021-11-11,2021,11,11.83206663535478,3.480056600019691,0,0,493,500,487,442,25.59992292048995,28.4,5.066666666666666,2.001123595505618,826955,0
2021-11-12,2021,11,4.141033470770837,1.409367436865245,.5270628535297881,1.017365883740826,493,500,493,451,32.8888822707945,28.4,5.066666666666666,2.001123595505618,826955,0
2021-11-13,2021,11,1.90633962783497,2.197772226914906,2.252918509772124,1.193989905088746,493,499,508,474,24.94438069134233,28.4,5.066666666666666,2.001123595505618,826955,0
2021-11-14,2021,11,2.234003412435734,4.302686509310736,2.553013956720575,1.806171887613465,494,501,517,459,21.16976451560083,28.4,5.066666666666666,2.001123595505618,826955,0
2021-11-15,2021,11,.2162363148719287,.09691405619326736,1.058928604683377,3.020541939350509,472,499,515,459,39.9276911200135,28.4,5.066666666666666,2.001123595505618,826955,0
2021-11-16,2021,11,0,.607998446875581,3.194391118911725,7.515830932856641,515,459,471,436,69.27866712947761,28.4,5.066666666666666,2.001123595505618,826955,0
2021-11-17,2021,11,2.532633810072278,2.471310304456094,2.060154232874518,1.273136863718209,479,493,491,448,63.22571337203944,28.4,5.066666666666666,2.001123595505618,826955,0
2021-11-18,2021,11,4.116068574650424,4.017365883740826,1.098702690909598,2.336249004050724,514,477,462,429,69.47017698238973,28.4,5.066666666666666,2.001123595505618,826955,0
2021-11-19,2021,11,.8819033695124788,.6825043005834545,2.429542531120044,5.083252865860045,515,511,482,459,92.49857582405829,28.4,5.066666666666666,2.001123595505618,826955,0
2021-11-20,2021,11,.5270628535297881,1.037746030389123,1.782995626209383,3.689863891842274,515,520,477,465,59.08784402392565,28.4,5.066666666666666,2.001123595505618,826955,0
2021-11-21,2021,11,.8251646133684102,1.349670773263179,3.045746256591688,1.591033776957733,516,520,466,474,30.75843776035303,28.4,5.066666666666666,2.001123595505618,826955,0
2021-11-22,2021,11,1.825967041014367,.1540540261603143,4.691123888760682,2.003014262907471,515,522,466,485,55.47269041633345,28.4,5.066666666666666,2.001123595505618,826955,0
2021-11-23,2021,11,.1714199099011408,.5266616397068098,.8607551639454931,3.414170334489046,516,532,472,476,69.80039089789696,28.4,5.066666666666666,2.001123595505618,826955,0
2021-11-24,2021,11,3.821749136637961,1.466507406832292,.9810072742450549,1.884093218051788,489,554,502,471,15.3678888773709,28.4,5.066666666666666,2.001123595505618,826955,0
2021-11-25,2021,11,4.842931710932215,2.450930157807795,.5304783302602369,.9428600300329532,473,511,480,449,26.14533553659545,28.4,5.066666666666666,2.001123595505618,826955,0
2021-11-26,2021,11,1.946514927884168,3.140632256947859,1.233763991314967,2.883692004228809,474,506,466,427,25.03933542915303,28.4,5.066666666666666,2.001123595505618,826955,0
2021-11-27,2021,11,2.765411594316871,1.053724493236598,.07792133043832235,.4903030302110383,474,507,459,433,20.98739885404419,28.4,5.066666666666666,2.001123595505618,826955,0
2021-11-28,2021,11,3.199800282752003,.5092957559659833,1.155842660876645,1.155842660876645,474,505,454,434,24.84774042499709,28.4,5.066666666666666,2.001123595505618,826955,0
2021-11-29,2021,11,2.315868857402426,3.35361488779155,1.307868631199862,.4051839012161079,473,502,441,424,50.28820248372193,28.4,5.066666666666666,2.001123595505618,826955,0
2021-11-30,2021,11,4.882304583335458,.325473936061455,0,0,475,503,436,410,42.18961178995816,28.4,5.066666666666666,2.001123595505618,826955,0
2021-12-01,2021,12,2.253982345261052,1.317896913239524,1.505274013019058,1.09329352706932,1020,523,433,414,61.43355356097389,32.80645161290322,7.096774193548387,1.89932946719826,826955,0
2021-12-02,2021,12,.4907042440340166,.07792133043832235,2.119484051380873,6.108090338005514,1400,1140,906,726,53.41303064871408,32.80645161290322,7.096774193548387,1.89932946719826,826955,0
2021-12-03,2021,12,1.022408202485394,2.103287440381713,.725693863540124,1.333692310415705,1430,1140,1060,1010,72.85447142028791,32.80645161290322,7.096774193548387,1.89932946719826,826955,0
2021-12-04,2021,12,3.08210486608746,1.13164582367492,2.393790187840749,3.374396248262825,1440,1150,1080,1020,37.96256050172907,32.80645161290322,7.096774193548387,1.89932946719826,826955,0
2021-12-05,2021,12,2.531703958451378,3.827721307003429,1.17662402134792,.764242321575204,1440,1160,1090,1040,39.78194261310583,32.80645161290322,7.096774193548387,1.89932946719826,826955,0
2021-12-06,2021,12,3.42713453442905,1.486887553480589,1.666927051558958,2.452317578701148,1440,1130,1060,1000,82.42785924159817,32.80645161290322,7.096774193548387,1.89932946719826,826955,0
2021-12-07,2021,12,4.491929872225156,1.264918489363959,.2337639913149671,1.292291382175366,1440,1110,1040,982,102.4878906911969,32.80645161290322,7.096774193548387,1.89932946719826,826955,0
2021-12-08,2021,12,.4521557859989364,.5304783302602369,1.862945012484802,4.198792802712547,1140,1090,1030,1010,47.56949325780946,32.80645161290322,7.096774193548387,1.89932946719826,826955,0
2021-12-09,2021,12,.03977408622622045,.03977408622622045,4.594576677663126,4.430929952013396,968,807,745,834,36.60382114135017,32.80645161290322,7.096774193548387,1.89932946719826,826955,0
2021-12-10,2021,12,2.994957681255432,1.229819876786596,3.425965261687383,4.055513127952929,969,786,688,738,63.59253996869927,32.80645161290322,7.096774193548387,1.89932946719826,826955,0
2021-12-11,2021,12,5.363643169831212,2.053724493236598,1.393388974017771,.5682243606493608,771,803,679,739,28.45646715930567,32.80645161290322,7.096774193548387,1.89932946719826,826955,0
2021-12-12,2021,12,1.172645538092281,1.036358609495772,2.983197122784363,4.260116308328731,618,584,564,653,36.01059403048299,32.80645161290322,7.096774193548387,1.89932946719826,826955,0
2021-12-13,2021,12,.939444553302504,1.60498418396811,3.338277059887821,1.647772533101801,553,561,516,538,58.76209844778189,32.80645161290322,7.096774193548387,1.89932946719826,826955,0
2021-12-14,2021,12,2.405951960134796,1.772587403315824,.1176954166645428,.6863209911368817,502,481,454,500,45.87855280942617,32.80645161290322,7.096774193548387,1.89932946719826,826955,0
2021-12-15,2021,12,1.093498579462818,.6282511695489345,.5782306531313671,1.737855635834171,502,474,411,450,34.71138896090476,32.80645161290322,7.096774193548387,1.89932946719826,826955,0
2021-12-16,2021,12,4.650730440559798,.6621241539351573,2.961613334667131,1.940831974195856,503,463,391,439,35.62492188243171,32.80645161290322,7.096774193548387,1.89932946719826,826955,0
2021-12-17,2021,12,7.955986022675169,3.230715359680228,.1142799399340938,.5266616397068098,505,466,395,440,38.61046787200512,32.80645161290322,7.096774193548387,1.89932946719826,826955,0
2021-12-18,2021,12,7.634751977712324,1.408966223042267,.05713996996704691,.05713996996704691,505,468,396,430,25.76722262943806,32.80645161290322,7.096774193548387,1.89932946719826,826955,0
2021-12-19,2021,12,2.313679008863118,.6066110259822289,1.547443000178085,1.072110952775066,505,467,403,424,29.7415951116517,32.80645161290322,7.096774193548387,1.89932946719826,826955,0
2021-12-20,2021,12,2.672737429222214,.9606271275967577,.2337639913149671,.3116853217532894,458,458,411,431,54.3982020416477,32.80645161290322,7.096774193548387,1.89932946719826,826955,0
2021-12-21,2021,12,.9448880858700498,1.824763399545432,1.251129875055793,1.897676779966455,411,396,358,394,75.28478582897993,32.80645161290322,7.096774193548387,1.89932946719826,826955,0
2021-12-22,2021,12,.939444553302504,.7832350473301491,3.061118453222686,5.005732749244702,393,355,309,353,102.7940488308683,32.80645161290322,7.096774193548387,1.89932946719826,826955,0
2021-12-23,2021,12,.1142799399340938,.6257655444393858,2.039534665105454,1.666927051558958,458,390,346,348,66.39930750115303,32.80645161290322,7.096774193548387,1.89932946719826,826955,0
2021-12-24,2021,12,.4127829135956942,0,8.716651791406283,5.67172994918276,496,478,423,383,19.98102427189149,32.80645161290322,7.096774193548387,1.89932946719826,826955,0
2021-12-25,2021,12,.6443570563713525,.5478442140010634,1.940465129100146,3.099688897979971,496,485,466,410,20.35724352359791,32.80645161290322,7.096774193548387,1.89932946719826,826955,0
2021-12-26,2021,12,0,.1176954166645428,3.551660904554491,4.828981303921837,497,482,458,408,30.7245666228266,32.80645161290322,7.096774193548387,1.89932946719826,826955,0
2021-12-27,2021,12,.4695216697397629,.07792133043832235,4.454507427240456,7.047696684010231,551,486,459,414,29.10971992193777,32.80645161290322,7.096774193548387,1.89932946719826,826955,0
2021-12-28,2021,12,.03977408622622045,1.925494146292127,7.379839780830372,6.141892253866267,669,555,507,445,12.6658164653377,32.80645161290322,7.096774193548387,1.89932946719826,826955,0
2021-12-29,2021,12,.4521557859989364,1.965268232518347,5.000563006525189,7.9274102049834,720,656,613,545,11.50739512410383,32.80645161290322,7.096774193548387,1.89932946719826,826955,0
2021-12-30,2021,12,0,0,3.627152965332738,5.100491325625928,668,653,654,614,14.65519358249805,32.80645161290322,7.096774193548387,1.89932946719826,826955,0
2021-12-31,2021,12,.05713996996704691,.07792133043832235,.3514594079795098,1.643750790154876,575,619,613,607,15.23859397834893,32.80645161290322,7.096774193548387,1.89932946719826,826955,0
2022-01-01,2022,1,4.810817873157006,2.585970825744814,.3427925698859303,4.209575608298371,576,646,627,597,7.571963027930488,31.96774193548387,6.709677419354839,2.32258064516129,826022,0
2022-01-02,2022,1,2.869512761734315,.9562951581961764,.06477215920251786,.06477215920251786,576,581,565,551,9.265057475603113,31.96774193548387,6.709677419354839,2.32258064516129,826022,0
2022-01-03,2022,1,4.663520171693647,2.461872148234655,.6515799835416888,.7981884473413711,576,571,561,530,28.87257260254006,31.96774193548387,6.709677419354839,2.32258064516129,826022,0
2022-01-04,2022,1,1.589596153544167,.5766475546422203,1.79353248965768,2.808787677692015,474,551,572,523,44.4037207146427,31.96774193548387,6.709677419354839,2.32258064516129,826022,0
2022-01-05,2022,1,.6862521583011905,.55937303454203,.1770419575073633,.9277327657464067,411,420,466,473,37.57048257679232,31.96774193548387,6.709677419354839,2.32258064516129,826022,0
2022-01-06,2022,1,.2810191145939527,.1626065547745575,.1295443184050357,.1295443184050357,410,415,388,383,28.42021608449864,31.96774193548387,6.709677419354839,2.32258064516129,826022,0
2022-01-07,2022,1,0,.06477215920251786,.7314255251010374,4.338452908174077,475,407,376,377,40.05552424019761,31.96774193548387,6.709677419354839,2.32258064516129,826022,0
2022-01-08,2022,1,.2072650765095008,2.040041996478428,2.781893299085866,2.820249472763103,521,495,428,402,25.02668345114088,31.96774193548387,6.709677419354839,2.32258064516129,826022,0
2022-01-09,2022,1,4.840050756915322,1.485618996457578,.1122697983048455,.1122697983048455,521,498,461,453,17.85671829410294,31.96774193548387,6.709677419354839,2.32258064516129,826022,0
2022-01-10,2022,1,3.146866153888397,2.655561039740055,.8573331599715081,.4553958774554406,522,495,465,448,33.23601707471031,31.96774193548387,6.709677419354839,2.32258064516129,826022,0
2022-01-11,2022,1,4.7794020271615,1.287161876108502,1.183184719021913,1.629954445994433,521,491,455,429,35.54302321165029,31.96774193548387,6.709677419354839,2.32258064516129,826022,0
2022-01-12,2022,1,5.036833880075685,.5802807653975685,.4377878480905856,.2637445944937625,546,489,408,409,30.59266781760542,31.96774193548387,6.709677419354839,2.32258064516129,826022,0
2022-01-13,2022,1,2.527663111709034,2.605518360107832,1.24330092054074,1.760136744023493,561,486,425,407,56.09361773603385,31.96774193548387,6.709677419354839,2.32258064516129,826022,0
2022-01-14,2022,1,2.320727601807716,4.800829015615689,.472670397555631,.06477215920251786,561,486,432,441,68.79629405442917,31.96774193548387,6.709677419354839,2.32258064516129,826022,0
2022-01-15,2022,1,1.717628571869522,.8168152809780869,1.56750608921713,2.274213277206555,559,489,468,444,28.09466766940262,31.96774193548387,6.709677419354839,2.32258064516129,826022,0
2022-01-16,2022,1,2.301255886620649,1.470850084460107,.8154629674415612,1.832919293219256,560,495,486,448,33.54660999776294,31.96774193548387,6.709677419354839,2.32258064516129,826022,0
2022-01-17,2022,1,2.285468170351317,1.361578990065802,1.35290552419971,3.230657261875418,560,501,500,450,40.79038229823389,31.96774193548387,6.709677419354839,2.32258064516129,826022,0
2022-01-18,2022,1,3.515657432667736,1.964149434425482,1.921931396452517,.9041415614101578,544,504,500,451,68.51689773128626,31.96774193548387,6.709677419354839,2.32258064516129,826022,0
2022-01-19,2022,1,.06477215920251786,1.887730201695155,2.745900360261019,1.581168552154313,531,482,472,443,24.41962018693276,31.96774193548387,6.709677419354839,2.32258064516129,826022,0
2022-01-20,2022,1,4.469831280188246,4.152417716049567,.4828306672525817,.3140813509634744,532,475,458,420,33.60771510576365,31.96774193548387,6.709677419354839,2.32258064516129,826022,0
2022-01-21,2022,1,.3431260791505952,.8154629674415612,1.611994161009781,3.030872454361374,532,470,451,413,50.46227242529063,31.96774193548387,6.709677419354839,2.32258064516129,826022,0
2022-01-22,2022,1,1.205753176429819,.4550623681907758,.03306223636952175,.09783439557203961,531,469,436,416,37.26722911374293,31.96774193548387,6.709677419354839,2.32258064516129,826022,0
2022-01-23,2022,1,3.75407033679742,5.023540416173861,1.832737487541751,1.619489236060857,532,463,447,407,25.74003983468126,31.96774193548387,6.709677419354839,2.32258064516129,826022,0
2022-01-24,2022,1,3.362771717059172,1.113118622511679,2.347401212186451,2.91775430172696,533,469,460,406,38.38573410398634,31.96774193548387,6.709677419354839,2.32258064516129,826022,0
2022-01-25,2022,1,0,.2665837118611468,0,.472670397555631,547,470,452,393,77.51593193158674,31.96774193548387,6.709677419354839,2.32258064516129,826022,0
2022-01-26,2022,1,3.060754651020117,2.345791273796471,.4511207444195856,.08055987547184938,558,499,484,401,26.4619030525381,31.96774193548387,6.709677419354839,2.32258064516129,826022,0
2022-01-27,2022,1,1.879263637755389,1.517169332747418,2.212229447209034,1.531604735480224,561,492,492,441,34.17006596476446,31.96774193548387,6.709677419354839,2.32258064516129,826022,0
2022-01-28,2022,1,6.283296071513262,2.354388855251352,.3431260791505952,0,560,492,494,455,26.1077433431632,31.96774193548387,6.709677419354839,2.32258064516129,826022,0
2022-01-29,2022,1,2.451454253684251,.8498775173476087,1.537109047493484,2.456549172021635,559,493,483,455,34.59332787729868,31.96774193548387,6.709677419354839,2.32258064516129,826022,0
2022-01-30,2022,1,1.014435402732806,.6424385181165989,2.487279723009946,3.228067951640753,558,496,474,455,32.42469632317858,31.96774193548387,6.709677419354839,2.32258064516129,826022,0
2022-01-31,2022,1,1.224380010066535,.7193143946707122,1.521321331224152,1.715304299567041,532,487,471,453,53.70387823078675,31.96774193548387,6.709677419354839,2.32258064516129,826022,0
2022-02-01,2022,2,1.191317773697013,.6855851397718606,1.313062546691614,3.029044728187121,506,454,455,443,51.23918428180622,27.10714285714286,5.928571428571429,2,826022,0
2022-02-02,2022,2,1.205753176429819,1.536129675648799,1.174043253596823,.7981884473413711,507,462,435,418,15.70465571078765,27.10714285714286,5.928571428571429,2,826022,0
2022-02-03,2022,2,.5207474103988611,1.939578858244548,2.733082778874188,1.502560007293103,508,459,432,415,14.62810903665009,27.10714285714286,5.928571428571429,2,826022,0
2022-02-04,2022,2,4.581197591059618,1.914475753828617,2.738380658838386,2.25427356246049,510,462,421,409,24.18080330866335,27.10714285714286,5.928571428571429,2,826022,0
2022-02-05,2022,2,3.045879817756353,2.976423131842104,.6185177471721671,.8586854735080337,508,467,408,405,23.08838694717149,27.10714285714286,5.928571428571429,2,826022,0
2022-02-06,2022,2,2.579511768258427,1.052951162953199,.3431260791505952,.3431260791505952,508,475,394,395,19.38604213236435,27.10714285714286,5.928571428571429,2,826022,0
2022-02-07,2022,2,6.148134700057718,1.179069172529214,.0661244727390435,.0661244727390435,486,487,404,417,25.54622437157395,27.10714285714286,5.928571428571429,2,826022,0
2022-02-08,2022,2,6.163067141254825,1.381134407384815,.201811552658629,.03306223636952175,472,461,383,401,41.59279344744019,27.10714285714286,5.928571428571429,2,826022,0
2022-02-09,2022,2,2.712359730810629,1.724767918521584,.8573331599715081,.1122697983048455,471,443,376,383,30.03187634723635,27.10714285714286,5.928571428571429,2,826022,0
2022-02-10,2022,2,2.996217962771966,3.32551804978574,.5537455879696492,.04749763910232763,471,434,376,387,30.03274739057753,27.10714285714286,5.928571428571429,2,826022,0
2022-02-11,2022,2,6.063622807292806,2.565845362664763,.06477215920251786,.6410862045800733,472,433,352,373,33.27476834162151,27.10714285714286,5.928571428571429,2,826022,0
2022-02-12,2022,2,2.12388041984862,1.535796166384134,1.782400731072039,1.67842357398545,471,430,324,341,23.13062663107287,27.10714285714286,5.928571428571429,2,826022,0
2022-02-13,2022,2,.2101041938768851,.0661244727390435,2.382302038129362,2.260241931376265,473,426,336,341,43.53520811179682,27.10714285714286,5.928571428571429,2,826022,0
2022-02-14,2022,2,.7834195353439003,.6097097910117421,2.353590819206906,2.212609801979605,435,424,334,348,43.94971183817241,27.10714285714286,5.928571428571429,2,826022,0
2022-02-15,2022,2,1.230682358124241,.09499527820465527,.3238607960125893,3.670950718068723,490,368,285,313,53.19437991404173,27.10714285714286,5.928571428571429,2,826022,0
2022-02-16,2022,2,.2118751206752228,1.325175397176451,3.535790038089468,5.944355044888668,569,506,361,289,80.77751565895251,27.10714285714286,5.928571428571429,2,826022,0
2022-02-17,2022,2,1.993378845404581,.6007279121298079,.5115418861750376,1.192166597903847,572,547,467,407,12.71067493861518,27.10714285714286,5.928571428571429,2,826022,0
2022-02-18,2022,2,3.599549521314791,2.780580417976515,1.571020108069839,1.608023968210551,573,536,459,415,22.59478766281101,27.10714285714286,5.928571428571429,2,826022,0
2022-02-19,2022,2,1.944369306222572,.6982287984371827,2.040176486772761,3.465531050903568,572,528,442,408,24.85484928583564,27.10714285714286,5.928571428571429,2,826022,0
2022-02-20,2022,2,0,.5053991246604878,4.145458642012705,5.713995361114173,572,528,444,408,25.47291223884989,27.10714285714286,5.928571428571429,2,826022,0
2022-02-21,2022,2,0,.0661244727390435,4.457854170174988,5.313207430507817,573,530,447,416,48.54800908647621,27.10714285714286,5.928571428571429,2,826022,0
2022-02-22,2022,2,0,0,2.576266729994384,7.609485675792587,572,524,450,421,39.28844772114314,27.10714285714286,5.928571428571429,2,826022,0
2022-02-23,2022,2,5.23580631536693,.7840865538732301,.0661244727390435,.0661244727390435,575,521,437,408,113.6652098105305,27.10714285714286,5.928571428571429,2,826022,0
2022-02-24,2022,2,1.64425488855564,5.929880238212903,1.736081482784728,2.253584324796811,548,531,448,412,19.28255423175776,27.10714285714286,5.928571428571429,2,826022,0
2022-02-25,2022,2,2.978200539731235,.5514099599319567,.2273787139770753,3.432468814534047,534,494,425,401,25.0420637562277,27.10714285714286,5.928571428571429,2,826022,0
2022-02-26,2022,2,9.522057819035739,1.028721978992926,.2162469553914348,.04749763910232763,534,493,417,391,18.37205201772011,27.10714285714286,5.928571428571429,2,826022,0
2022-02-27,2022,2,3.617973863201958,1.998672782712297,.2335214754916251,.2335214754916251,535,502,403,379,21.23369491304564,27.10714285714286,5.928571428571429,2,826022,0
2022-02-28,2022,2,4.344591133724371,.8759092054458361,.4497684308830598,.2810191145939527,534,512,412,387,31.36457056220678,27.10714285714286,5.928571428571429,2,826022,0
2022-03-01,2022,3,3.936580154334008,2.475974041702796,.3849962716805421,.04749763910232763,535,513,402,379,34.73951996612762,23.87096774193548,5.258064516129032,1.88495919160513,826022,0
2022-03-02,2022,3,2.719314394670712,1.305788709745218,.2335214754916251,.2335214754916251,534,517,399,386,30.47401510944533,23.87096774193548,5.258064516129032,1.88495919160513,826022,0
2022-03-03,2022,3,1.447103236237185,.3443044699656119,.5859590001323371,2.619155726796193,535,527,394,392,33.19862595198963,23.87096774193548,5.258064516129032,1.88495919160513,826022,0
2022-03-04,2022,3,.03306223636952175,0,4.535796166384134,3.553107138468359,536,533,388,403,116.0109044473089,23.87096774193548,5.258064516129032,1.88495919160513,826022,0
2022-03-05,2022,3,.5025600072931034,.3761883155201169,3.381656175549342,4.627340039510945,538,534,399,400,18.67093569629085,23.87096774193548,5.258064516129032,1.88495919160513,826022,0
2022-03-06,2022,3,.4406269654579699,1.032757296132897,1.984578772200151,1.172542113587611,539,536,390,397,37.6272561869043,23.87096774193548,5.258064516129032,1.88495919160513,826022,0
2022-03-07,2022,3,5.383643958144017,3.404392102456399,2.551917391918131,3.361419403522647,627,540,406,406,26.17753758432726,23.87096774193548,5.258064516129032,1.88495919160513,826022,0
2022-03-08,2022,3,9.980141110271406,3.667379525423498,.04749763910232763,.04749763910232763,678,657,488,437,30.55280741200591,23.87096774193548,5.258064516129032,1.88495919160513,826022,0
2022-03-09,2022,3,1.480165472606706,3.656971959159703,3.607204182909022,4.902165604427961,677,669,526,491,23.15942500009071,23.87096774193548,5.258064516129032,1.88495919160513,826022,0
2022-03-10,2022,3,2.879930656284719,1.038515760220394,1.721979589316587,2.848525203811083,677,674,538,501,22.6311092060307,23.87096774193548,5.258064516129032,1.88495919160513,826022,0
2022-03-11,2022,3,7.162056219938959,1.462543107063498,2.124213929113285,1.230522771581085,677,680,546,497,19.47803486733064,23.87096774193548,5.258064516129032,1.88495919160513,826022,0
2022-03-12,2022,3,2.119499365546472,3.229503967309224,2.085560698155417,1.351418720368851,678,676,543,512,16.07449148575241,23.87096774193548,5.258064516129032,1.88495919160513,826022,0
2022-03-13,2022,3,.0661244727390435,1.050336756469712,5.517169332747419,7.035567844472242,676,675,549,513,22.05909594986613,23.87096774193548,5.258064516129032,1.88495919160513,826022,0
2022-03-14,2022,3,4.92925900200444,3.763135917811299,1.031709922832996,.8629606065438888,626,672,557,507,20.54295227689796,23.87096774193548,5.258064516129032,1.88495919160513,826022,0
2022-03-15,2022,3,.5303283063549092,.6859186490365256,3.382283761651495,4.232343084676608,601,599,528,486,40.05450747661436,23.87096774193548,5.258064516129032,1.88495919160513,826022,0
2022-03-16,2022,3,.9348943315328172,3.518322627313612,2.462843637123346,6.478454553556693,600,588,505,443,47.51530676393592,23.87096774193548,5.258064516129032,1.88495919160513,826022,0
2022-03-17,2022,3,4.152149697674242,.8649878215657394,.3431260791505952,.3427925698859303,600,579,488,467,35.99847963938881,23.87096774193548,5.258064516129032,1.88495919160513,826022,0
2022-03-18,2022,3,5.845526499900542,2.963170062580797,2.076542367289448,1.559039525277365,604,601,500,467,22.64492433476838,23.87096774193548,5.258064516129032,1.88495919160513,826022,0
2022-03-19,2022,3,1.767631819074569,.4553958774554406,3.857325277015514,5.009801664183464,601,608,492,475,25.01192883722835,23.87096774193548,5.258064516129032,1.88495919160513,826022,0
2022-03-20,2022,3,1.99119992679557,.4710096710032632,.3431260791505952,.7061918730472561,601,599,484,474,77.45687086270253,23.87096774193548,5.258064516129032,1.88495919160513,826022,0
2022-03-21,2022,3,3.118412559819395,3.334499928667674,1.459547875932175,1.290465050378403,600,525,424,461,33.62275855459406,23.87096774193548,5.258064516129032,1.88495919160513,826022,0
2022-03-22,2022,3,.03306223636952175,.03306223636952175,3.956617907390372,3.260111383738415,601,529,420,413,10.20626849137199,23.87096774193548,5.258064516129032,1.88495919160513,826022,0
2022-03-23,2022,3,.3313558710636647,.7981884473413711,1.456549172021634,1.037547744110921,601,566,456,484,17.2886250810164,23.87096774193548,5.258064516129032,1.88495919160513,826022,0
2022-03-24,2022,3,.6514274309530168,3.948430986575442,1.469922883562741,3.726623715161025,571,534,412,463,28.91215886676337,23.87096774193548,5.258064516129032,1.88495919160513,826022,0
2022-03-25,2022,3,1.706940558905945,1.903085943806733,2.765996587564266,1.490704244034016,804,522,381,423,34.79609029211294,23.87096774193548,5.258064516129032,1.88495919160513,826022,0
2022-03-26,2022,3,.6273923864535044,.6841311425975731,4.754074236390985,2.160884979621212,896,711,587,551,29.87835390607855,23.87096774193548,5.258064516129032,1.88495919160513,826022,0
2022-03-27,2022,3,.09691405619326736,.9432612438559314,3.593223625497041,5.890924171512686,895,764,675,653,22.70598215783431,23.87096774193548,5.258064516129032,1.88495919160513,826022,0
2022-03-28,2022,3,.07792133043832235,.6477725331018016,7.718116840718193,5.91114252545877,848,791,695,648,59.57594754663556,23.87096774193548,5.258064516129032,1.88495919160513,826022,0
2022-03-29,2022,3,.2370176753432041,1.138476777135818,8.197772226914905,5.878121047686319,694,775,691,656,20.50773997964188,23.87096774193548,5.258064516129032,1.88495919160513,826022,0
2022-03-30,2022,3,.8850296295657721,7.698230963140547,.5478442140010634,1.373008827369474,722,595,550,592,44.0504247750646,23.87096774193548,5.258064516129032,1.88495919160513,826022,0
2022-03-31,2022,3,1.528049060600162,3.080478024073341,3.065998979265042,4.873396495069646,882,682,583,572,20.54791527969109,23.87096774193548,5.258064516129032,1.88495919160513,826022,0
2022-04-01,2022,4,7.53146453733061,2.426733320606071,0,.412381699772716,959,857,725,651,21.60239616642988,21.93333333333333,5.833333333333333,1.558232931726908,826022,0
2022-04-02,2022,4,1.645159484017309,.3272625707777855,3.29972860185274,2.552485318922653,967,877,751,699,20.76191848633242,21.93333333333333,5.833333333333333,1.558232931726908,826022,0
2022-04-03,2022,4,.07792133043832235,0,4.341692536618269,2.905698992891225,956,850,740,705,25.18514694163572,21.93333333333333,5.833333333333333,1.558232931726908,826022,0
2022-04-04,2022,4,3.94883220039842,1.864410061796708,.6617229401121791,.2493412403394631,880,814,714,706,36.33386881052301,21.93333333333333,5.833333333333333,1.558232931726908,826022,0
2022-04-05,2022,4,5.658385808388858,5.776152293578871,.1142799399340938,.1142799399340938,815,712,663,685,75.98634283861554,21.93333333333333,5.833333333333333,1.558232931726908,826022,0
2022-04-06,2022,4,10.99456863004822,4.631478171686592,.04749763910232763,.04749763910232763,698,660,589,610,94.25831266668834,21.93333333333333,5.833333333333333,1.558232931726908,826022,0
2022-04-07,2022,4,4.346164215488311,3.898663411187729,.1687493162891072,0,638,553,524,562,23.15634606682745,21.93333333333333,5.833333333333333,1.558232931726908,826022,0
2022-04-08,2022,4,2.145332034674367,.8417444626725085,2.384654879459882,5.376163219271294,637,542,493,511,39.21670709008367,21.93333333333333,5.833333333333333,1.558232931726908,826022,0
2022-04-09,2022,4,0,.0661244727390435,3.067770863113058,6.097817182279211,667,522,466,513,47.90580872353768,21.93333333333333,5.833333333333333,1.558232931726908,826022,0
2022-04-10,2022,4,1.015188699195217,2.747387164091878,2.108829153297471,1.315208953616103,692,570,490,512,46.83006402574408,21.93333333333333,5.833333333333333,1.558232931726908,826022,0
2022-04-11,2022,4,0,0,8.276119802999901,10.89719441631444,692,597,540,570,45.75484901317479,21.93333333333333,5.833333333333333,1.558232931726908,826022,0
2022-04-12,2022,4,3.45752113078759,.4090766291681298,3.216246955391435,3.885101459033313,842,603,517,568,106.0906308526419,21.93333333333333,5.833333333333333,1.558232931726908,826022,0
2022-04-13,2022,4,2.096597398873901,4.690578079499433,2.114971914812021,.4274787519209486,924,806,686,654,47.74495571839,21.93333333333333,5.833333333333333,1.558232931726908,826022,0
2022-04-14,2022,4,2.302264297370638,.8787483228132205,6.261891302193422,6.089382167810627,925,780,705,715,33.99599133462997,21.93333333333333,5.833333333333333,1.558232931726908,826022,0
2022-04-15,2022,4,0,.178394271043889,3.517510724968078,1.813802240889193,953,739,694,688,34.49061254993913,21.93333333333333,5.833333333333333,1.558232931726908,826022,0
2022-04-16,2022,4,0,.0661244727390435,3.839372874986857,6.436105498068611,970,773,747,700,33.53883087284765,21.93333333333333,5.833333333333333,1.558232931726908,826022,0
2022-04-17,2022,4,1.842935645742377,7.030959229943488,2.924192212009995,2.410657797891098,969,750,775,724,34.57871205246185,21.93333333333333,5.833333333333333,1.558232931726908,826022,0
2022-04-18,2022,4,3.983266670783989,.3876443021461427,.2567672070594483,.2567672070594483,971,758,776,739,54.31190442862934,21.93333333333333,5.833333333333333,1.558232931726908,826022,0
2022-04-19,2022,4,3.830203310410992,1.466393145746748,2.152653187003934,3.789721883401606,970,777,770,746,85.06986387241226,21.93333333333333,5.833333333333333,1.558232931726908,826022,0
2022-04-20,2022,4,0,.2617932638831227,2.105141211723253,1.739874280083233,1100,808,788,737,50.87928015648646,21.93333333333333,5.833333333333333,1.558232931726908,826022,0
2022-04-21,2022,4,.06477215920251786,.5676656757602863,2.512513375063727,4.858993886523876,1690,1020,865,785,37.09603074300962,21.93333333333333,5.833333333333333,1.558232931726908,826022,0
2022-04-22,2022,4,1.095169200926164,1.11510891567223,2.768124914882389,4.498752873816246,2180,1750,1350,1160,267.4375510430891,21.93333333333333,5.833333333333333,1.558232931726908,826022,0
2022-04-23,2022,4,3.884292067253656,5.348086507193647,3.661664368827429,2.081872756581199,2300,2040,1620,1650,20.42187699726213,21.93333333333333,5.833333333333333,1.558232931726908,826022,0
2022-04-24,2022,4,2.616012139069448,.7465752617463441,.4740227110921566,1.213792135451103,2310,1920,1610,1750,17.82678729177518,21.93333333333333,5.833333333333333,1.558232931726908,826022,0
2022-04-25,2022,4,.9048307990738357,.6540348034820204,2.012484072122166,3.382635547394026,2310,1870,1600,1780,35.30837801762291,21.93333333333333,5.833333333333333,1.558232931726908,826022,0
2022-04-26,2022,4,1.454888445469267,2.495877304464827,1.009779445049115,4.040159273479934,2300,1880,1580,1770,60.76586018350362,21.93333333333333,5.833333333333333,1.558232931726908,826022,0
2022-04-27,2022,4,.5198345273932936,1.079207561935324,1.378853510165992,3.864962725316916,2230,1870,1560,1750,53.68222251015074,21.93333333333333,5.833333333333333,1.558232931726908,826022,0
2022-04-28,2022,4,0,0,1.891700394494384,8.576462871850243,2180,1710,1450,1620,50.30244575458877,21.93333333333333,5.833333333333333,1.558232931726908,826022,0
2022-04-29,2022,4,3.423685954622445,6.785029473733879,1.66317626890711,.9772576198705849,2380,1770,1440,1590,74.13599812256223,21.93333333333333,5.833333333333333,1.558232931726908,826022,0
2022-04-30,2022,4,2.729808173632328,.3237263057182562,2.123546910583955,3.445257826892838,2480,2120,1720,1830,36.88647290793238,21.93333333333333,5.833333333333333,1.558232931726908,826022,0
2022-05-01,2022,5,0,.4075647290884482,2.703657226039232,5.861992590434415,2480,2120,1750,1940,71.65607143438376,24.64516129032258,6.129032258064516,2.612903225806452,826022,0
2022-05-02,2022,5,1.428123250002592,8.521394743162894,3.337146846835683,5.801466995239712,2490,2140,1770,1970,54.27627375437503,24.64516129032258,6.129032258064516,2.612903225806452,826022,0
2022-05-03,2022,5,.7981884473413711,.6068706736443578,3.286820483887843,4.219554072317817,2490,2130,1760,1890,74.59025216513071,24.64516129032258,6.129032258064516,2.612903225806452,826022,0
2022-05-04,2022,5,7.854432494371266,3.444419762756474,.601243227071977,.09499527820465527,2490,2100,1730,1880,50.07137121608148,24.64516129032258,6.129032258064516,2.612903225806452,826022,0
2022-05-05,2022,5,3.316959900758035,6.241126414465476,.8456860864436986,.4381213573552505,2490,2020,1730,1880,32.52155291570467,24.64516129032258,6.129032258064516,2.612903225806452,826022,0
2022-05-06,2022,5,.8312506837108928,1.943360895472583,3.000036451984035,1.819640062167118,2140,1930,1700,1900,39.28334319832834,24.64516129032258,6.129032258064516,2.612903225806452,826022,0
2022-05-07,2022,5,.06477215920251786,.132248945478087,4.941675072671392,4.903318898994154,1810,1620,1260,1520,41.51668654757901,24.64516129032258,6.129032258064516,2.612903225806452,826022,0
2022-05-08,2022,5,.4092505518896388,2.342792569885931,6.963086295213591,7.940670604577885,1570,1470,1080,1280,64.07254308608192,24.64516129032258,6.129032258064516,2.612903225806452,826022,0
2022-05-09,2022,5,.03306223636952175,0,3.413366098382338,3.106693139894853,1470,1320,1040,1130,34.6932780853688,24.64516129032258,6.129032258064516,2.612903225806452,826022,0
2022-05-10,2022,5,.5590395252773651,.1122697983048455,1.69569809408564,6.734374506391197,1610,1320,1020,1050,40.81293445930032,24.64516129032258,6.129032258064516,2.612903225806452,826022,0
2022-05-11,2022,5,.3849962716805421,.4553958774554407,.8802351266440791,4.327349718616476,1780,1450,1180,1100,60.65678345338752,24.64516129032258,6.129032258064516,2.612903225806452,826022,0
2022-05-12,2022,5,.8815874401806046,4.977271486171673,3.537145969354784,.8853802374791089,1830,1530,1350,1220,31.74939422111419,24.64516129032258,6.129032258064516,2.612903225806452,826022,0
2022-05-13,2022,5,5.572321633443977,4.174043253596823,.8227841197711275,.6543683127466853,1930,1520,1360,1280,34.08431172537011,24.64516129032258,6.129032258064516,2.612903225806452,826022,0
2022-05-14,2022,5,4.204106786055805,4.68875776640391,1.086862223529555,1.330971573636612,1820,1550,1480,1350,31.17199369846476,24.64516129032258,6.129032258064516,2.612903225806452,826022,0
2022-05-15,2022,5,3.073543663378908,1.877261518982362,1.952502360897673,.7494143791137285,1680,1360,1300,1240,42.30362901879779,24.64516129032258,6.129032258064516,2.612903225806452,826022,0
2022-05-16,2022,5,.5371090474934839,.7506908082390434,1.22602640044055,5.353261252598724,1450,1280,1260,1180,63.82131050369415,24.64516129032258,6.129032258064516,2.612903225806452,826022,0
2022-05-17,2022,5,.375854806255452,.5766475546422203,3.978906520810475,6.362906207353506,1260,1040,1020,1040,40.13690147328758,24.64516129032258,6.129032258064516,2.612903225806452,826022,0
2022-05-18,2022,5,.8481916945464181,.7877705527909661,2.939343387290181,6.797909668895575,1170,905,883,881,55.92974272032939,24.64516129032258,6.129032258064516,2.612903225806452,826022,0
2022-05-19,2022,5,.03306223636952175,1.257442246436057,3.365252595461667,4.061759119113624,1160,855,809,797,62.96335325320288,24.64516129032258,6.129032258064516,2.612903225806452,826022,0
2022-05-20,2022,5,0,.2948555002526445,2.996044040050457,3.238801076620988,1240,864,787,767,58.54254431295572,24.64516129032258,6.129032258064516,2.612903225806452,826022,0
2022-05-21,2022,5,.06477215920251786,.06477215920251786,.06477215920251786,.06477215920251786,1300,903,830,800,112.548531653622,24.64516129032258,6.129032258064516,2.612903225806452,826022,0
2022-05-22,2022,5,1.471024007181616,2.381950252386831,0,1.242967411276075,1300,923,850,841,73.69877459719956,24.64516129032258,6.129032258064516,2.612903225806452,826022,0
2022-05-23,2022,5,3.645361337615928,1.125218397206793,1.506066143189818,4.265587126723633,1300,931,863,866,56.17022361596028,24.64516129032258,6.129032258064516,2.612903225806452,826022,0
2022-05-24,2022,5,6.752032728253698,3.4761558473803,.3705608689477362,0,1140,943,870,872,44.70926234577902,24.64516129032258,6.129032258064516,2.612903225806452,826022,0
2022-05-25,2022,5,3.827319453461573,9.392441624111235,2.277001606411551,.9104582456462166,1030,764,662,745,35.42234693216847,24.64516129032258,6.129032258064516,2.612903225806452,826022,0
2022-05-26,2022,5,2.108328174533655,1.223560224765006,2.170739609449658,2.741759717519498,1030,750,643,684,30.15382357624405,24.64516129032258,6.129032258064516,2.612903225806452,826022,0
2022-05-27,2022,5,1.047497639102328,.1453320346743672,4.390768602069127,4.276718885309275,1030,731,614,693,76.71577576978368,24.64516129032258,6.129032258064516,2.612903225806452,826022,0
2022-05-28,2022,5,0,.325213109549115,7.100264119263548,6.209944607333729,991,734,619,705,46.50591723383466,24.64516129032258,6.129032258064516,2.612903225806452,826022,0
2022-05-29,2022,5,0,0,5.861314216169874,5.991373849517079,859,691,597,672,55.36966187033249,24.64516129032258,6.129032258064516,2.612903225806452,826022,0
2022-05-30,2022,5,0,.9628611796876897,4.445442509684817,3.425633342576602,735,598,509,611,96.38625154485653,24.64516129032258,6.129032258064516,2.612903225806452,826022,0
2022-05-31,2022,5,.3431260791505952,.3427925698859303,1.288133364997192,5.253951408931036,625,482,397,506,44.97041665690412,24.64516129032258,6.129032258064516,2.612903225806452,826022,0
2022-06-01,2022,6,.6862521583011905,1.500714597948757,.6018812066960018,1.456549172021634,569,417,306,399,68.32393649847113,23.23333333333333,6.366666666666666,1.933333333333333,826022,0
2022-06-02,2022,6,1.191651282961678,1.191317773697013,2.544556807161388,7.686209848759539,602,423,304,349,59.34563208953835,23.23333333333333,6.366666666666666,1.933333333333333,826022,0
2022-06-03,2022,6,1.407564729088448,.8815874401806046,2.601881206696002,5.900864079053822,597,404,292,365,46.87277151818173,23.23333333333333,6.366666666666666,1.933333333333333,826022,0
2022-06-04,2022,6,2.286486974623178,1.939419271701392,2.279532310763094,1.599241108298949,595,381,251,324,28.79582223204583,23.23333333333333,6.366666666666666,1.933333333333333,826022,0
2022-06-05,2022,6,1.804750996053668,5.213556664496735,1.87294695351933,.8168009447997338,593,360,237,295,31.00509193789424,23.23333333333333,6.366666666666666,1.933333333333333,826022,0
2022-06-06,2022,6,.7510243175037083,1.408917042624974,4.034512588216345,2.756568061944144,624,353,250,294,48.12604171147018,23.23333333333333,6.366666666666666,1.933333333333333,826022,0
2022-06-07,2022,6,.9207924380646761,.7453968709313276,3.754366924200784,5.219593504744994,640,325,247,294,46.80466814139681,23.23333333333333,6.366666666666666,1.933333333333333,826022,0
2022-06-08,2022,6,1.749537513672849,.4036231053172579,.3431260791505952,.472670397555631,640,308,231,274,54.67453370048102,23.23333333333333,6.366666666666666,1.933333333333333,826022,0
2022-06-09,2022,6,.7664785245083749,1.812464263531021,2.204429431921333,7.185161741546118,639,303,226,262,67.1572642546309,23.23333333333333,6.366666666666666,1.933333333333333,826022,0
2022-06-10,2022,6,1.75774645275916,3.675758379339575,2.332814105866484,.8312506837108928,634,303,232,258,42.38666385855191,23.23333333333333,6.366666666666666,1.933333333333333,826022,0
2022-06-11,2022,6,.09918670910856524,2.33982243500343,3.903144976272646,1.209930271155376,631,297,226,257,75.48069162602117,23.23333333333333,6.366666666666666,1.933333333333333,826022,0
2022-06-12,2022,6,.03306223636952175,0,5.747379281135882,9.864778042524936,607,286,223,250,39.03062831996195,23.23333333333333,6.366666666666666,1.933333333333333,826022,0
2022-06-13,2022,6,0,.375854806255452,8.003107135742709,5.646887573873962,567,279,214,240,65.50787016898047,23.23333333333333,6.366666666666666,1.933333333333333,826022,0
2022-06-14,2022,6,0,.09783439557203961,4.885909888599631,1.674173537198418,546,269,210,232,51.33478329926037,23.23333333333333,6.366666666666666,1.933333333333333,826022,0
2022-06-15,2022,6,.8326029972474184,.8960228429134106,1.91096567763239,3.265071811781465,523,256,181,197,41.69668620777099,23.23333333333333,6.366666666666666,1.933333333333333,826022,0
2022-06-16,2022,6,1.780580417976516,1.188478656329629,2.68261500488936,5.760531904849683,405,253,175,179,56.27518100377623,23.23333333333333,6.366666666666666,1.933333333333333,826022,0
2022-06-17,2022,6,3.409356473155932,1.278353919948077,1.303587572001859,2.464377756337375,357,278,201,198,60.76607632196366,23.23333333333333,6.366666666666666,1.933333333333333,826022,0
2022-06-18,2022,6,4.882196850776589,1.298318730942966,2.149788973387726,.6151633148626138,345,276,223,286,25.77439081095606,23.23333333333333,6.366666666666666,1.933333333333333,826022,0
2022-06-19,2022,6,3.77886428543703,1.170828559082722,1.256767207059448,1.146806133976251,343,349,271,273,20.76407105804927,23.23333333333333,6.366666666666666,1.933333333333333,826022,0
2022-06-20,2022,6,4.419425101184845,.6929256374603051,2.732093003592316,2.998206972774468,341,251,205,289,21.05611804396742,23.23333333333333,6.366666666666666,1.933333333333333,826022,0
2022-06-21,2022,6,.5118753954397025,.0661244727390435,2.479451138694205,1.767631819074569,342,211,171,239,18.4896966435854,23.23333333333333,6.366666666666666,1.933333333333333,826022,0
2022-06-22,2022,6,1.440786552001126,1.588417762729151,.1626065547745575,.5384613610300095,337,330,313,320,14.35194586092349,23.23333333333333,6.366666666666666,1.933333333333333,826022,0
2022-06-23,2022,6,.4409604747226348,.7189808854060473,3.044527504219828,4.864324275815627,333,279,212,345,17.98752775349031,23.23333333333333,6.366666666666666,1.933333333333333,826022,0
2022-06-24,2022,6,.4740227110921565,1.108632644893015,3.912452481463249,4.933516921747469,353,248,182,279,19.30038386577589,23.23333333333333,6.366666666666666,1.933333333333333,826022,0
2022-06-25,2022,6,2.697021838594126,1.498951892786578,1.003514018852709,1.079207561935324,368,271,164,231,13.54342322116367,23.23333333333333,6.366666666666666,1.933333333333333,826022,0
2022-06-26,2022,6,2.295454517326759,1.517502842012083,.5590395252773651,.5921017616468868,422,425,305,336,12.07561127304127,23.23333333333333,6.366666666666666,1.933333333333333,826022,0
2022-06-27,2022,6,1.272211158433528,.4553958774554406,3.298467557415652,4.243141333997584,502,936,712,723,15.53796969731279,23.23333333333333,6.366666666666666,1.933333333333333,826022,0
2022-06-28,2022,6,1.460606112631211,4.50020322566307,3.352107958032529,4.04332054437677,522,856,866,1010,23.61993701942507,23.23333333333333,6.366666666666666,1.933333333333333,826022,0
2022-06-29,2022,6,1.416372685248873,1.343126079150595,5.715669358302886,6.227908365097597,577,577,430,644,22.47012689008804,23.23333333333333,6.366666666666666,1.933333333333333,826022,0
2022-06-30,2022,6,1.252148309128341,2.273229962705388,1.472336888290966,3.175530057427681,583,587,403,559,26.82390633474341,23.23333333333333,6.366666666666666,1.933333333333333,826022,0
2022-07-01,2022,7,4.932732626216634,2.368055260845017,2.581941491949936,2.847172890274558,582,540,377,520,26.50095941968616,21.51612903225806,5.064516129032258,1.432568985619899,826022,0
2022-07-02,2022,7,4.857122785265965,2.205778272678642,2.78854349258659,2.549728079787248,582,547,377,496,14.05665093013989,21.51612903225806,5.064516129032258,1.432568985619899,826022,0
2022-07-03,2022,7,3.366028045823167,4.763135917811298,4.250919130150936,3.124040006391776,622,692,554,550,15.26675512401678,21.51612903225806,5.064516129032258,1.432568985619899,826022,0
2022-07-04,2022,7,1.238815412799341,1.168749316289107,4.195668791144079,3.827309059939702,641,591,525,697,20.67457062245129,21.51612903225806,5.064516129032258,1.432568985619899,826022,0
2022-07-05,2022,7,2.102624843550064,.3471435873329962,5.519333548629477,3.907510329898064,642,570,514,611,22.77551122082471,21.51612903225806,5.064516129032258,1.432568985619899,826022,0
2022-07-06,2022,7,2.208925803061868,2.617842845686842,4.123908988876659,6.404950322604961,639,527,469,561,21.30054345231905,21.51612903225806,5.064516129032258,1.432568985619899,826022,0
2022-07-07,2022,7,4.642402066132565,1.497266069985388,.7494143791137285,.3140813509634744,638,475,445,523,22.30266823577393,21.51612903225806,5.064516129032258,1.432568985619899,826022,0
2022-07-08,2022,7,.8067308956923469,1.008292641218256,1.011131758585641,1.179881074874748,550,456,430,489,27.01810653329924,21.51612903225806,5.064516129032258,1.432568985619899,826022,0
2022-07-09,2022,7,3.276508510603731,.7694772284189152,1.577666358914081,1.370560868947736,481,355,339,450,20.43637043267213,21.51612903225806,5.064516129032258,1.432568985619899,826022,0
2022-07-10,2022,7,1.185690327124632,1.764726212868067,4.999764529045633,2.664836995459478,449,320,278,346,15.84896463434204,21.51612903225806,5.064516129032258,1.432568985619899,826022,0
2022-07-11,2022,7,1.01727452010019,.8512298308841343,2.469338184380426,2.087855931552593,378,292,248,280,24.48497509168371,21.51612903225806,5.064516129032258,1.432568985619899,826022,0
2022-07-12,2022,7,2.176023153235502,.884586144091145,1.354773152678405,.9842122837306684,293,205,197,244,21.03146011570028,21.51612903225806,5.064516129032258,1.432568985619899,826022,0
2022-07-13,2022,7,2.117813542745281,3.332831319159312,3.178500192310183,2.079207561935324,333,189,141,169,18.80095956325354,21.51612903225806,5.064516129032258,1.432568985619899,826022,0
2022-07-14,2022,7,1.469671693645091,.4075647290884482,5.789355394932123,3.206260608415993,375,200,147,147,29.73727557427648,21.51612903225806,5.064516129032258,1.432568985619899,826022,0
2022-07-15,2022,7,2.581941491949936,1.840895638465674,3.108426212843954,1.725667530890806,377,192,151,175,25.7235540355789,21.51612903225806,5.064516129032258,1.432568985619899,826022,0
2022-07-16,2022,7,4.054785812227076,2.14415364385935,2.390805523930427,2.249309191760957,384,191,160,183,26.70534400869679,21.51612903225806,5.064516129032258,1.432568985619899,826022,0
2022-07-17,2022,7,.4092505518896388,2.367380359359692,.8802351266440791,.7506908082390434,389,156,139,179,21.88469600565695,21.51612903225806,5.064516129032258,1.432568985619899,826022,0
2022-07-18,2022,7,1.252917306267482,1.069123176649583,4.228495556559235,7.255934289012857,347,127,120,171,33.70121857429592,21.51612903225806,5.064516129032258,1.432568985619899,826022,0
2022-07-19,2022,7,5.965084471330136,4.753664885778026,1.758171547111765,.7400482028047416,307,99.09999999999999,95.09999999999999,143,40.628578926423,21.51612903225806,5.064516129032258,1.432568985619899,826022,1
2022-07-20,2022,7,2.598080993961799,2.688917352947066,2.339953452518546,1.712664201169988,295,67.8,54.8,100,35.26045464371418,21.51612903225806,5.064516129032258,1.432568985619899,826022,1
2022-07-21,2022,7,1.752043121775569,2.925887356402061,.6035670294971923,.7075441865837816,294,56,24.8,60.9,25.20645417211374,21.51612903225806,5.064516129032258,1.432568985619899,826022,1
2022-07-22,2022,7,2.605358773564676,.5528967637628154,3.93832458301832,4.716965495996674,285,53.9,13.7,40.4,34.36079070708942,21.51612903225806,5.064516129032258,1.432568985619899,826022,1
2022-07-23,2022,7,.4550623681907757,.3427925698859303,5.343604472231463,4.528990328996737,280,46.2,5.15,22.4,21.65911932829754,21.51612903225806,5.064516129032258,1.432568985619899,826022,1
2022-07-24,2022,7,1.00914146542509,.912144068447407,3.220028992619469,2.897176137479604,221,42.9,.92,16.1,17.11907957834872,21.51612903225806,5.064516129032258,1.432568985619899,826022,1
2022-07-25,2022,7,3.914277204735551,1.551743469196622,3.079047975392168,3.553737705013654,181,33.2,0,15.3,23.74940044522041,21.51612903225806,5.064516129032258,1.432568985619899,826022,0
2022-07-26,2022,7,1.456748190991966,3.1613995949315,3.283676426283833,6.656848824600582,222,165,17.6,12.1,18.56777159702658,21.51612903225806,5.064516129032258,1.432568985619899,826022,1
2022-07-27,2022,7,4.207620804908514,2.806017031657111,1.366543360765335,.2982936346941429,357,204,87.3,103,16.9653829583444,21.51612903225806,5.064516129032258,1.432568985619899,826022,1
2022-07-28,2022,7,5.36387816611946,.9827254798998099,.8198139848886271,1.129544318405036,478,249,86.8,131,16.17615417075062,21.51612903225806,5.064516129032258,1.432568985619899,826022,1
2022-07-29,2022,7,2.504912848623624,2.07141841004676,1.42335244535778,.9765827183852599,520,466,174,209,17.62767395106065,21.51612903225806,5.064516129032258,1.432568985619899,826022,0
2022-07-30,2022,7,3.310085928610293,1.07106073953812,2.740344702066232,2.524556052653763,698,764,535,521,23.42417797322487,21.51612903225806,5.064516129032258,1.432568985619899,826022,0
2022-07-31,2022,7,2.301927953609354,2.041369259183849,3.064605798843553,3.641267615045438,976,836,619,734,11.1608762970409,21.51612903225806,5.064516129032258,1.432568985619899,826022,0
2022-08-01,2022,8,4.941411394322534,3.401885818470669,1.819563416605293,1.121491370214646,1200,974,731,870,18.73685279967237,20.87096774193548,5.935483870967742,1.432568985619899,826022,0
2022-08-02,2022,8,4.618346335016533,6.746192029861299,.9021656044279603,.3906237182529229,1560,1190,834,920,23.4963833248066,20.87096774193548,5.935483870967742,1.432568985619899,826022,0
2022-08-03,2022,8,.9473784036549832,.8502110266122737,2.571353617334504,2.368693240469042,1910,1440,1070,1090,27.13518505605996,20.87096774193548,5.935483870967742,1.432568985619899,826022,0
2022-08-04,2022,8,1.87574961890268,1.12125167718678,1.12125167718678,.8432312665033671,1730,1500,1190,1270,22.32241478910728,20.87096774193548,5.935483870967742,1.432568985619899,826022,0
2022-08-05,2022,8,2.923077277939981,.2335214754916251,5.980538678334804,4.164466300297257,1480,1440,1310,1350,22.80789641815606,20.87096774193548,5.935483870967742,1.432568985619899,826022,0
2022-08-06,2022,8,.8880637109598194,.848525203811083,2.285134661086652,2.420821741006237,1450,1210,1040,1300,22.91208000964867,20.87096774193548,5.935483870967742,1.432568985619899,826022,0
2022-08-07,2022,8,1.466574951424252,2.746673300056643,3.759157372178808,2.426525071989829,1260,1640,1330,1410,16.05758202438806,20.87096774193548,5.935483870967742,1.432568985619899,826022,0
2022-08-08,2022,8,4.733067504905813,1.051143845681718,.8293380031031611,.1015744763582438,1260,1290,1020,1210,21.41204491390591,20.87096774193548,5.935483870967742,1.432568985619899,826022,0
2022-08-09,2022,8,3.370647753287284,1.344557216787536,1.733424112408408,.4526730566497902,1320,1270,969,1080,27.79868415838672,20.87096774193548,5.935483870967742,1.432568985619899,826022,0
2022-08-10,2022,8,2.307732157399863,.2906640693487345,1.371503788808386,.3374986325782144,1350,1300,1080,1210,18.14843957270211,20.87096774193548,5.935483870967742,1.432568985619899,826022,0
2022-08-11,2022,8,1.235976295431957,1.174376762861488,2.726095135809286,3.172864862781807,1330,1280,948,1030,17.21349051035043,20.87096774193548,5.935483870967742,1.432568985619899,826022,0
2022-08-12,2022,8,1.815462967441561,.3788535101659923,5.493375169141325,6.854642869076811,1240,1270,899,1010,17.94690679848928,20.87096774193548,5.935483870967742,1.432568985619899,826022,0
2022-08-13,2022,8,.880568635908744,1.944209719679416,4.735580504020912,5.579508891143952,1050,1160,801,940,17.54784114502511,20.87096774193548,5.935483870967742,1.432568985619899,826022,0
2022-08-14,2022,8,.3630657938966608,.8495440080829437,4.56582026641594,4.088189440817258,875,989,637,798,14.66335945437322,20.87096774193548,5.935483870967742,1.432568985619899,826022,0
2022-08-15,2022,8,1.367721751580352,.7563941392226349,6.061059121379476,4.844174186364016,722,878,515,640,22.32799896392467,20.87096774193548,5.935483870967742,1.432568985619899,826022,0
2022-08-16,2022,8,2.993527671877267,1.106127036790296,1.765126210971849,1.008807956160425,561,689,399,522,22.20894554736678,20.87096774193548,5.935483870967742,1.432568985619899,826022,0
2022-08-17,2022,8,1.489476918096823,1.827233175528492,1.714963377223646,1.981547089084793,502,511,258,402,27.10861342664801,20.87096774193548,5.935483870967742,1.432568985619899,826022,0
2022-08-18,2022,8,2.802046368980616,2.978881894438918,1.681128201058502,1.648399473953645,599,476,233,331,22.56669518482137,20.87096774193548,5.935483870967742,1.432568985619899,826022,0
2022-08-19,2022,8,2.603538460469152,.7523766310402339,.5846066865958116,3.039005978913739,756,594,298,341,22.85565919851923,20.87096774193548,5.935483870967742,1.432568985619899,826022,0
2022-08-20,2022,8,6.120487024989155,.9579809809973669,.8829397537171304,1.122603990723305,822,717,462,468,8.277335115676216,20.87096774193548,5.935483870967742,1.432568985619899,826022,0
2022-08-21,2022,8,3.872445974755515,3,2.085350323449874,.8928502162813614,1030,760,521,539,9.380978763498142,20.87096774193548,5.935483870967742,1.432568985619899,826022,0
2022-08-22,2022,8,3.692231390616103,2.171272137684654,1.033395745634187,1.88806371095982,1450,1120,883,823,14.10023555023551,20.87096774193548,5.935483870967742,1.432568985619899,826022,0
2022-08-23,2022,8,2.590749448110361,2.819853417315803,1.088522950081923,2.459693229625644,1600,1070,1150,1070,16.41181129309626,20.87096774193548,5.935483870967742,1.432568985619899,826022,0
2022-08-24,2022,8,1.592101761646886,2.327537381851595,1.126545614494495,2.149962896109236,1600,986,1070,1010,17.46098041882143,20.87096774193548,5.935483870967742,1.432568985619899,826022,0
2022-08-25,2022,8,1.854334456060968,1.868436349529109,4.777098910808328,7.314868626937451,1410,1090,1180,1100,20.12899004091296,20.87096774193548,5.935483870967742,1.432568985619899,826022,0
2022-08-26,2022,8,1.810169030133845,1.942342091200721,2.162606554774557,4.557527625197684,1160,986,1010,993,21.00674177858867,20.87096774193548,5.935483870967742,1.432568985619899,826022,0
2022-08-27,2022,8,1.486506783214323,6.340102278991232,1.622658389913689,2.029889609737472,1060,817,854,897,15.28641897316796,20.87096774193548,5.935483870967742,1.432568985619899,826022,0
2022-08-28,2022,8,4.150038780520447,3.540404808684654,1.963337532079948,.2374881955116382,1060,773,772,783,15.95860568998504,20.87096774193548,5.935483870967742,1.432568985619899,826022,0
2022-08-29,2022,8,9.913356438773986,.8443588691559958,0,0,1060,784,748,771,16.61890244688425,20.87096774193548,5.935483870967742,1.432568985619899,826022,0
2022-08-30,2022,8,4.298083259988599,.4710096710032632,1.424839249188638,1.016941010835525,1060,775,733,746,24.677463843117,20.87096774193548,5.935483870967742,1.432568985619899,826022,0
2022-08-31,2022,8,4.219361974090139,1.128391023838842,2.085084815640424,2.21908607275882,940,751,721,726,27.57124621918855,20.87096774193548,5.935483870967742,1.432568985619899,826022,0
2022-09-01,2022,9,5.733590210860362,3.153084734578897,.7135130253768224,.9259124526508833,886,777,771,714,23.74652547153374,22.23333333333333,6.266666666666667,1.519277108433735,826022,0
2022-09-02,2022,9,4.038182250955729,1.790055392666271,.4092505518896388,.8877302016951545,774,653,616,630,27.99411669535758,22.23333333333333,6.266666666666667,1.519277108433735,826022,0
2022-09-03,2022,9,1.786751748519105,.687430549116207,.6022147159606667,1.534443852847609,649,539,500,509,24.15987372522206,22.23333333333333,6.266666666666667,1.519277108433735,826022,0
2022-09-04,2022,9,3.995057848434814,5.00029705728063,3.037519175082881,1.224539596609691,601,490,396,429,22.33113510283625,22.23333333333333,6.266666666666667,1.519277108433735,826022,0
2022-09-05,2022,9,.3427925698859303,.09783439557203961,2.675119929838284,5.505889343353833,619,474,348,383,24.74685894506196,22.23333333333333,6.266666666666667,1.519277108433735,826022,0
2022-09-06,2022,9,1.213407838024051,.7676569153233915,4.307703118494557,4.200633161843612,564,438,329,364,31.5961023578498,22.23333333333333,6.266666666666667,1.519277108433735,826022,0
2022-09-07,2022,9,4.097674809028883,3.36781978989065,2.031709922832996,2.852982142524442,501,311,230,321,38.5207753389731,22.23333333333333,6.266666666666667,1.519277108433735,826022,0
2022-09-08,2022,9,.472336888290966,1.197460535211563,4.197307298562099,8.964124338176658,475,268,156,242,55.08716211313561,22.23333333333333,6.266666666666667,1.519277108433735,826022,0
2022-09-09,2022,9,.849040518753252,.3427925698859303,1.121744303117335,9.14579715711889,475,259,127,199,45.67245749368799,22.23333333333333,6.266666666666667,1.519277108433735,826022,0
2022-09-10,2022,9,.7708295419554408,.8211662984251527,4.216011484437068,2.288982189204026,456,262,131,191,29.89031987847842,22.23333333333333,6.266666666666667,1.519277108433735,826022,0
2022-09-11,2022,9,4.511799511028491,1.654368312746685,3.688575960726406,6.443136516217171,451,278,156,200,19.49222975753113,22.23333333333333,6.266666666666667,1.519277108433735,826022,0
2022-09-12,2022,9,.4089170426249739,.9207924380646761,5.258186147326375,4.264568322451773,449,279,154,202,35.38887136182355,22.23333333333333,6.266666666666667,1.519277108433735,826022,0
2022-09-13,2022,9,.06477215920251786,1.424839249188638,4.888701690583845,5.539817617223017,449,254,192,235,30.32349767262408,22.23333333333333,6.266666666666667,1.519277108433735,826022,0
2022-09-14,2022,9,1.419334937175379,.8086822263029866,3.471492006740614,4.308428808142271,458,304,185,194,10.56665475444442,22.23333333333333,6.266666666666667,1.519277108433735,826022,0
2022-09-15,2022,9,2.152628090755111,.7750209728593508,2.354591347000901,2.638421009934198,476,279,192,241,15.40616951034553,22.23333333333333,6.266666666666667,1.519277108433735,826022,0
2022-09-16,2022,9,.04749763910232763,.06477215920251786,2.202783041547319,5.674123344700771,474,278,171,215,28.41127388043765,22.23333333333333,6.266666666666667,1.519277108433735,826022,0
2022-09-17,2022,9,.3427925698859303,.5449376318092242,2.169720805177797,5.065080572218359,472,252,141,201,15.84132861577427,22.23333333333333,6.266666666666667,1.519277108433735,826022,0
2022-09-18,2022,9,.5115418861750376,.6855851397718606,1.321529110631379,6.704016897094727,431,231,131,190,21.08973531805153,22.23333333333333,6.266666666666667,1.519277108433735,826022,0
2022-09-19,2022,9,.5067514381970134,1.093816887389639,4.115718326268215,3.485669784619966,379,202,115,184,24.07701971527452,22.23333333333333,6.266666666666667,1.519277108433735,826022,0
2022-09-20,2022,9,1.014435402732806,.550057646395431,3.459539992976179,7.165935890835287,314,169,84.59999999999999,156,19.04670825484751,22.23333333333333,6.266666666666667,1.519277108433735,826022,1
2022-09-21,2022,9,2.745396870931327,2.629439131052264,4.01274169697562,6.975256566639564,292,159,63.2,129,16.68852660229766,22.23333333333333,6.266666666666667,1.519277108433735,826022,1
2022-09-22,2022,9,3.188478656329628,3.240331255535505,1.785105358145091,2.251814799863676,292,165,62.1,114,26.62883512858284,22.23333333333333,6.266666666666667,1.519277108433735,826022,1
2022-09-23,2022,9,3.725761626544621,3.550746884059108,2.163281456259882,2.174536349404643,387,184,78.5,127,15.02676529643837,22.23333333333333,6.266666666666667,1.519277108433735,826022,1
2022-09-24,2022,9,4.123934085125482,4.315543528422775,.4324939107828697,.4377878480905856,460,270,142,130,12.48058662430283,22.23333333333333,6.266666666666667,1.519277108433735,826022,0
2022-09-25,2022,9,.08055987547184938,.8154629674415612,.2162469553914348,.7330827788741882,656,277,183,222,19.34925056183031,22.23333333333333,6.266666666666667,1.519277108433735,826022,0
2022-09-26,2022,9,4.617030943341309,2.890518530900151,.8877302016951545,1.089541754353783,733,449,311,250,28.76276297376249,22.23333333333333,6.266666666666667,1.519277108433735,826022,0
2022-09-27,2022,9,.5115418861750376,.6568739208494048,3.609368398791082,5.105637883638957,724,551,417,367,32.39709105862337,22.23333333333333,6.266666666666667,1.519277108433735,826022,0
2022-09-28,2022,9,2.197620121754719,1.024080357487588,3.621784469458031,1.140981017227301,717,470,519,486,22.59829213750098,22.23333333333333,6.266666666666667,1.519277108433735,826022,0
2022-09-29,2022,9,.1770419575073633,.5211868409298192,5.196452124461573,3.448256530803377,625,441,399,428,29.73168110690892,22.23333333333333,6.266666666666667,1.519277108433735,826022,0
2022-09-30,2022,9,1.851495338693584,.4381213573552505,5.209897291950558,6.818476007530456,521,355,302,395,28.96416262217937,22.23333333333333,6.266666666666667,1.519277108433735,826022,0
2022-10-01,2022,10,.7334162881388531,.09783439557203961,2.054278380240902,3.998488099920318,516,304,200,296,24.25382797766354,21.83870967741936,5.290322580645161,1.870967741935484,826022,0
2022-10-02,2022,10,6.850679496048538,.701865951849013,.2810191145939527,.04749763910232763,471,297,191,266,14.13835227456546,21.83870967741936,5.290322580645161,1.870967741935484,826022,0
2022-10-03,2022,10,7.65515558872066,1.992530021197748,.6397589872923705,.302260354714156,451,269,181,264,18.465546852552,21.83870967741936,5.290322580645161,1.870967741935484,826022,0
2022-10-04,2022,10,3.862293588014559,2.531604735480224,1.312594547132615,.6970755038709888,459,472,344,344,10.28743777743982,21.83870967741936,5.290322580645161,1.870967741935484,826022,0
2022-10-05,2022,10,5.319121606074218,1.707493398421394,.752043121775569,.8512298308841343,475,424,352,329,7.517844234232743,21.83870967741936,5.290322580645161,1.870967741935484,826022,0
2022-10-06,2022,10,2.041862309573952,2.040861781779957,1.093483378124974,1.093483378124974,668,505,457,467,8.275884763829394,21.83870967741936,5.290322580645161,1.870967741935484,826022,0
2022-10-07,2022,10,3.780250851368333,2.656692115171901,2.280859528050797,1.781421359227355,744,677,545,456,18.58577972546691,21.83870967741936,5.290322580645161,1.870967741935484,826022,0
2022-10-08,2022,10,5.220526031083772,.4062375118007454,.1453320346743672,.8643129200804145,744,709,691,625,8.351934035311022,21.83870967741936,5.290322580645161,1.870967741935484,826022,0
2022-10-09,2022,10,3.529491307760553,2.73620461734385,2.243340352967916,1.921506302099911,743,687,647,625,11.19048077510265,21.83870967741936,5.290322580645161,1.870967741935484,826022,0
2022-10-10,2022,10,1.056639104527418,.3761883155201169,2.138010882344801,5.681951929016512,725,700,647,596,17.2221409729583,21.83870967741936,5.290322580645161,1.870967741935484,826022,0
2022-10-11,2022,10,.03306223636952175,2.415697783763548,3.164586454413237,4.60019538389481,719,637,571,585,20.03387018076834,21.83870967741936,5.290322580645161,1.870967741935484,826022,0
2022-10-12,2022,10,.1956687911440792,2.683967318425886,2.265231398324621,1.314081350963475,716,626,571,564,34.3048719021724,21.83870967741936,5.290322580645161,1.870967741935484,826022,0
2022-10-13,2022,10,1.271877649168863,.8352681918932938,3.78108784996269,1.896022842913411,715,621,577,573,37.84288738180607,21.83870967741936,5.290322580645161,1.870967741935484,826022,0
2022-10-14,2022,10,2.413707490602998,.4711835937247722,4.638079617713537,3.090695048919977,651,604,565,565,32.12445176934002,21.83870967741936,5.290322580645161,1.870967741935484,826022,0
2022-10-15,2022,10,1.854667965325633,1.404725611721064,3.643410007005289,3.47123438188716,622,501,485,522,21.56664830122206,21.83870967741936,5.290322580645161,1.870967741935484,826022,0
2022-10-16,2022,10,1.553700744018893,.7334241124084083,3.164563663704867,.9642913264796419,622,579,574,590,7.240641800569102,21.83870967741936,5.290322580645161,1.870967741935484,826022,0
2022-10-17,2022,10,1.277431409955317,2.377389274816632,1.206014062914601,.8398369179642907,622,596,634,635,6.357651449088707,21.83870967741936,5.290322580645161,1.870967741935484,826022,0
2022-10-18,2022,10,1.136926542376006,3.687118595924329,3.568779308677656,2.806020323417572,572,551,547,568,19.1709389931279,21.83870967741936,5.290322580645161,1.870967741935484,826022,0
2022-10-19,2022,10,1.344144883422456,2.795856761960161,1.171414510934983,1.034708626743536,538,448,438,513,25.79584886135697,21.83870967741936,5.290322580645161,1.870967741935484,826022,0
2022-10-20,2022,10,1.419334937175379,.6729951463834013,2.855200023683364,4.906158016361538,539,431,386,427,25.75480133124302,21.83870967741936,5.290322580645161,1.870967741935484,826022,0
2022-10-21,2022,10,.6859186490365256,1.012484072122166,2.620802117170207,4.090825596557829,540,430,365,402,25.95403880446645,21.83870967741936,5.290322580645161,1.870967741935484,826022,0
2022-10-22,2022,10,0,0,1.613346474546307,8.958631381898611,540,431,352,377,21.8358031478117,21.83870967741936,5.290322580645161,1.870967741935484,826022,0
2022-10-23,2022,10,2.624145193744548,2.676936770154592,4.717962081134186,4.783753044608565,540,439,349,375,20.64667862890205,21.83870967741936,5.290322580645161,1.870967741935484,826022,0
2022-10-24,2022,10,3.284231173653178,7.229145831673002,.6806247117288097,.9194401245281506,528,433,344,373,65.74794779777734,21.83870967741936,5.290322580645161,1.870967741935484,826022,0
2022-10-25,2022,10,1.253500622664867,1.559706543806695,2.965251940829288,2.408544100933133,525,427,342,354,20.17412550834793,21.83870967741936,5.290322580645161,1.870967741935484,826022,0
2022-10-26,2022,10,.7664785245083749,.1295443184050357,.6669868751631846,6.222499110951494,524,429,342,350,31.15621447409379,21.83870967741936,5.290322580645161,1.870967741935484,826022,0
2022-10-27,2022,10,4.237637021984324,2.470346595130415,1.140981017227301,2.223876520736844,548,433,337,343,21.93175280494089,21.83870967741936,5.290322580645161,1.870967741935484,826022,0
2022-10-28,2022,10,3.559876523871722,2.269372041066143,1.812130754266356,1.942523896878226,563,468,370,354,21.50681935676976,21.83870967741936,5.290322580645161,1.870967741935484,826022,0
2022-10-29,2022,10,2.099959648904188,1.047831148366992,2.825281844917852,3.051490051035905,562,486,394,364,22.73031107446585,21.83870967741936,5.290322580645161,1.870967741935484,826022,0
2022-10-30,2022,10,3.529273050099014,2.210619508819054,.4105634329989883,.1770419575073633,562,487,401,380,26.64149249919391,21.83870967741936,5.290322580645161,1.870967741935484,826022,0
2022-10-31,2022,10,2.147692758960883,1.796701643510512,1.292150873179593,1.194316477607554,598,520,402,390,23.90912660053454,21.83870967741936,5.290322580645161,1.870967741935484,826022,0
2022-11-01,2022,11,.1687493162891072,.09783439557203961,2.855639454214322,5.276643000898063,635,634,493,439,33.06662787918628,24.43333333333333,5.566666666666666,1.714056224899598,826022,0
2022-11-02,2022,11,.1122697983048455,.8626270972792239,3.334452613284504,5.125577598385022,634,620,509,489,38.09910332637919,24.43333333333333,5.566666666666666,1.714056224899598,826022,0
2022-11-03,2022,11,2.267860140986462,1.142877214734036,2.013158973607491,1.881413517459096,675,617,499,474,39.91818549685294,24.43333333333333,5.566666666666666,1.714056224899598,826022,0
2022-11-04,2022,11,1.836460918886664,6.865112021666868,.2921508731795932,1.46404424707271,697,671,539,497,13.16831241677023,24.43333333333333,5.566666666666666,1.714056224899598,826022,0
2022-11-05,2022,11,.577666358914081,3.216678502966398,1.563858542283429,2.254404110098341,697,678,547,516,17.58618359239734,24.43333333333333,5.566666666666666,1.714056224899598,826022,0
2022-11-06,2022,11,1.730577170771469,1.029044728187121,.6352769523301883,3.828596844800229,698,672,531,517,20.1941198505842,24.43333333333333,5.566666666666666,1.714056224899598,826022,0
2022-11-07,2022,11,1.677785594361425,.7345946789538699,1.942342091200721,2.655695530034388,699,675,531,554,28.03802211165284,24.43333333333333,5.566666666666666,1.714056224899598,826022,0
2022-11-08,2022,11,2.453072075030226,.8287450756081733,.2590886368100714,1.58609349042667,700,674,532,578,25.01938686698762,24.43333333333333,5.566666666666666,1.714056224899598,826022,0
2022-11-09,2022,11,2.419494523718534,.5025600072931034,1.566153775680605,4.818618380780783,702,678,528,571,44.72617922257906,24.43333333333333,5.566666666666666,1.714056224899598,826022,0
2022-11-10,2022,11,9.063691806697797,5.153252204078047,.04749763910232763,.04749763910232763,701,685,545,562,15.75259241387233,24.43333333333333,5.566666666666666,1.714056224899598,826022,0
2022-11-11,2022,11,4.319379230927672,2.664663072737969,.3285167536962804,.5673321664956213,704,691,551,565,14.26546081834166,24.43333333333333,5.566666666666666,1.714056224899598,826022,0
2022-11-12,2022,11,1.322214405638575,1.047831148366993,3.035825469325695,2.139878510823495,704,678,537,543,25.47907420331921,24.43333333333333,5.566666666666666,1.714056224899598,826022,0
2022-11-13,2022,11,2.860970313383338,.1899905564093105,.6241451937445478,.9868774783765437,704,696,530,529,23.20961934757366,24.43333333333333,5.566666666666666,1.714056224899598,826022,0
2022-11-14,2022,11,1.018786420179872,.8432312665033671,1.549212764845079,5.745343205654466,706,724,565,566,13.95552077337669,24.43333333333333,5.566666666666666,1.714056224899598,826022,0
2022-11-15,2022,11,4.35162956495166,.7256128000719358,0,.06477215920251786,727,727,596,607,21.96940296180244,24.43333333333333,5.566666666666666,1.714056224899598,826022,0
2022-11-16,2022,11,2.429472987737981,1.600394402865143,2.284801151821987,1.567172579952466,1030,767,638,619,28.41611702055854,24.43333333333333,5.566666666666666,1.714056224899598,826022,0
2022-11-17,2022,11,2.362521909926452,1.484107096377897,2.271374159839171,2.173024449324962,1420,1360,981,811,41.52224404205861,24.43333333333333,5.566666666666666,1.714056224899598,826022,0
2022-11-18,2022,11,2.733416288138853,1.668977638201,1.013836385658692,.8498775173476087,1350,1430,1170,1120,24.8614644723762,24.43333333333333,5.566666666666666,1.714056224899598,826022,0
2022-11-19,2022,11,4.021423045797707,2.106925072834742,2.154817402885993,2.023920770944432,1280,1280,1090,1110,20.35131770161541,24.43333333333333,5.566666666666666,1.714056224899598,826022,0
2022-11-20,2022,11,7.301724356056911,1.978707971717409,.9387418596501913,.6065371643796929,1270,1280,1080,1080,24.00525696441975,24.43333333333333,5.566666666666666,1.714056224899598,826022,0
2022-11-21,2022,11,2.090818183479098,1.024929181694421,1.159941360128682,.7136869480983314,1270,1250,1090,1090,40.99259454175209,24.43333333333333,5.566666666666666,1.714056224899598,826022,0
2022-11-22,2022,11,.6254975072810736,.7664785245083749,2.007114250403239,3.866953018477467,1270,1250,1090,1080,51.43918527256935,24.43333333333333,5.566666666666666,1.714056224899598,826022,0
2022-11-23,2022,11,1.437787848090585,.8010526609575782,1.075903917788158,5.006117665265728,1240,1260,1120,1110,49.68315137760815,24.43333333333333,5.566666666666666,1.714056224899598,826022,0
2022-11-24,2022,11,2.364882634212967,.5766475546422203,.8734543855055044,.6399329100138793,1230,1250,1090,1110,16.10316227429791,24.43333333333333,5.566666666666666,1.714056224899598,826022,0
2022-11-25,2022,11,2.184707012623466,2.737941228307428,1.502733930014613,1.323063229845409,1230,1250,1100,1100,27.55126806372747,24.43333333333333,5.566666666666666,1.714056224899598,826022,0
2022-11-26,2022,11,3.688681881992699,1.366543360765335,.5145405900855777,2.158770852269661,1230,1240,1100,1130,38.37834511020178,24.43333333333333,5.566666666666666,1.714056224899598,826022,0
2022-11-27,2022,11,2.452473057956111,5.344254747345231,.9277327657464067,1.756500060488928,1230,1240,1110,1140,29.44589628356271,24.43333333333333,5.566666666666666,1.714056224899598,826022,0
2022-11-28,2022,11,.3427925698859303,.1122697983048455,1.139323763454151,3.871409957190826,1230,1260,1110,1090,54.72564362713783,24.43333333333333,5.566666666666666,1.714056224899598,826022,0
2022-11-29,2022,11,2.024595672429756,1.145332034674367,1.577825945457237,1.142492917306983,1230,1250,1110,1060,41.82760311912999,24.43333333333333,5.566666666666666,1.714056224899598,826022,0
2022-11-30,2022,11,2.249468778304113,.8470383999802241,2.279507214514271,2.971568625065346,1230,1250,1140,1060,43.77163487245973,24.43333333333333,5.566666666666666,1.714056224899598,826022,0
2022-12-01,2022,12,1.629954445994432,1.422000131821254,.6018812066960018,2.668655484671548,1230,1240,1140,1060,49.09377733634356,27.51612903225806,7.064516129032258,3.129032258064516,826022,0
2022-12-02,2022,12,.4553958774554407,.3079385894489247,2.177041957507363,2.481144844451391,1240,1240,1130,1080,42.1171666065016,27.51612903225806,7.064516129032258,3.129032258064516,826022,0
2022-12-03,2022,12,4.364712654147941,.4235120319009356,2.187300265514613,1.501715125742752,1240,1280,1130,1110,64.13870494199584,27.51612903225806,7.064516129032258,3.129032258064516,826022,0
2022-12-04,2022,12,.8573331599715082,1.373015688888068,2.442606865096649,4.035528412045065,1240,1330,1210,1240,32.30051399819545,27.51612903225806,7.064516129032258,3.129032258064516,826022,0
2022-12-05,2022,12,0,.7664785245083749,5.651475060225173,6.113557583165372,1240,1250,1140,1170,18.01312210404819,27.51612903225806,7.064516129032258,3.129032258064516,826022,0
2022-12-06,2022,12,1.927399256481742,.04749763910232763,1.975404327570243,2.94836171815615,1300,1220,1090,1150,19.56596162642626,27.51612903225806,7.064516129032258,3.129032258064516,826022,0
2022-12-07,2022,12,2.874397305366154,1.543585318272698,.4436256693685102,2.184671522852772,1350,1330,1130,1110,30.84310858653128,27.51612903225806,7.064516129032258,3.129032258064516,826022,0
2022-12-08,2022,12,6.671740871157175,1.393804227840967,.2335214754916251,.4022707917807323,1360,1340,1160,1160,26.98018155485695,27.51612903225806,7.064516129032258,3.129032258064516,826022,0
2022-12-09,2022,12,3.228017163478365,1.814309672875367,1.703193169136716,2.169902610855301,1360,1340,1160,1170,30.63835689775183,27.51612903225806,7.064516129032258,3.129032258064516,826022,0
2022-12-10,2022,12,1.960157022491903,1.033062236369522,1.129544318405036,1.952502360897673,1360,1330,1170,1170,29.03669241565506,27.51612903225806,7.064516129032258,3.129032258064516,826022,0
2022-12-11,2022,12,.7756199899334648,.09499527820465527,.1295443184050357,1.645238203056807,1350,1330,1160,1160,24.65185583384634,27.51612903225806,7.064516129032258,3.129032258064516,826022,0
2022-12-12,2022,12,.1424929173069829,.1597674374071731,1.881587440180605,2.109299663422345,1250,1310,1140,1130,32.89552481165531,27.51612903225806,7.064516129032258,3.129032258064516,826022,0
2022-12-13,2022,12,1.955874006500053,4.432591949093168,1.243841331731731,.9063426991535173,997,1050,1010,1070,26.89667379937339,27.51612903225806,7.064516129032258,3.129032258064516,826022,0
2022-12-14,2022,12,7.239588352594964,.9124854606680669,0,0,816,743,776,884,24.76386563579696,27.51612903225806,7.064516129032258,3.129032258064516,826022,0
2022-12-15,2022,12,4.448285569708683,2.829898370174367,.4180585080500638,.04749763910232763,692,615,645,719,26.57542737410785,27.51612903225806,7.064516129032258,3.129032258064516,826022,0
2022-12-16,2022,12,6.842995795548999,3.041366703200254,.1122697983048455,.1122697983048455,591,533,534,623,32.50660128811836,27.51612903225806,7.064516129032258,3.129032258064516,826022,0
2022-12-17,2022,12,2.218875698053275,1.414040999867663,.4278379530991787,.8301087448799109,548,442,439,522,28.73405922257773,27.51612903225806,7.064516129032258,3.129032258064516,826022,0
2022-12-18,2022,12,2.951349066331479,1.269372041066143,.604879910606542,1.225692891175885,549,439,395,460,34.10051984342446,27.51612903225806,7.064516129032258,3.129032258064516,826022,0
2022-12-19,2022,12,3.294475145482074,2.042813112390597,.9134569495567567,.9579558847485441,502,432,390,457,58.36870479037036,27.51612903225806,7.064516129032258,3.129032258064516,826022,0
2022-12-20,2022,12,2.321909935279214,1.151474796188917,.8684649185571485,1.58215186665548,443,374,333,420,46.16516686311569,27.51612903225806,7.064516129032258,3.129032258064516,826022,0
2022-12-21,2022,12,2.183358641743422,1.244958174313891,1.142322467364691,1.569152479591145,426,334,273,341,56.04625324165001,27.51612903225806,7.064516129032258,3.129032258064516,826022,0
2022-12-22,2022,12,2.948310929993763,.3285167536962803,1.039669054786587,.2893117558122089,426,328,257,313,27.60148705802818,27.51612903225806,7.064516129032258,3.129032258064516,826022,0
2022-12-23,2022,12,2.496787676904519,.8706152681381202,1.600568325586652,2.643925321947458,535,331,255,297,44.01242747870416,27.51612903225806,7.064516129032258,3.129032258064516,826022,0
2022-12-24,2022,12,2.906850131139691,1.736930306991562,1.223027696530009,1.158255537327491,615,490,356,349,40.66646718705601,27.51612903225806,7.064516129032258,3.129032258064516,826022,0
2022-12-25,2022,12,2.289485678533718,1.70966943991593,.8626270972792239,2.158437343004996,615,522,436,463,27.9813870339397,27.51612903225806,7.064516129032258,3.129032258064516,826022,0
2022-12-26,2022,12,3.484013000724079,.7679904245880564,.7506908082390434,1.256938757106365,616,531,452,480,31.0680862206057,27.51612903225806,7.064516129032258,3.129032258064516,826022,0
2022-12-27,2022,12,0,0,.453405114417625,2.862638453014436,787,539,454,488,46.06384844745261,27.51612903225806,7.064516129032258,3.129032258064516,826022,0
2022-12-28,2022,12,.04749763910232763,.8550014745902976,1.634609933800859,3.570305774157339,880,754,641,586,15.85058892311897,27.51612903225806,7.064516129032258,3.129032258064516,826022,0
2022-12-29,2022,12,1.949663243530288,.3140813509634745,1.833582369092103,1.530328306354909,976,770,707,715,16.89825760782833,27.51612903225806,7.064516129032258,3.129032258064516,826022,0
2022-12-30,2022,12,1.610384692497067,.949996752794953,1.424998835731794,1.767791405617724,1030,901,829,773,18.28525887539637,27.51612903225806,7.064516129032258,3.129032258064516,826022,0
2022-12-31,2022,12,0,.1956687911440792,1.510044218945042,1.256249519442687,1030,882,862,855,24.89411792730015,27.51612903225806,7.064516129032258,3.129032258064516,826022,0
2023-01-01,2023,1,.5115418861750376,.1122697983048455,.6669868751631846,1.560526329108224,1030,878,863,866,31.17056131356314,24.16129032258064,6.161290322580645,2.483870967741935,827600,0
2023-01-02,2023,1,0,.09783439557203961,6.398081871442699,4.539614655596203,1020,911,898,905,12.65565227484496,24.16129032258064,6.161290322580645,2.483870967741935,827600,0
2023-01-03,2023,1,2.458100504528492,1.397480343802708,2.1454665249687,3.109405584688639,824,868,873,905,18.32818041961914,24.16129032258064,6.161290322580645,2.483870967741935,827600,0
2023-01-04,2023,1,2.913334284874901,1.077720758104465,1.093483378124974,.5763140453775554,670,585,604,767,18.5373391830695,24.16129032258064,6.161290322580645,2.483870967741935,827600,0
2023-01-05,2023,1,2.856513374669979,1.112269798304845,2.826594726027202,3.616490532150316,645,539,484,600,34.19587920286139,24.16129032258064,6.161290322580645,2.483870967741935,827600,0
2023-01-06,2023,1,4.112785113247014,3.466832576277706,.6399329100138793,.5025600072931034,608,541,449,533,33.96030485617079,24.16129032258064,6.161290322580645,2.483870967741935,827600,0
2023-01-07,2023,1,6.048338580353167,1.092156160837271,.0661244727390435,.0661244727390435,575,503,409,480,25.95950387153899,24.16129032258064,6.161290322580645,2.483870967741935,827600,0
2023-01-08,2023,1,1.413707490602998,.7877705527909661,2.747387164091878,3.510363495360021,574,500,389,417,29.42315593822865,24.16129032258064,6.161290322580645,2.483870967741935,827600,0
2023-01-09,2023,1,1.606711087101202,.6427720273812638,1.355570718845585,3.739055090446445,574,494,391,404,44.17156768126755,24.16129032258064,6.161290322580645,2.483870967741935,827600,0
2023-01-10,2023,1,0,0,2.540060436020853,5.236495083153342,576,494,391,386,42.68240367641438,24.16129032258064,6.161290322580645,2.483870967741935,827600,0
2023-01-11,2023,1,.8524082216991509,5.786052220662222,1.121077754465271,1.120895948787767,641,487,386,377,40.90698195377589,24.16129032258064,6.161290322580645,2.483870967741935,827600,0
2023-01-12,2023,1,4.471212632630078,1.134359862631883,.4022707917807323,.2982936346941429,685,562,441,402,27.71571266471268,24.16129032258064,6.161290322580645,2.483870967741935,827600,0
2023-01-13,2023,1,1.935561350062147,.5590395252773651,2.805302697744611,3.746550165497522,686,591,469,488,40.61121587054556,24.16129032258064,6.161290322580645,2.483870967741935,827600,0
2023-01-14,2023,1,1.46153863896999,.06477215920251786,2.770249698337273,3.114909896701898,687,627,486,525,50.48940703875225,24.16129032258064,6.161290322580645,2.483870967741935,827600,0
2023-01-15,2023,1,.1687493162891072,.1136221118413711,4.711485810354972,3.036060940280061,690,636,491,533,22.19032621096658,24.16129032258064,6.161290322580645,2.483870967741935,827600,0
2023-01-16,2023,1,1.582456806892105,.4852854871929131,1.158255537327491,1.445961297406203,691,643,509,520,17.53444887525469,24.16129032258064,6.161290322580645,2.483870967741935,827600,0
2023-01-17,2023,1,.09783439557203961,.1122697983048455,1.905164308338501,2.390623718252923,694,658,524,535,20.50803288972941,24.16129032258064,6.161290322580645,2.483870967741935,827600,0
2023-01-18,2023,1,1.259128069237247,3.825387766184146,2.544763709087715,5.674148440949594,696,662,539,560,24.65019836915526,24.16129032258064,6.161290322580645,2.483870967741935,827600,0
2023-01-19,2023,1,1.565486757151275,1.676167773015451,1.271877649168863,1.978584837158287,695,632,519,560,33.9928577775088,24.16129032258064,6.161290322580645,2.483870967741935,827600,0
2023-01-20,2023,1,.6962385052766322,.8643129200804145,1.809661598147671,4.068895588651213,696,618,509,581,32.7283836540395,24.16129032258064,6.161290322580645,2.483870967741935,827600,0
2023-01-21,2023,1,6.162027181033654,.6437257073123835,0,.7506908082390434,696,616,512,574,20.86126266044918,24.16129032258064,6.161290322580645,2.483870967741935,827600,0
2023-01-22,2023,1,.09499527820465527,.04749763910232763,3.415012488756353,6.207929217924356,696,618,509,567,26.8091686831117,24.16129032258064,6.161290322580645,2.483870967741935,827600,0
2023-01-23,2023,1,1.436609457275569,.472336888290966,.3431260791505952,.3431260791505952,696,630,512,570,45.00962451026584,24.16129032258064,6.161290322580645,2.483870967741935,827600,0
2023-01-24,2023,1,8.260158633886324,1.906625420255794,1.13535357065492,.1122697983048455,627,639,521,546,38.22581668090724,24.16129032258064,6.161290322580645,2.483870967741935,827600,0
2023-01-25,2023,1,9.785603394559171,1.128732416059502,0,0,538,553,452,508,29.66417759794154,24.16129032258064,6.161290322580645,2.483870967741935,827600,0
2023-01-26,2023,1,4.263599710677558,3.830203310410992,.5476028264550994,.2101041938768851,502,490,386,438,24.1154893750468,24.16129032258064,6.161290322580645,2.483870967741935,827600,0
2023-01-27,2023,1,.55937303454203,1.113622111841371,2.726740998389307,1.453405114417625,503,479,351,393,33.84276886972596,24.16129032258064,6.161290322580645,2.483870967741935,827600,0
2023-01-28,2023,1,.4409604747226348,1.257442246436057,1.89470698136092,3.401382535146722,505,481,351,400,44.66500080499561,24.16129032258064,6.161290322580645,2.483870967741935,827600,0
2023-01-29,2023,1,.3906237182529229,.04749763910232763,.6666533658985195,2.356724013411779,505,487,352,400,32.10283982308742,24.16129032258064,6.161290322580645,2.483870967741935,827600,0
2023-01-30,2023,1,1.079207561935324,.4075647290884482,.9260755119732559,4.845871364900419,506,483,363,409,44.91722330782959,24.16129032258064,6.161290322580645,2.483870967741935,827600,0
2023-01-31,2023,1,5.243377274829215,1.877421105525518,.3849962716805421,.04749763910232763,505,474,352,409,30.86110844629614,24.16129032258064,6.161290322580645,2.483870967741935,827600,0
2023-02-01,2023,2,6.294980066902372,.4274787519209486,0,0,537,468,347,411,28.37796936602772,22.92857142857143,6.428571428571429,1.928571428571429,827600,0
2023-02-02,2023,2,3.8341148973271,2.037852684347546,.06477215920251786,.06477215920251786,558,500,372,424,37.43247425343475,22.92857142857143,6.428571428571429,1.928571428571429,827600,0
2023-02-03,2023,2,1.949996752794953,.7664785245083749,1.79353248965768,3.562013132939082,558,490,396,450,42.5404187262061,22.92857142857143,6.428571428571429,1.928571428571429,827600,0
2023-02-04,2023,2,1.687097039851542,1.290664069348734,4.117538639363739,2.889217005526013,556,491,391,447,42.58341317439694,22.92857142857143,6.428571428571429,1.928571428571429,827600,0
2023-02-05,2023,2,.06477215920251786,.3427925698859303,.453405114417625,2.558535566070408,553,491,401,446,34.68811746851208,22.92857142857143,6.428571428571429,1.928571428571429,827600,0
2023-02-06,2023,2,4.102958352814729,3.342289080556238,.8151294581768963,.4278379530991787,566,495,402,446,48.60747980464853,22.92857142857143,6.428571428571429,1.928571428571429,827600,0
2023-02-07,2023,2,8.272338235649132,1.985415770794507,3.205927099151328,.9149831858147914,577,521,401,445,26.52337046769931,22.92857142857143,6.428571428571429,1.928571428571429,827600,0
2023-02-08,2023,2,4.423116974403412,2.005334331948233,2.010294759991284,2.080694365766182,597,523,408,459,31.04999756184366,22.92857142857143,6.428571428571429,1.928571428571429,827600,0
2023-02-09,2023,2,4.094332202331808,1.311401820139246,.5145405900855777,.5846066865958116,616,538,420,458,34.91857879518897,22.92857142857143,6.428571428571429,1.928571428571429,827600,0
2023-02-10,2023,2,.9209520246078323,.5356222436626251,2.064438649937853,1.339315003017256,655,550,431,474,40.42465964110574,22.92857142857143,6.428571428571429,1.928571428571429,827600,0
2023-02-11,2023,2,1.189830969866154,.4882841911034534,1.77625796955749,4.063260259122836,680,594,462,480,45.46696916083798,22.92857142857143,6.428571428571429,1.928571428571429,827600,0
2023-02-12,2023,2,1.529309502083049,1.502226498028439,2.08869293014695,1.67550075448612,680,592,483,518,36.51230121955987,22.92857142857143,6.428571428571429,1.928571428571429,827600,0
2023-02-13,2023,2,2.653371727609172,.04749763910232763,1.66534048478917,1.550441943822484,681,584,493,510,33.91796868559958,22.92857142857143,6.428571428571429,1.928571428571429,827600,0
2023-02-14,2023,2,0,.09783439557203961,2.847371909244889,4.091369950405302,683,602,541,547,26.06670210377504,22.92857142857143,6.428571428571429,1.928571428571429,827600,0
2023-02-15,2023,2,.4419792789944956,1.044527504219827,3.951175143609969,2.95980129409289,682,588,575,577,26.49154135296367,22.92857142857143,6.428571428571429,1.928571428571429,827600,0
2023-02-16,2023,2,9.481431508210148,.7862186246193663,0,0,681,556,574,580,29.5818521044566,22.92857142857143,6.428571428571429,1.928571428571429,827600,0
2023-02-17,2023,2,5.490325742303657,2.197311708738876,.2493091917609566,.2493091917609566,681,552,551,567,38.48280776859836,22.92857142857143,6.428571428571429,1.928571428571429,827600,0
2023-02-18,2023,2,.3760143927986079,.3427925698859303,1.009779445049115,4.8637843345019,679,561,529,505,40.36795249938667,22.92857142857143,6.428571428571429,1.928571428571429,827600,0
2023-02-19,2023,2,.04749763910232763,0,.4278379530991787,1.580466043854289,678,556,539,518,38.78255565970241,22.92857142857143,6.428571428571429,1.928571428571429,827600,0
2023-02-20,2023,2,.03306223636952175,1.652083472871381,3.202783041547319,3.028921593627999,675,552,527,512,31.20933739433235,22.92857142857143,6.428571428571429,1.928571428571429,827600,0
2023-02-21,2023,2,1.310063842781074,.5701712838630056,4.112748191385715,4.892056122893397,674,552,517,505,41.94726181163198,22.92857142857143,6.428571428571429,1.928571428571429,827600,0
2023-02-22,2023,2,0,.435333028150254,1.684468297189702,4.636589833439538,674,553,514,508,100.7958081422266,22.92857142857143,6.428571428571429,1.928571428571429,827600,0
2023-02-23,2023,2,.55937303454203,.3427925698859303,3.951142164405151,6.089850167369625,677,551,519,505,42.04465566118603,22.92857142857143,6.428571428571429,1.928571428571429,827600,0
2023-02-24,2023,2,1.407724315631604,.5025600072931034,1.751709612510904,1.435333028150254,675,558,516,496,17.25818651387497,22.92857142857143,6.428571428571429,1.928571428571429,827600,0
2023-02-25,2023,2,3.150807777659587,2.180345601654528,1.652856412667004,1.652856412667004,675,562,520,495,26.33451205323652,22.92857142857143,6.428571428571429,1.928571428571429,827600,0
2023-02-26,2023,2,1.561494345217697,2.040755860513664,2.523508132789159,2.845178654457524,674,568,497,466,65.36571483631316,22.92857142857143,6.428571428571429,1.928571428571429,827600,0
2023-02-27,2023,2,1.469671693645091,.3788535101659923,2.931750273928808,2.969087643334184,696,570,509,476,15.29854480632524,22.92857142857143,6.428571428571429,1.928571428571429,827600,0
2023-02-28,2023,2,.3427925698859303,.8711695456301999,3.308613490934249,1.447592389388523,713,614,536,495,14.48542786044324,22.92857142857143,6.428571428571429,1.928571428571429,827600,0
2023-03-01,2023,3,1.070914920717067,.3223739921817306,3.425506267717968,4.014609325454315,737,625,552,524,16.18429510838171,23.64516129032258,7,2.548387096774194,827600,0
2023-03-02,2023,3,3.20878880220166,.1899905564093105,.4881246045602975,.3140813509634745,756,665,572,546,11.77840831913846,23.64516129032258,7,2.548387096774194,827600,0
2023-03-03,2023,3,.752043121775569,.7784591073008492,2.532758030046418,3.915299481786628,755,658,569,568,14.35254046546386,23.64516129032258,7,2.548387096774194,827600,0
2023-03-04,2023,3,.3140813509634745,.09783439557203961,1.205448236193194,4.682931300861196,752,654,563,580,13.16239714228236,23.64516129032258,7,2.548387096774194,827600,0
2023-03-05,2023,3,0,.03306223636952175,4.604872027650547,5.382845922099571,749,661,562,581,12.59756664123297,23.64516129032258,7,2.548387096774194,827600,0
2023-03-06,2023,3,0,0,1.205781745457859,5.746895030497397,747,666,578,582,16.84611512109581,23.64516129032258,7,2.548387096774194,827600,0
2023-03-07,2023,3,0,0,1.12204924335396,3.893833060905263,641,674,570,586,22.74374144917685,23.64516129032258,7,2.548387096774194,827600,0
2023-03-08,2023,3,.9493297342656231,.1122697983048455,4.080352973545522,7.10510535540396,545,514,459,528,18.24854549941971,23.64516129032258,7,2.548387096774194,827600,0
2023-03-09,2023,3,5.848289732856717,1.9918669453249,1.159607850864017,1.387835389047926,737,488,390,408,20.76502271738897,23.64516129032258,7,2.548387096774194,827600,0
2023-03-10,2023,3,.8227841197711275,.4736892018274916,5.220696011148799,5.765633642958022,929,795,578,480,26.79096034556982,23.64516129032258,7,2.548387096774194,827600,0
2023-03-11,2023,3,3.868084563786578,1.197894555258996,1.128732416059502,1.710673908009438,927,849,703,670,21.03676981891998,23.64516129032258,7,2.548387096774194,827600,0
2023-03-12,2023,3,6.141010056132607,1.750516885517534,1.351600526046355,.7805804179765159,929,859,741,696,6.186183422932453,23.64516129032258,7,2.548387096774194,827600,0
2023-03-13,2023,3,2.458366012337942,.5386209475731655,2.988487416766524,4.453046978781403,927,876,769,733,14.63602526339728,23.64516129032258,7,2.548387096774194,827600,0
2023-03-14,2023,3,3.922410259410651,1.566178871929428,2.2403022166302,1.723132883882781,926,884,764,759,15.99858650242225,23.64516129032258,7,2.548387096774194,827600,0
2023-03-15,2023,3,.03306223636952175,.7506908082390434,3.170899195992813,3.879795696113121,925,881,757,765,18.49659300051874,23.64516129032258,7,2.548387096774194,827600,0
2023-03-16,2023,3,.5057326339251527,1.883045674983424,5.753454041195218,5.535427167348775,1060,918,756,770,5.620972567112498,23.64516129032258,7,2.548387096774194,827600,0
2023-03-17,2023,3,5.000333509264664,1.030223119002137,0,0,1290,1350,1130,1030,9.446929313515675,23.64516129032258,7,2.548387096774194,827600,0
2023-03-18,2023,3,1.729093839719827,2.400548516995507,.03306223636952175,.09783439557203961,1380,1440,1250,1140,11.11193628904018,23.64516129032258,7,2.548387096774194,827600,0
2023-03-19,2023,3,.3902902089882579,0,.1943164776075536,4.170037101149634,1380,1360,1250,1160,14.19695310322539,23.64516129032258,7,2.548387096774194,827600,0
2023-03-20,2023,3,0,0,1.009779445049115,4.617140337386818,1450,1340,1200,1100,11.28330001181278,23.64516129032258,7,2.548387096774194,827600,0
2023-03-21,2023,3,2.806518010420927,.04749763910232763,.1956687911440792,.5331674237222936,1250,1310,1290,1200,11.25937924086834,23.64516129032258,7,2.548387096774194,827600,0
2023-03-22,2023,3,.6990776226440165,.3698716312840582,3.6885838436824,5.566153775680604,1400,1240,1050,1010,24.81829756693392,23.64516129032258,7,2.548387096774194,827600,0
2023-03-23,2023,3,1.154473500099457,2.80187638891559,1.379013096709148,1.662660953964941,1410,1300,1160,1120,12.0133248719576,23.64516129032258,7,2.548387096774194,827600,0
2023-03-24,2023,3,1.130393142611869,0,1.126705201037651,1.321021678645205,1410,1340,1220,1200,17.04379573841346,23.64516129032258,7,2.548387096774194,827600,0
2023-03-25,2023,3,5.542073418193016,2.493911637675834,.4324939107828697,.09499527820465527,1410,1300,1210,1200,16.87524218691651,23.64516129032258,7,2.548387096774194,827600,0
2023-03-26,2023,3,2.009474974689755,1.09783439557204,1.951150047361147,2.093483378124974,1410,1230,1180,1210,15.12637169177299,23.64516129032258,7,2.548387096774194,827600,0
2023-03-27,2023,3,9.396197499548441,1.081847064667634,.2590886368100714,.9988580611690181,1360,1200,1150,1200,21.22221689310595,23.64516129032258,7,2.548387096774194,827600,0
2023-03-28,2023,3,3.54903884212357,1.389956699723593,2.290504482805579,3.761025000657503,1120,1100,1110,1170,29.39932721861712,23.64516129032258,7,2.548387096774194,827600,0
2023-03-29,2023,3,2.820099092236365,.1523617145373657,0,2.741225479906752,948,799,905,1010,38.9786096600517,23.64516129032258,7,2.548387096774194,827600,0
2023-03-30,2023,3,.1626065547745575,.7992358206412715,5.945007285846597,8.482261687033549,905,754,791,866,45.56265761562152,23.64516129032258,7,2.548387096774194,827600,0
2023-03-31,2023,3,1.350935020133124,8.537820439056249,3.271740648308654,.8652666000115342,891,735,753,769,18.12405293092572,23.64516129032258,7,2.548387096774194,827600,0
2023-04-01,2023,4,1.919440124528151,1.224380010066535,3.240635725894865,4.498593287273089,893,757,788,771,17.10009797616937,24.43333333333333,6.333333333333333,2.2,827600,0
2023-04-02,2023,4,.1122697983048455,1.3235667191751,3.075425524707289,4.419494523718534,893,766,779,767,16.45103840678602,24.43333333333333,6.333333333333333,2.2,827600,0
2023-04-03,2023,4,0,0,7.415824391101886,11.56469660641979,892,816,819,776,29.9773721548331,24.43333333333333,6.333333333333333,2.2,827600,0
2023-04-04,2023,4,.0661244727390435,3.85291518380806,3.900578251720928,3.441740231932246,1020,932,882,812,80.47253883820144,24.43333333333333,6.333333333333333,2.2,827600,0
2023-04-05,2023,4,1.172766824471508,2.12687912375916,2.714296358694317,3.759520983533816,1220,1290,1150,1020,16.29625996644993,24.43333333333333,6.333333333333333,2.2,827600,0
2023-04-06,2023,4,4.223731636920639,.8787483228132205,2.812464263531021,2.542272437163349,1220,1240,1210,1160,22.02964768556075,24.43333333333333,6.333333333333333,2.2,827600,0
2023-04-07,2023,4,.7668120337730399,1.910632168367725,.9277327657464067,2.068924157679252,1210,1180,1170,1120,37.4004908057335,24.43333333333333,6.333333333333333,2.2,827600,0
2023-04-08,2023,4,2.498208989846038,.08055987547184938,2.114090111400369,6.925891299058542,1210,1190,1180,1120,26.26805223685717,24.43333333333333,6.333333333333333,2.2,827600,0
2023-04-09,2023,4,5.722828413523421,3.978374462452743,.7925610007689903,.1122697983048455,1210,1190,1270,1190,17.82392307815897,24.43333333333333,6.333333333333333,2.2,827600,0
2023-04-10,2023,4,1.508702768807653,1.397813853067373,4.00344852796337,2.942342091200722,1210,1180,1360,1260,31.18686326266707,24.43333333333333,6.333333333333333,2.2,827600,0
2023-04-11,2023,4,1.635248383302149,.9024991136926253,1.419363506203418,5.999851769192055,1390,1260,1460,1350,31.44838102750391,24.43333333333333,6.333333333333333,2.2,827600,0
2023-04-12,2023,4,.3902902089882579,.8546679653256327,2.229996593239779,7.598020407942281,1850,1560,1840,1660,42.86682529845109,24.43333333333333,6.333333333333333,2.2,827600,0
2023-04-13,2023,4,.5118753954397025,.1956687911440792,5.765292250737363,4.868174784376142,2660,2090,2320,2190,36.20750013376924,24.43333333333333,6.333333333333333,2.2,827600,0
2023-04-14,2023,4,1.745396870931328,1.42335244535778,2.312594547132616,1.843180478340979,3300,2660,2820,2940,29.36068080743021,24.43333333333333,6.333333333333333,2.2,827600,0
2023-04-15,2023,4,3.761528489987195,6.010270133619725,.5590395252773651,.04749763910232763,3490,3250,3100,3340,33.97601516789987,24.43333333333333,6.333333333333333,2.2,827600,0
2023-04-16,2023,4,2.132847962552201,.8748066990420301,2.862801020000733,3.341280669806248,3480,3290,3100,3350,37.82885195673084,24.43333333333333,6.333333333333333,2.2,827600,0
2023-04-17,2023,4,1.041870192529947,1.926086375372392,5.687557156454545,6.12836592759002,3340,3300,3180,3330,37.27186180037442,24.43333333333333,6.333333333333333,2.2,827600,0
2023-04-18,2023,4,.1687493162891072,.1122697983048455,4.152311794783274,3.334144200268661,3250,3310,3080,3330,38.27714938543146,24.43333333333333,6.333333333333333,2.2,827600,0
2023-04-19,2023,4,1.517502842012083,1.113622111841371,3.200618825665259,3.795682839238652,3260,3250,3150,3340,68.71421988342998,24.43333333333333,6.333333333333333,2.2,827600,0
2023-04-20,2023,4,10.19371459527173,5.518219286994929,0,0,3580,3290,3210,3320,31.43159109866336,24.43333333333333,6.333333333333333,2.2,827600,0
2023-04-21,2023,4,7.048309489219655,6.668601102115927,.3290391214139217,.07227191435447344,3730,3700,3480,3540,22.21753984095579,24.43333333333333,6.333333333333333,2.2,827600,0
2023-04-22,2023,4,3.640825454754526,.8417894376688007,1.618391417838527,.9380837771297451,3720,3590,3480,3560,30.66705009285522,24.43333333333333,6.333333333333333,2.2,827600,0
2023-04-23,2023,4,.7715751895465713,4.283239297699525,4.901128535449507,4.006582276766854,3520,3410,3490,3550,32.1994193249658,24.43333333333333,6.333333333333333,2.2,827600,0
2023-04-24,2023,4,4.565899235831387,4.961489272176063,1.243884571301213,1.923408114145978,3420,3090,3290,3430,30.89323298206651,24.43333333333333,6.333333333333333,2.2,827600,0
2023-04-25,2023,4,1.721268034066324,3.488727891148407,3.496596445867824,3.702272399583009,3430,3170,3270,3410,44.1865061234388,24.43333333333333,6.333333333333333,2.2,827600,0
2023-04-26,2023,4,6.764375982719565,1.396991064268847,.8289068019105659,.5721395948511176,3560,3270,3250,3460,15.03483757547635,24.43333333333333,6.333333333333333,2.2,827600,0
2023-04-27,2023,4,4.63637812296033,5.733848559586651,1.451618191248642,.2671228985436669,3630,3570,3370,3580,19.81370186091338,24.43333333333333,6.333333333333333,2.2,827600,0
2023-04-28,2023,4,.6730185448183225,.100614310960493,.7695175233143272,.1488638002084955,3620,3480,3310,3630,26.7001592102621,24.43333333333333,6.333333333333333,2.2,827600,0
2023-04-29,2023,4,2.42148276741709,1.24515813966944,1.850164741661186,4.807411321078111,3610,3490,3360,3680,18.92013162954547,24.43333333333333,6.333333333333333,2.2,827600,0
2023-04-30,2023,4,2.570346567625585,1.223193380795213,3.039107366160359,3.316625763697459,3600,3330,3330,3710,28.24398995700561,24.43333333333333,6.333333333333333,2.2,827600,0
2023-05-01,2023,5,3.774544313937482,1.423540433649334,2.977455782296816,5.29898097632278,3590,3300,3360,3750,37.5646031387227,21.48387096774194,6.387096774193548,1.709677419354839,827600,0
2023-05-02,2023,5,.09855664472824895,2.269649842817683,4.020171731648695,3.037689158728723,3950,3440,3460,3790,44.27173805155322,21.48387096774194,6.387096774193548,1.709677419354839,827600,0
2023-05-03,2023,5,2.859698864050191,2.38585127492061,2.834704980813401,6.564310847640914,4140,4060,3860,3950,27.03265254894945,21.48387096774194,6.387096774193548,1.709677419354839,827600,0
2023-05-04,2023,5,0,.09855664472824893,5.789169796105715,7.020309010360757,4410,4140,3940,3970,26.2183561600793,21.48387096774194,6.387096774193548,1.709677419354839,827600,0
2023-05-05,2023,5,.499867680496644,1.486465585881104,6.286979810370117,7.408157951541961,4740,4600,4220,4020,29.57748866490916,21.48387096774194,6.387096774193548,1.709677419354839,827600,0
2023-05-06,2023,5,.100614310960493,1.300961363814614,5.40099621594615,3.956070482251546,4970,4890,4480,4200,19.10971371284524,21.48387096774194,6.387096774193548,1.709677419354839,827600,0
2023-05-07,2023,5,.6361134839536166,1.170828559082722,3.278731965933675,3.327765553045696,5040,5110,4640,4350,16.42940607213647,21.48387096774194,6.387096774193548,1.709677419354839,827600,0
2023-05-08,2023,5,0,.05030715548024652,3.728037671099479,5.301038642555025,5050,4980,4720,4520,20.93938208387937,21.48387096774194,6.387096774193548,1.709677419354839,827600,0
2023-05-09,2023,5,.6709608785860782,1.351268519294861,2.251740416436293,4.363963794786795,5070,4960,4710,4570,27.44074068136364,21.48387096774194,6.387096774193548,1.709677419354839,827600,0
2023-05-10,2023,5,1.293672267924154,1.085938647976726,2.769252884307616,3.578457232611259,5080,5070,4800,4510,85.58516569442553,21.48387096774194,6.387096774193548,1.709677419354839,827600,0
2023-05-11,2023,5,1.972803811467558,6.227867880364927,1.059389278596239,2.035366853489768,5280,5000,4800,4170,29.71649606329376,21.48387096774194,6.387096774193548,1.709677419354839,827600,0
2023-05-12,2023,5,.9204389897550669,2.585286869616064,2.142750801483414,2.707376468946576,5370,5200,4960,4160,36.43352241364006,21.48387096774194,6.387096774193548,1.709677419354839,827600,0
2023-05-13,2023,5,0,.09855664472824895,0,0,5360,5260,4990,4180,64.10725478503319,21.48387096774194,6.387096774193548,1.709677419354839,827600,0
2023-05-14,2023,5,1.482222893121966,1.464500827006876,2.730035337360071,3.046456462022469,4900,5190,5000,4300,8.576194927343952,21.48387096774194,6.387096774193548,1.709677419354839,827600,0
2023-05-15,2023,5,.6227113893380759,2.138695468990578,1.265329871318135,1.995944667507163,4370,4220,4580,4180,7.148599161201784,21.48387096774194,6.387096774193548,1.709677419354839,827600,0
2023-05-16,2023,5,4.892361232155757,4.386115913927322,1.921615086920445,2.268376274449456,4400,4180,4160,3930,12.25850023431333,21.48387096774194,6.387096774193548,1.709677419354839,827600,0
2023-05-17,2023,5,.1708285590827224,.8794785963975241,4.268865744953666,4.675280850085627,4440,4150,4130,3890,15.04321287946873,21.48387096774194,6.387096774193548,1.709677419354839,827600,0
2023-05-18,2023,5,.7472881254333886,3.160660227864805,2.813711680069494,4.562048542373611,4470,4220,4140,3970,13.05912463958953,21.48387096774194,6.387096774193548,1.709677419354839,827600,0
2023-05-19,2023,5,.9664261737357648,2.438420735668161,.7212680340663249,.5220970783775829,4520,4290,4180,4110,11.20825307880474,21.48387096774194,6.387096774193548,1.709677419354839,827600,0
2023-05-20,2023,5,1.639649357589148,.9403460823970496,3.824536649595484,2.261087178558997,4780,4410,4180,4260,21.86994447400852,21.48387096774194,6.387096774193548,1.709677419354839,827600,0
2023-05-21,2023,5,1.616333751606283,1.348034755897237,2.697245608959853,4.196104360094982,4960,4860,4510,4470,9.126634402327555,21.48387096774194,6.387096774193548,1.709677419354839,827600,0
2023-05-22,2023,5,3.348946214055904,.6181267788318155,5.315901665805093,5.274941272447551,5000,4910,4620,4620,13.77003698217163,21.48387096774194,6.387096774193548,1.709677419354839,827600,0
2023-05-23,2023,5,2.302489752033435,2.926739348746449,.5858063284733701,.3290391214139217,5030,4900,4650,4600,18.75584097053596,21.48387096774194,6.387096774193548,1.709677419354839,827600,0
2023-05-24,2023,5,1.617674467883138,2.919877888969203,3.085235907705146,3.696536574919602,5110,4880,4650,4640,20.41267284292094,21.48387096774194,6.387096774193548,1.709677419354839,827600,0
2023-05-25,2023,5,2.826552034261762,3.085921556640887,4.887107480959259,2.178250863362039,5140,4880,4740,4730,23.2804400966921,21.48387096774194,6.387096774193548,1.709677419354839,827600,0
2023-05-26,2023,5,1.315868857402427,1.294686283108173,.4127829135956942,.4127829135956942,5170,4910,4710,4800,26.30477602044981,21.48387096774194,6.387096774193548,1.709677419354839,827600,0
2023-05-27,2023,5,2.178194507912565,1.885720060065906,3.159258137607093,6.950620835114751,5190,4870,4670,4790,20.15963736187242,21.48387096774194,6.387096774193548,1.709677419354839,827600,0
2023-05-28,2023,5,3.301059667296619,3.335446576404768,5.458127956364405,4.222208485237396,5200,4850,4650,4810,16.23950911972928,21.48387096774194,6.387096774193548,1.709677419354839,827600,0
2023-05-29,2023,5,3.533436237718234,.5300771164372587,2.724468235348983,4.788806003872638,5210,4850,4650,4880,16.8643104438205,21.48387096774194,6.387096774193548,1.709677419354839,827600,0
2023-05-30,2023,5,2.648173746924779,1.429747583513542,1.81959365682592,1.957634851411493,5230,4820,4620,4830,30.10454087173613,21.48387096774194,6.387096774193548,1.709677419354839,827600,0
2023-05-31,2023,5,.4695216697397629,1.373008827369474,.05713996996704691,.05713996996704691,5250,4830,4630,4810,28.61004326514622,21.48387096774194,6.387096774193548,1.709677419354839,827600,0
2023-06-01,2023,6,3.620723225694818,1.580386132943408,3.241764217517531,3.476753837023638,5280,4830,4580,4800,24.12105453511007,22.4,5.866666666666666,1.9,827600,0
2023-06-02,2023,6,2.00122562819114,2.668553893573077,2.726863136281791,2.352227466898198,5010,4860,4750,4820,25.88783156076263,22.4,5.866666666666666,1.9,827600,0
2023-06-03,2023,6,4.741406006095218,2.12952436391305,2.467846275982397,3.402174626183234,4850,4370,4320,4600,18.77578198171435,22.4,5.866666666666666,1.9,827600,0
2023-06-04,2023,6,6.207888080313658,3.468301009903717,1.064762181956525,1.064762181956525,4860,4320,4230,4390,13.58240490368741,22.4,5.866666666666666,1.9,827600,0
2023-06-05,2023,6,1.87047563608695,2.805713454130425,1.466936808139758,1.935237818043475,4870,4370,4230,4340,19.45106160408908,22.4,5.866666666666666,1.9,827600,0
2023-06-06,2023,6,2.251129875055793,2.632963342995994,2.627554179155716,5.969212347046718,4880,4440,4230,4340,23.30879847998531,22.4,5.866666666666666,1.9,827600,0
2023-06-07,2023,6,.597385171588524,2.474965202307309,9.093281147899706,8.268116534531295,4880,4470,4260,4350,18.73160967562067,22.4,5.866666666666666,1.9,827600,0
2023-06-08,2023,6,5.571182268107357,.855952266321692,4.942860030032953,3.960225913773779,4880,4460,4240,4360,24.10262481588031,22.4,5.866666666666666,1.9,827600,0
2023-06-09,2023,6,1.568625574472339,1.474965202307309,4.454585055659011,2.764080528872992,4880,4470,4200,4330,33.91809362357751,22.4,5.866666666666666,1.9,827600,0
2023-06-10,2023,6,0,.5682243606493608,3.827410817357192,4.082724228062123,4890,4430,4190,4260,29.046782256383,22.4,5.866666666666666,1.9,827600,0
2023-06-11,2023,6,.03977408622622045,.8649386995946308,1.666927051558958,2.608160239577793,4880,4460,4170,4250,26.13475591344709,22.4,5.866666666666666,1.9,827600,0
2023-06-12,2023,6,.1176954166645428,2.649561167818132,4.097315270016246,3.684532356420552,4880,4430,4170,4230,29.43881746164611,22.4,5.866666666666666,1.9,827600,0
2023-06-13,2023,6,2.535796166384134,1.576314045377555,4.629105621787599,1.695723190334463,4870,4410,4140,4230,26.88148394659773,22.4,5.866666666666666,1.9,827600,0
2023-06-14,2023,6,2.893357648267535,.9938572384854502,4.455540761271645,6.400932814422561,4860,4390,4130,4190,31.99868954657407,22.4,5.866666666666666,1.9,827600,0
2023-06-15,2023,6,.09783439557203961,1.601920639123178,3.184029600572265,1.584631782844634,4840,4380,4110,4170,36.49916579409701,22.4,5.866666666666666,1.9,827600,0
2023-06-16,2023,6,.201811552658629,.4436256693685102,7.045282268509281,4.085418324905088,4830,4340,4080,4160,30.85777007757962,22.4,5.866666666666666,1.9,827600,0
2023-06-17,2023,6,2.501123991624633,2.717628571869521,4.280475230623744,2.255096224876493,4800,4260,4060,4130,30.99561849626679,22.4,5.866666666666666,1.9,827600,0
2023-06-18,2023,6,.8815874401806046,.737128856084629,3.857492746514664,5.063285355371659,4940,4290,4040,4150,21.31594599899903,22.4,5.866666666666666,1.9,827600,0
2023-06-19,2023,6,.09783439557203961,.1956687911440792,2.10080453045454,.3918021090679394,4970,4440,4160,4200,35.43345369547698,22.4,5.866666666666666,1.9,827600,0
2023-06-20,2023,6,0,.2287310275136009,4.878418756205037,5.711964673313105,4930,4420,4160,4250,29.0998089051734,22.4,5.866666666666666,1.9,827600,0
2023-06-21,2023,6,.8902675486408167,.9646479339822378,2.572547815367507,4.028431476359938,4880,4330,4100,4220,30.37004550043219,22.4,5.866666666666666,1.9,827600,0
2023-06-22,2023,6,1,.6427720273812638,2.694051703711625,4.690578079499433,4980,4270,4060,4160,27.72883576543531,22.4,5.866666666666666,1.9,827600,0
2023-06-23,2023,6,.8546679653256327,1.051355560741573,3.303921081266523,3.985564597267194,4970,4420,4170,4250,44.77591187100269,22.4,5.866666666666666,1.9,827600,0
2023-06-24,2023,6,.03306223636952175,.5115418861750376,6.24813080094594,4.607356949681221,4900,4340,4110,4270,20.90820794285382,22.4,5.866666666666666,1.9,827600,0
2023-06-25,2023,6,.7837530446085652,.4409604747226348,4.509848180417852,4.296448225349796,4830,4310,4080,4280,28.28371884632272,22.4,5.866666666666666,1.9,827600,0
2023-06-26,2023,6,.2335214754916251,.7330827788741882,6.595701993197418,4.53298561804479,4580,4200,4030,4290,47.84616863365,22.4,5.866666666666666,1.9,827600,0
2023-06-27,2023,6,.3932889128987982,1.263744594493763,3.156637715981517,5.84455848379107,4110,3530,3750,4120,53.57547237230485,22.4,5.866666666666666,1.9,827600,0
2023-06-28,2023,6,2.065620983409351,1.407898238353113,4.300588868091319,3.876293502872889,3640,2910,3320,3720,57.9603689346914,22.4,5.866666666666666,1.9,827600,0
2023-06-29,2023,6,2.312569450883793,2.230522771581085,3.783753044608566,2.548955139991625,3040,2410,2910,3260,41.85723437715443,22.4,5.866666666666666,1.9,827600,0
2023-06-30,2023,6,2.932696653793662,1.282367667255547,2.427463297990562,4.941578957157863,2160,2120,2290,2450,20.54076409801426,22.4,5.866666666666666,1.9,827600,0
2023-07-01,2023,7,2.83991626662099,2.774611579183475,1.767965328339234,2.557527625197683,1750,1630,1530,1490,21.77859497502682,22,6,1.545201115093588,827600,0
2023-07-02,2023,7,2.776943264564686,2.286313051901669,2.252148309128341,2.82644302244004,1760,1430,1370,1180,20.60794665170874,22,6,1.545201115093588,827600,0
2023-07-03,2023,7,4.9255828860427,2.222207911228481,.940347855383689,.5975552854977587,1760,1370,1330,1160,15.45578261785614,22,6,1.545201115093588,827600,0
2023-07-04,2023,7,0,0,2.677472771168805,8.880565758794269,1770,1350,1310,1280,25.18947327426401,22,6,1.545201115093588,827600,0
2023-07-05,2023,7,1.535796166384134,1.044527504219827,1.65953911549528,.7734947366013162,1630,1520,1300,1300,32.84881099693122,22,6,1.545201115093588,827600,0
2023-07-06,2023,7,.5449376318092242,1.642438518116599,4.223201619251519,5.617513279078659,1370,1400,1120,1170,45.96598370574116,22,6,1.545201115093588,827600,0
2023-07-07,2023,7,0,.1956687911440792,3.489944917655821,3.718857750846926,1160,1200,880,943,49.91321630239099,22,6,1.545201115093588,827600,0
2023-07-08,2023,7,.03306223636952175,.752043121775569,2.085683362837273,5.150641270373777,1110,1120,751,774,29.204247244405,22,6,1.545201115093588,827600,0
2023-07-09,2023,7,.7085629908556423,4.398427206319839,1.585099782403632,2.310223429324229,1110,1080,716,733,22.60801811065294,22,6,1.545201115093588,827600,0
2023-07-10,2023,7,3.418467901725939,2.747518181606994,.376014392798608,.9523284381761633,1020,1050,699,705,30.06443991533533,22,6,1.545201115093588,827600,0
2023-07-11,2023,7,1.508298624026551,3.295473012914786,2.753341006264811,1.647722555740005,962,977,618,637,35.5662937060861,22,6,1.545201115093588,827600,0
2023-07-12,2023,7,1.048250935564739,3.710822734482124,2.906107228199151,3.750187318909352,955,941,579,586,63.35878619692043,22,6,1.545201115093588,827600,0
2023-07-13,2023,7,.1639588683110831,1.3235667191751,3.907843839162729,2.416546607970382,872,915,571,572,39.05707139164384,22,6,1.545201115093588,827600,0
2023-07-14,2023,7,5.943636796803901,4.159437870798991,1.216246955391435,1.151474796188917,833,851,498,534,34.65664541354271,22,6,1.545201115093588,827600,0
2023-07-15,2023,7,1.802046368980616,2.156257361210946,.9194401245281506,1.529331721217397,833,823,468,490,39.64297384058361,22,6,1.545201115093588,827600,0
2023-07-16,2023,7,2.724274822713763,1.393288912898798,2.266250202596482,.5572477812098814,837,791,456,477,24.57265275793024,22,6,1.545201115093588,827600,0
2023-07-17,2023,7,1.573808437274836,.5028935165577684,2.808007324817662,6.174866981554833,835,766,444,462,39.14191272758642,22,6,1.545201115093588,827600,0
2023-07-18,2023,7,.09783439557203961,.4406269654579699,2.073572232406948,4.412739474493525,835,741,432,453,54.81517109797256,22,6,1.545201115093588,827600,0
2023-07-19,2023,7,.5401471838312001,3.984386206452178,2.310749137788269,3.517046198188297,834,713,434,455,32.9636912779856,22,6,1.545201115093588,827600,0
2023-07-20,2023,7,1.174376762861488,1.433465399671559,2.857296707987473,4.646384084544271,837,687,428,452,47.54411909166285,22,6,1.545201115093588,827600,0
2023-07-21,2023,7,.4236859546224446,.4075647290884482,.06477215920251786,.1626065547745575,886,676,416,439,46.38997789857792,22,6,1.545201115093588,827600,0
2023-07-22,2023,7,1.256089932899531,.8653317243522751,1.910632168367725,2.421840545278098,907,678,446,450,25.72240527933393,22,6,1.545201115093588,827600,0
2023-07-23,2023,7,1.991533436060235,2.402393926339853,1.174071822624863,6.093562735315401,902,656,440,452,18.39578125036518,22,6,1.545201115093588,827600,0
2023-07-24,2023,7,.06477215920251786,.06477215920251786,3.090513243242473,5.462742721698573,902,648,440,450,41.04383994585213,22,6,1.545201115093588,827600,0
2023-07-25,2023,7,2.837233858682287,1.661482563149925,1.481144844451391,2.613499711195772,904,638,442,451,42.29066421558242,22,6,1.545201115093588,827600,0
2023-07-26,2023,7,2.142333330763827,.9045652912643865,1.13602058918425,1.330337066791804,905,627,440,452,41.11817041532775,22,6,1.545201115093588,827600,0
2023-07-27,2023,7,1.914316167285462,3.607378105630532,1.470005202909755,1.767965328339233,903,594,435,454,43.17216310730086,22,6,1.545201115093588,827600,0
2023-07-28,2023,7,2.56339054272443,5.539197848841597,1.743910067100469,1.471183593724772,876,599,414,439,27.19555848014721,22,6,1.545201115093588,827600,0
2023-07-29,2023,7,1.366543360765335,1.048650933668521,2.522539154466345,1.265096908030288,830,562,399,424,20.71470381501025,22,6,1.545201115093588,827600,0
2023-07-30,2023,7,1.369208555411211,1.406411434522254,2.006780741138575,2.304740866568053,809,539,367,407,31.88910577744923,22,6,1.545201115093588,827600,0
2023-07-31,2023,7,.5201680366579585,.1687493162891072,2.512846884328392,6.393619545048988,795,538,354,388,39.41633883186915,22,6,1.545201115093588,827600,0
2023-08-01,2023,8,.5715235973995313,3.234532396807491,2.133058337257745,1.283168994297659,788,526,343,385,35.66375976727461,21.51612903225806,5.709677419354839,1.583831142970928,827600,0
2023-08-02,2023,8,1.256089932899531,.6758342637507856,3.894844452098393,3.214068036782423,791,526,337,377,36.37989361662085,21.51612903225806,5.709677419354839,1.583831142970928,827600,0
2023-08-03,2023,8,1.113622111841371,4.095343123647673,.9945321399707751,1.103803234365081,788,530,328,367,31.67245140864688,21.51612903225806,5.709677419354839,1.583831142970928,827600,0
2023-08-04,2023,8,2.093483378124974,2.2091248220322,.7043715599517323,1.151474796188917,793,529,322,364,28.81405901402655,21.51612903225806,5.709677419354839,1.583831142970928,827600,0
2023-08-05,2023,8,2.754882239142954,3.159941360128683,3.174558568538992,2.460871620440661,795,534,321,364,28.59326155234045,21.51612903225806,5.709677419354839,1.583831142970928,827600,0
2023-08-06,2023,8,3.619710474165537,2.403107790375089,1.482656744531073,.5802807653975685,780,535,320,360,24.71142330707735,21.51612903225806,5.709677419354839,1.583831142970928,827600,0
2023-08-07,2023,8,3.279865820027759,2.668977638201001,.1928296737766948,1.857333159971507,779,534,311,352,43.32079367930918,21.51612903225806,5.709677419354839,1.583831142970928,827600,0
2023-08-08,2023,8,.1122697983048455,.1687493162891072,3.152446285077607,4.747568969769382,784,778,645,404,19.02466563404809,21.51612903225806,5.709677419354839,1.583831142970928,827600,0
2023-08-09,2023,8,2.0081330546751,1.284877036233198,2.616490532150316,2.279507214514271,784,623,466,714,17.29425891321891,21.51612903225806,5.709677419354839,1.583831142970928,827600,0
2023-08-10,2023,8,.5728759109360568,3.445257826892838,2.959616611300912,2.948695227420815,696,607,482,461,21.58400327979112,21.51612903225806,5.709677419354839,1.583831142970928,827600,0
2023-08-11,2023,8,.8815874401806046,1.106642351732465,3.908840424300241,3.696107487761516,675,470,391,433,16.32384752537624,21.51612903225806,5.709677419354839,1.583831142970928,827600,0
2023-08-12,2023,8,.7277888415664723,.5924352709115518,5.981205696864134,5.81263818625253,568,435,354,383,11.23450478999279,21.51612903225806,5.709677419354839,1.583831142970928,827600,0
2023-08-13,2023,8,2.788877001851254,1.688782862652733,4.754806354731743,1.90766991644122,504,303,281,342,10.94983418580866,21.51612903225806,5.709677419354839,1.583831142970928,827600,0
2023-08-14,2023,8,.1308966319415614,.0661244727390435,.5374425567581488,.6669868751631846,503,280,233,284,18.28584601455601,21.51612903225806,5.709677419354839,1.583831142970928,827600,0
2023-08-15,2023,8,2.468319380108565,.3457912737964706,6.522332252540018,6.732154195191892,456,255,216,264,23.55933072500038,21.51612903225806,5.709677419354839,1.583831142970928,827600,0
2023-08-16,2023,8,1.481478353716056,.2665837118611468,3.394100815244332,4.843329304813665,421,210,185,237,35.65200820457112,21.51612903225806,5.709677419354839,1.583831142970928,827600,0
2023-08-17,2023,8,3.261913887876368,1.506526727313116,2.959482121006579,2.523312094261968,428,209,160,196,21.36315450187013,21.51612903225806,5.709677419354839,1.583831142970928,827600,0
2023-08-18,2023,8,.9528358701623373,2.461045543162169,4.101500118011909,5.37483600198359,396,213,151,165,22.77703591519463,21.51612903225806,5.709677419354839,1.583831142970928,827600,0
2023-08-19,2023,8,1.469338184380426,.7664785245083749,1.528975992818383,1.404725611721064,376,177,134,159,22.59876033043968,21.51612903225806,5.709677419354839,1.583831142970928,827600,0
2023-08-20,2023,8,0,.3427925698859303,.6493788457983294,.7978549380767062,380,158,103,124,31.98768252521468,21.51612903225806,5.709677419354839,1.583831142970928,827600,0
2023-08-21,2023,8,0,0,.5371090474934839,2.529759326135878,370,160,101,123,50.38767872252426,21.51612903225806,5.709677419354839,1.583831142970928,827600,0
2023-08-22,2023,8,.5028935165577684,.674148440949595,1,.7330827788741882,342,142,92.90000000000001,116,32.39506297379619,21.51612903225806,5.709677419354839,1.583831142970928,827600,1
2023-08-23,2023,8,1.922228453733147,.8643129200804145,1.641086204580073,2.430648501438523,340,124,78.40000000000001,105,31.71525457694666,21.51612903225806,5.709677419354839,1.583831142970928,827600,1
2023-08-24,2023,8,.7840865538732301,.06477215920251786,.9450072858465969,5.138367572957154,344,120,67.7,97,13.68321796461995,21.51612903225806,5.709677419354839,1.583831142970928,827600,1
2023-08-25,2023,8,.09783439557203961,.6855851397718606,1.483468646876606,3.629489919214651,344,111,64.7,91.3,20.4708560882514,21.51612903225806,5.709677419354839,1.583831142970928,827600,1
2023-08-26,2023,8,.9827254798998097,1.727273526624304,3.117432718097445,5.442287692010337,335,125,87,124,9.258425560937223,21.51612903225806,5.709677419354839,1.583831142970928,827600,1
2023-08-27,2023,8,2.339619943253881,2.459536520196963,3.741549342813954,1.650731159334855,332,143,79.2,109,10.94401070070908,21.51612903225806,5.709677419354839,1.583831142970928,827600,1
2023-08-28,2023,8,4.347593411385826,4.047624246440665,1.24532813556259,.6151633148626138,331,135,77.5,103,14.94892034058975,21.51612903225806,5.709677419354839,1.583831142970928,827600,1
2023-08-29,2023,8,1.394148130627503,3.004449055757364,2.079047975392168,.9858981065318589,321,140,78.90000000000001,103,16.1413588995254,21.51612903225806,5.709677419354839,1.583831142970928,827600,1
2023-08-30,2023,8,2.824136433307654,1.21759926892796,2.91974459488751,1.050336756469712,303,130,90.90000000000001,119,16.99829696390598,21.51612903225806,5.709677419354839,1.583831142970928,827600,1
2023-08-31,2023,8,.04749763910232763,.2617932638831227,2.883407753276128,6.619645945489538,301,129,79.90000000000001,109,23.97619756924211,21.51612903225806,5.709677419354839,1.583831142970928,827600,1
2023-09-01,2023,9,0,.472336888290966,5.434610811281758,9.399754423607543,273,120,63.3,90,29.22780593705673,21.73333333333333,5.6,1.9,827600,1
2023-09-02,2023,9,1.094995278204655,.5532302730274803,5.431992932019053,4.903902215391539,265,110,60.2,73.09999999999999,21.65453637791057,21.73333333333333,5.6,1.9,827600,1
2023-09-03,2023,9,.2348737890281507,.1956687911440792,6.25787379401102,4.815303380898405,264,111,52.5,77.09999999999999,21.29537681898611,21.73333333333333,5.6,1.9,827600,1
2023-09-04,2023,9,.03306223636952175,.1453320346743672,2.19601018336474,1.973743601017876,264,109,46.2,65.59999999999999,11.28303258910219,21.73333333333333,5.6,1.9,827600,1
2023-09-05,2023,9,.3761883155201169,.7506908082390434,2.138010882344801,2.557861134462348,227,100,44.9,63.8,28.71062683983165,21.73333333333333,5.6,1.9,827600,1
2023-09-06,2023,9,3.147457288006516,.4708500844601073,1.387653583370422,6.048959346684362,214,106,41.8,46.8,31.06492794932287,21.73333333333333,5.6,1.9,827600,1
2023-09-07,2023,9,1.669357992971571,2.0081330546751,3.296274302628287,1.593414642756237,198,110,42.1,49,42.81459864497432,21.73333333333333,5.6,1.9,827600,1
2023-09-08,2023,9,5.248975682496291,1.399431674413348,.5590395252773651,.2162469553914348,190,106,42.3,57.2,35.47108716711823,21.73333333333333,5.6,1.9,827600,1
2023-09-09,2023,9,4.358989679831137,3.842357815924975,1.88489108432777,1.7752864806688,200,105,41,53.7,28.90352341614208,21.73333333333333,5.6,1.9,827600,1
2023-09-10,2023,9,2.150122482652391,1.716141768038663,2.726254722352443,3.847172890274558,223,102,42.1,53.6,25.65666904432146,21.73333333333333,5.6,1.9,827600,1
2023-09-11,2023,9,4.927769687607707,1.062266551099798,1.390623718252923,1.221874401963815,225,102,43.2,61,16.54154877291401,21.73333333333333,5.6,1.9,827600,1
2023-09-12,2023,9,1.225732323603061,.4553958774554407,4.9918300234636,6.766786937524216,228,102,50.4,77.7,7.577800849208413,21.73333333333333,5.6,1.9,827600,1
2023-09-13,2023,9,.7981884473413711,.2101041938768851,1.910298659103061,1.692089979579115,230,218,139,134,10.86327690251572,21.73333333333333,5.6,1.9,827600,0
2023-09-14,2023,9,1.866474625396598,.7043715599517324,3.243340352967916,4.157153030923685,245,105,114,214,14.78913568988974,21.73333333333333,5.6,1.9,827600,0
2023-09-15,2023,9,4.678634418568259,1.98021987179709,1.440960474722635,2.154313913556301,252,101,54.2,81.5,11.27050812233951,21.73333333333333,5.6,1.9,827600,1
2023-09-16,2023,9,3.238815412799341,5.534237420798545,1.348630391163855,1.767965328339234,260,96.59999999999999,45,71,11.63258368099235,21.73333333333333,5.6,1.9,827600,1
2023-09-17,2023,9,2.605184850843167,.04749763910232763,2.515218002136778,4.952886658324725,262,94.3,39.9,60.7,13.35322182017154,21.73333333333333,5.6,1.9,827600,1
2023-09-18,2023,9,1.792720587312146,.632437834962804,3.710307419539955,3.238655826256185,241,93.7,58.5,64.7,24.99366422330641,21.73333333333333,5.6,1.9,827600,1
2023-09-19,2023,9,1.225563235910339,.5192520744928678,5.194622864919803,5.183301693592822,266,105,50.5,101,17.33158683877362,21.73333333333333,5.6,1.9,827600,1
2023-09-20,2023,9,.2312238215738295,.582322401865376,3.773889975100519,5.299764553123284,300,104,37.5,64.40000000000001,21.79675993071883,21.73333333333333,5.6,1.9,827600,1
2023-09-21,2023,9,0,.1295443184050357,.5374425567581488,3.485470765649634,302,117,51,64.5,16.32539587743996,21.73333333333333,5.6,1.9,827600,1
2023-09-22,2023,9,.5590395252773651,.4078982383531131,4.79933385895157,4.376239103682504,303,129,56.4,70.5,20.51184096885404,21.73333333333333,5.6,1.9,827600,1
2023-09-23,2023,9,3.816137868926886,1.182360991063902,1.720293766515397,.5876053905063517,303,121,52.5,68.8,14.92109787063738,21.73333333333333,5.6,1.9,827600,1
2023-09-24,2023,9,4.651445493247356,6.181596934531021,1.441301866943295,.7666381110515308,306,119,52.5,66.40000000000001,10.11807954289081,21.73333333333333,5.6,1.9,827600,1
2023-09-25,2023,9,5.310664745955647,1.568625574472339,3.850988292584253,2.457198104743504,292,125,60.3,74.2,21.53629524095314,21.73333333333333,5.6,1.9,827600,1
2023-09-26,2023,9,2.035132981304631,.2319753565986366,4.751059973483515,7.381594046819433,294,121,54.5,75.7,39.99284337640734,21.73333333333333,5.6,1.9,827600,1
2023-09-27,2023,9,.1142799399340938,.4903030302110383,3.103745009654165,2.122336521586132,261,119,48.1,67,29.02699948498716,21.73333333333333,5.6,1.9,827600,1
2023-09-28,2023,9,.375854806255452,.3431260791505952,4.278012527727418,7.136034925362604,232,107,44.7,65,40.88934816927481,21.73333333333333,5.6,1.9,827600,1
2023-09-29,2023,9,0,.1626065547745575,2.0081330546751,2.905215096500889,211,104,38.3,54,33.62568233630673,21.73333333333333,5.6,1.9,827600,1
2023-09-30,2023,9,.1122697983048455,.1122697983048455,.1943164776075536,3.504058166859174,208,116,46.8,52,40.47387689468999,21.73333333333333,5.6,1.9,827600,1
2023-10-01,2023,10,0,0,0,0,207,115,50.6,58.9,26.99654024630039,23.09677419354839,6.064516129032258,1.67741935483871,827600,1
2023-10-02,2023,10,.7842113505875302,.5981141815293316,1.180436583394708,1.907843502637029,212,120,52.8,65.09999999999999,22.8713404740856,23.09677419354839,6.064516129032258,1.67741935483871,827600,1
2023-10-03,2023,10,3.510349159181668,.6665188756041865,2.792720587312146,1.535781830205781,238,122,53.4,63.2,15.46933473406002,23.09677419354839,6.064516129032258,1.67741935483871,827600,1
2023-10-04,2023,10,5.364037752662616,4.296143754990436,0,0,247,118,52,63.1,14.28331136754799,23.09677419354839,6.064516129032258,1.67741935483871,827600,1
2023-10-05,2023,10,2.152961600019776,1.208791312767535,1.633297052691509,.5067514381970134,264,122,51.9,68.7,23.67305460879423,23.09677419354839,6.064516129032258,1.67741935483871,827600,1
2023-10-06,2023,10,.9770980333274291,.2968068308632842,.9604900618793033,6.802870096938626,274,125,52,72.2,33.19958724073616,23.09677419354839,6.064516129032258,1.67741935483871,827600,1
2023-10-07,2023,10,3.080056386142158,1.161119750943699,1.35290552419971,4.585096905289157,275,124,50.2,64.3,30.98032628539946,23.09677419354839,6.064516129032258,1.67741935483871,827600,1
2023-10-08,2023,10,.7360814827847284,1.408583533360309,4.610826633593901,2.287335798830012,276,124,52.8,64.7,26.21913534830511,23.09677419354839,6.064516129032258,1.67741935483871,827600,1
2023-10-09,2023,10,.8312506837108928,.9604614928512636,3.672121225927744,2.572173402636033,282,126,53.5,68.3,31.1988956315717,23.09677419354839,6.064516129032258,1.67741935483871,827600,1
2023-10-10,2023,10,.09783439557203961,1.45790148555816,4.087848048596598,3.239322844785515,296,125,50.2,66.7,43.30282011897425,23.09677419354839,6.064516129032258,1.67741935483871,827600,1
2023-10-11,2023,10,.09499527820465527,.4736892018274916,2.205781745457859,8.111248116918508,292,122,49.6,64.5,40.11241472502606,23.09677419354839,6.064516129032258,1.67741935483871,827600,1
2023-10-12,2023,10,4.748025613593168,6.737227364272192,2.107135447540285,2.97239128748135,303,123,48.6,58.9,29.89735212133593,23.09677419354839,6.064516129032258,1.67741935483871,827600,1
2023-10-13,2023,10,.893100023414081,2.733590210860362,1.643446458989324,1.770297013720444,311,128,54.6,59.4,31.76859990054787,23.09677419354839,6.064516129032258,1.67741935483871,827600,1
2023-10-14,2023,10,3.63776869413182,2.08618732204423,.3313558710636647,.3974803438027081,311,139,63.9,64.09999999999999,32.55763896377172,23.09677419354839,6.064516129032258,1.67741935483871,827600,1
2023-10-15,2023,10,6.362550948831758,1.485952505722243,.201811552658629,.03306223636952175,305,138,69.7,74.59999999999999,28.14542123498391,23.09677419354839,6.064516129032258,1.67741935483871,827600,1
2023-10-16,2023,10,2.073406192641434,.4381213573552505,4.865124822425948,6.169097161732124,304,135,69.40000000000001,79.59999999999999,45.72795194379385,23.09677419354839,6.064516129032258,1.67741935483871,827600,1
2023-10-17,2023,10,3.043480130919926,2.053973909881542,2.208751880340359,3.482087764312042,304,139,65.8,76.2,46.60342265846327,23.09677419354839,6.064516129032258,1.67741935483871,827600,1
2023-10-18,2023,10,4.546130358802594,2.891244220547863,.274876353079403,1.031376413568331,306,148,71.7,77.8,39.61497228934552,23.09677419354839,6.064516129032258,1.67741935483871,827600,1
2023-10-19,2023,10,6.054583320477527,.7535550218552507,1.001352313536526,1.408917042624974,290,143,76.7,87.2,42.76878117815285,23.09677419354839,6.064516129032258,1.67741935483871,827600,1
2023-10-20,2023,10,1.205753176429819,1.025766180288778,1.321195601366714,2.453550468111094,293,127,76.90000000000001,95.5,37.20506096549158,23.09677419354839,6.064516129032258,1.67741935483871,827600,1
2023-10-21,2023,10,.9666042543658133,1.775460403390309,2.514532707129583,4.896513061606758,292,140,74.8,89.2,36.37730118687794,23.09677419354839,6.064516129032258,1.67741935483871,827600,1
2023-10-22,2023,10,.3427925698859303,.1295443184050357,3.439912631545468,5.247598272710942,292,139,78.5,95.90000000000001,39.84291547003618,23.09677419354839,6.064516129032258,1.67741935483871,827600,1
2023-10-23,2023,10,.3615789900658021,.7978549380767062,2.338803630731569,5.273034886391538,279,147,80,102,40.48927687884647,23.09677419354839,6.064516129032258,1.67741935483871,827600,1
2023-10-24,2023,10,.03306223636952175,.9194401245281506,3.297285223944153,3.649096124696052,272,144,83.59999999999999,106,29.28184827313733,23.09677419354839,6.064516129032258,1.67741935483871,827600,1
2023-10-25,2023,10,0,.06477215920251786,2.415012488756353,6.910103582789211,274,151,84.3,111,11.36174993234417,23.09677419354839,6.064516129032258,1.67741935483871,827600,1
2023-10-26,2023,10,.03306223636952175,.1295443184050357,4.813435752419711,3.218447623257529,254,174,94.2,111,23.0312222218741,23.09677419354839,6.064516129032258,1.67741935483871,827600,1
2023-10-27,2023,10,0,0,1.12204924335396,5.449743334634237,233,182,108,124,29.41327790319115,23.09677419354839,6.064516129032258,1.67741935483871,827600,0
2023-10-28,2023,10,.8138022408891936,.3112422335960901,1.566487284945269,4.800364488835907,216,182,109,130,18.13715656712895,23.09677419354839,6.064516129032258,1.67741935483871,827600,0
2023-10-29,2023,10,3.062933569629128,1.676936770154591,.2273787139770753,.7837530446085652,217,168,99.09999999999999,128,23.48893240261646,23.09677419354839,6.064516129032258,1.67741935483871,827600,1
2023-10-30,2023,10,2.029044728187121,2.104615136710614,1.458234994822825,.3313558710636647,217,181,104,130,24.98436601271621,23.09677419354839,6.064516129032258,1.67741935483871,827600,0
2023-10-31,2023,10,4.824567980882616,1.347143587332996,1.688583843682401,1.390290208988258,217,209,118,136,37.500172218473,23.09677419354839,6.064516129032258,1.67741935483871,827600,0
2023-11-01,2023,11,1.399098165148683,.8931837255460263,3.096434766652343,7.065520002749319,217,225,156,162,39.06258332411748,24.93333333333333,7.166666666666667,1.933333333333333,827600,0
2023-11-02,2023,11,1.264252026479936,.1956687911440792,2.068742352001748,6.193120873499709,803,225,163,168,52.58806553472414,24.93333333333333,7.166666666666667,1.933333333333333,827600,0
2023-11-03,2023,11,.6251639980164087,1.578797434345927,2.37632280581445,3.017409010394523,1220,896,596,346,47.34710714968611,24.93333333333333,7.166666666666667,1.933333333333333,827600,0
2023-11-04,2023,11,.8315841929755577,.09783439557203961,1.850211026612274,5.243656648939753,1220,1080,976,887,40.07345149696339,24.93333333333333,7.166666666666667,1.933333333333333,827600,0
2023-11-05,2023,11,.5503911556600959,.06477215920251786,2.350240329553835,4.896846570871421,1220,1090,1030,983,35.79645474311965,24.93333333333333,7.166666666666667,1.933333333333333,827600,0
2023-11-06,2023,11,0,0,3.745367832026022,4.563365446475608,1220,1100,1060,1020,49.53001660969854,24.93333333333333,7.166666666666667,1.933333333333333,827600,0
2023-11-07,2023,11,.3431260791505952,1.061773455291978,3.461843109329351,4.149629386844571,1220,1110,1080,1030,37.36927016900789,24.93333333333333,7.166666666666667,1.933333333333333,827600,0
2023-11-08,2023,11,1.325877708274249,.1214913702146462,1.82862478809797,.5188954669902719,1260,1110,1080,1050,33.93635295402198,24.93333333333333,7.166666666666667,1.933333333333333,827600,0
2023-11-09,2023,11,.7837530446085652,3.623576213525517,.1943164776075536,.06477215920251786,1290,1180,1100,1060,27.52186654159933,24.93333333333333,7.166666666666667,1.933333333333333,827600,0
2023-11-10,2023,11,3.595198503867725,2.877236422733539,1.084073894324559,.4407865520011258,1290,1210,1140,1100,12.98665276749264,24.93333333333333,7.166666666666667,1.933333333333333,827600,0
2023-11-11,2023,11,1.056639104527418,.1755551536765046,1.377834705894132,3.313882331993142,1290,1190,1150,1120,14.93619287646381,24.93333333333333,7.166666666666667,1.933333333333333,827600,0
2023-11-12,2023,11,2.29865224020763,1.957821394454211,.4736892018274916,.2335214754916251,1290,1180,1150,1120,18.69449891386991,24.93333333333333,7.166666666666667,1.933333333333333,827600,0
2023-11-13,2023,11,1.327671872145929,1.328357167153124,3.057451006872951,5.266892124876989,1290,1170,1160,1130,22.31893136468099,24.93333333333333,7.166666666666667,1.933333333333333,827600,0
2023-11-14,2023,11,.6859186490365256,.06477215920251786,4.028663903539284,2.832737487541751,1300,1180,1180,1130,25.50029971326386,24.93333333333333,7.166666666666667,1.933333333333333,827600,0
2023-11-15,2023,11,2.529309502083048,1.98272547989981,1.314081350963475,1.177041957507363,1320,1200,1220,1160,33.25602779617051,24.93333333333333,7.166666666666667,1.933333333333333,827600,0
2023-11-16,2023,11,.132248945478087,1.058962906952633,.9446737765819321,2.713487929128,1310,1140,1260,1210,49.3536263746858,24.93333333333333,7.166666666666667,1.933333333333333,827600,0
2023-11-17,2023,11,1,1.197460535211563,1.535110871376938,3.743884970851646,1730,1460,1350,1210,30.82239986524909,24.93333333333333,7.166666666666667,1.933333333333333,827600,0
2023-11-18,2023,11,3.847209812135857,1.655720626283211,.04749763910232763,.7867517485191053,1730,1570,1590,1550,12.74797184498764,24.93333333333333,7.166666666666667,1.933333333333333,827600,0
2023-11-19,2023,11,1.377207119791978,1.067770863113058,2.1454665249687,3.337633122872547,1720,1570,1590,1550,9.760920443889585,24.93333333333333,7.166666666666667,1.933333333333333,827600,0
2023-11-20,2023,11,3.738960032579289,1.664528582443636,.623811684479883,.7925610007689903,1720,1650,1640,1630,10.62508166038284,24.93333333333333,7.166666666666667,1.933333333333333,827600,0
2023-11-21,2023,11,.3431260791505952,.8502110266122737,3.679949810243485,3.639574304500391,1710,1570,1580,1540,16.2162010697419,24.93333333333333,7.166666666666667,1.933333333333333,827600,0
2023-11-22,2023,11,3.218368266067102,1.5186812328271,1,2.015922206563665,1710,1570,1570,1510,22.22883934072687,24.93333333333333,7.166666666666667,1.933333333333333,827600,0
2023-11-23,2023,11,.4553958774554406,.06477215920251786,1.194316477607553,1.666653365898519,1700,1600,1580,1510,20.74077234409992,24.93333333333333,7.166666666666667,1.933333333333333,827600,0
2023-11-24,2023,11,4.000098038310298,2.104948645975279,.3431260791505952,.3431260791505952,1700,1590,1580,1490,16.04732371638082,24.93333333333333,7.166666666666667,1.933333333333333,827600,0
2023-11-25,2023,11,8.074893466349558,2.546398743726518,.3761883155201169,.09783439557203961,1690,1640,1590,1500,9.809610809985283,24.93333333333333,7.166666666666667,1.933333333333333,827600,0
2023-11-26,2023,11,5.879118753939185,1.151474796188917,0,0,1690,1710,1580,1490,9.367018177738322,24.93333333333333,7.166666666666667,1.933333333333333,827600,0
2023-11-27,2023,11,4.759527803304772,.2849858346139658,0,0,1830,1760,1590,1520,16.21716908585137,24.93333333333333,7.166666666666667,1.933333333333333,827600,0
2023-11-28,2023,11,3.699200757203138,1.772780872566081,0,.3374986325782144,1940,1790,1740,1630,25.20722168613561,24.93333333333333,7.166666666666667,1.933333333333333,827600,0
2023-11-29,2023,11,1.769317641875759,1.854667965325633,2.128057514574177,.3539494247203936,2000,1780,1770,1710,30.3410948385898,24.93333333333333,7.166666666666667,1.933333333333333,827600,0
2023-11-30,2023,11,.6254975072810736,.6859186490365256,2.6926993901751,3.367363146066864,2020,1940,1850,1830,11.306543370706,24.93333333333333,7.166666666666667,1.933333333333333,827600,0
2023-12-01,2023,12,.8643129200804145,.3140813509634745,2.581607982685271,4.002335628037692,2020,1890,1830,1830,10.4762641758838,23.67741935483871,6.290322580645161,2,827600,0
2023-12-02,2023,12,2.742901656350479,1.944035796957907,.6018812066960018,2.915299481786628,2010,1850,1800,1770,11.47757705699315,23.67741935483871,6.290322580645161,2,827600,0
2023-12-03,2023,12,3.515817019210893,1.677785594361425,.4864673507871468,1.101986394048774,2000,1820,1800,1770,10.28063183672376,23.67741935483871,6.290322580645161,2,827600,0
2023-12-04,2023,12,3.254766658268311,2.706666793348908,1.921771809909361,1.371024925850252,2080,1810,1800,1810,21.24030464431361,23.67741935483871,6.290322580645161,2,827600,0
2023-12-05,2023,12,4.500228321911893,1.426550168238652,.03306223636952175,.0661244727390435,2210,2040,1920,1960,24.68879306996347,23.67741935483871,6.290322580645161,2,827600,0
2023-12-06,2023,12,.04749763910232763,1.576314045377555,2.554383567593674,3.726610450751455,2260,2080,2000,2090,28.13851071268414,23.67741935483871,6.290322580645161,2,827600,0
2023-12-07,2023,12,.6066110259822289,.9810072742450549,2.275326712257518,3.255932772679595,2290,2050,2020,2070,38.81630485778295,23.67741935483871,6.290322580645161,2,827600,0
2023-12-08,2023,12,1.878588736270065,6.485767822930264,2.170062197398457,2.816775848550911,2300,2110,2050,2040,29.74392041347631,23.67741935483871,6.290322580645161,2,827600,0
2023-12-09,2023,12,7.208878957555963,2.633801974111807,.1928296737766949,.09499527820465527,2290,2080,2040,1970,14.79681881718335,23.67741935483871,6.290322580645161,2,827600,0
2023-12-10,2023,12,2.658665664916889,1.708646692987588,2.139657272718815,2.988364282207402,2270,2060,2030,1970,21.87465327618144,23.67741935483871,6.290322580645161,2,827600,0
2023-12-11,2023,12,4.725790665449927,2.4942451469405,.1295443184050357,.1295443184050357,2260,2060,2030,2010,32.86758664011774,23.67741935483871,6.290322580645161,2,827600,0
2023-12-12,2023,12,6.009094619919184,.9709044836504914,.3431260791505952,.3431260791505952,2250,2070,2030,2020,39.70983292129016,23.67741935483871,6.290322580645161,2,827600,0
2023-12-13,2023,12,2.959588042272872,2.937657564488991,.2590886368100714,.1295443184050357,2240,2100,2030,1970,27.59988933253572,23.67741935483871,6.290322580645161,2,827600,0
2023-12-14,2023,12,2.398253283598331,2.276668097146887,2.10397715708659,2.005293937307716,2300,2290,2200,2110,6.140683385805056,23.67741935483871,6.290322580645161,2,827600,0
2023-12-15,2023,12,4.411535391764943,.3587398726984177,.2810191145939527,1.13535357065492,2330,2230,2010,2000,13.25569918225012,23.67741935483871,6.290322580645161,2,827600,0
2023-12-16,2023,12,1.521520350194484,.4567481909919663,2.45007290124242,2.476155377503034,2310,2220,2020,1970,25.0081940525052,23.67741935483871,6.290322580645161,2,827600,0
2023-12-17,2023,12,3.717058593700712,.3497579938164836,.1687493162891072,0,2280,2190,2040,1960,18.42104424028063,23.67741935483871,6.290322580645161,2,827600,0
2023-12-18,2023,12,3.557552721446507,1.066457982003708,1.309730333516409,.7928945100336552,2300,2190,2020,1940,31.25765976031513,23.67741935483871,6.290322580645161,2,827600,0
2023-12-19,2023,12,1.213407838024051,.7510243175037083,3.526321191694379,2.127897928031021,2310,2210,2060,1990,38.74108741924346,23.67741935483871,6.290322580645161,2,827600,0
2023-12-20,2023,12,2.532112167466398,.8428977572387022,1.844507695628682,1.186023836389297,2290,2190,2060,1980,33.12017268682347,23.67741935483871,6.290322580645161,2,827600,0
2023-12-21,2023,12,.3196923592912178,.6551091184369321,4.043222698624847,7.040156103031088,1130,1920,2000,1950,22.0832917037594,23.67741935483871,6.290322580645161,2,827600,0
2023-12-22,2023,12,1.126634402327557,3.542064170991217,.2567672070594483,0,544,868,772,1140,19.07842517547768,23.67741935483871,6.290322580645161,2,827600,0
2023-12-23,2023,12,.03306223636952175,0,1.712504614626833,3.923128066102369,548,793,653,614,6.5978636985136,23.67741935483871,6.290322580645161,2,827600,0
2023-12-24,2023,12,5.676433280824899,2.354388855251352,.2162469553914348,.04749763910232763,549,669,582,581,4.697725309107491,23.67741935483871,6.290322580645161,2,827600,0
2023-12-25,2023,12,2.65754882233473,1.080559875471849,2.052128500537196,1.028711218922456,550,653,531,487,4.622314017249888,23.67741935483871,6.290322580645161,2,827600,0
2023-12-26,2023,12,7.17150215572341,.5012327900054007,0,0,630,641,514,456,13.46900504166436,23.67741935483871,6.290322580645161,2,827600,0
2023-12-27,2023,12,.4248643454374612,1.142666840028492,2.007114250403239,1.793714295335184,638,708,573,481,16.31899278712637,23.67741935483871,6.290322580645161,2,827600,0
2023-12-28,2023,12,4.056163222012424,1.342952156429086,.06477215920251786,.06477215920251786,615,633,556,493,26.027277997486,23.67741935483871,6.290322580645161,2,827600,0
2023-12-29,2023,12,1.569359381517472,.9827254798998099,2.024254280209096,3.132049926507755,600,571,545,485,25.64179892254781,23.67741935483871,6.290322580645161,2,827600,0
2023-12-30,2023,12,2.813642654346037,.5951004655574271,2.904489406853176,3.583943610722963,592,574,520,460,26.73490435313942,23.67741935483871,6.290322580645161,2,827600,0
2023-12-31,2023,12,1.293122831945548,.04749763910232763,3.640744812359413,2.884760066812655,591,578,522,447,28.93134966018701,23.67741935483871,6.290322580645161,2,827600,0
2024-01-01,2024,1,2.243188710172348,.3647830652585231,3.513622579655302,4.392028224569128,593,589,514,432,,25.96774193548387,7.290322580645161,2.774193548387097,827792,0
2024-01-02,2024,1,4.486377420344697,.6079717754308718,0,0,547,574,511,438,,25.96774193548387,7.290322580645161,2.774193548387097,827792,0
2024-01-04,2024,1,.3647830652585231,0,0,.8784056449138256,528,542,465,420,,25.96774193548387,7.290322580645161,2.774193548387097,827792,0
2024-01-05,2024,1,4.964606078249267,3.315873095030958,.2162469553914348,.04749763910232763,528,546,472,429,10.14242491585177,25.96774193548387,7.290322580645161,2.774193548387097,827792,0
2024-01-06,2024,1,3.389187702584452,4.126839691331984,.1122697983048455,.2162469553914348,530,552,457,422,11.578410626353,25.96774193548387,7.290322580645161,2.774193548387097,827792,0
2024-01-07,2024,1,2.221700479242307,1.999826077278491,1.501048107213422,1.277211981117095,531,537,446,410,10.46213371338762,25.96774193548387,7.290322580645161,2.774193548387097,827792,0
2024-01-08,2024,1,2.353296742369417,4.370746617281722,1.807329912766461,2.008807956160425,531,536,432,404,17.27840223328102,25.96774193548387,7.290322580645161,2.774193548387097,827792,0
2024-01-09,2024,1,5.945446716377554,.2982936346941429,.3427925698859303,.1687493162891072,532,534,432,398,16.24566993006828,25.96774193548387,7.290322580645161,2.774193548387097,827792,0
2024-01-10,2024,1,0,.1308966319415614,1.325213109549115,2.211257488443079,521,533,430,389,25.34303361532749,25.96774193548387,7.290322580645161,2.774193548387097,827792,0
2024-01-11,2024,1,2.400882026260172,1.436181852357088,2.789895806123115,.9118105591827422,505,503,417,376,31.37239976805613,25.96774193548387,7.290322580645161,2.774193548387097,827792,0
2024-01-12,2024,1,1.136705884191446,.5331674237222936,.840058639871318,.9104582456462164,490,508,408,378,17.84950998378233,25.96774193548387,7.290322580645161,2.774193548387097,827792,0
2024-01-13,2024,1,2.418058508050064,1.390623718252923,.8656258011897643,1.47055696983596,470,501,393,357,16.30678086941572,25.96774193548387,7.290322580645161,2.774193548387097,827792,0
2024-01-14,2024,1,.2679360253976724,2.486946213745281,.8858990252004947,2.873255366535173,471,491,381,318,10.98215351923764,25.96774193548387,7.290322580645161,2.774193548387097,827792,0
2024-01-15,2024,1,.2637445944937625,1.535796166384134,.6379421469760638,1.939379839274216,472,500,381,310,20.33467617574393,25.96774193548387,7.290322580645161,2.774193548387097,827792,0
2024-01-16,2024,1,8.5609440103821,1.666809479662458,.1687493162891072,0,515,495,374,308,29.16622942819068,25.96774193548387,7.290322580645161,2.774193548387097,827792,0
2024-01-17,2024,1,2.614166729725102,1.165576689657058,1.405573966050632,3.011266248879973,565,541,407,323,36.86694628899294,25.96774193548387,7.290322580645161,2.774193548387097,827792,0
2024-01-18,2024,1,6.114173813532314,1.151300873467408,.1687493162891072,.2335214754916251,607,578,444,375,29.9162571581999,25.96774193548387,7.290322580645161,2.774193548387097,827792,0
2024-01-19,2024,1,7.069587703429364,2.451403465521863,0,0,619,604,489,411,28.82504164943114,25.96774193548387,7.290322580645161,2.774193548387097,827792,0
2024-01-20,2024,1,2.537747496994774,.55937303454203,1.611660651745116,5.104970865109627,618,613,493,418,31.93374530103829,25.96774193548387,7.290322580645161,2.774193548387097,827792,0
2024-01-21,2024,1,3.458699521602606,.6626609539649415,1.262232694414081,.7506908082390434,621,622,507,429,31.46415006501034,25.96774193548387,7.290322580645161,2.774193548387097,827792,0
2024-01-22,2024,1,.7942468235701807,2.055964203042093,1.430982010703188,.5118753954397025,619,622,506,440,20.67629333525798,25.96774193548387,7.290322580645161,2.774193548387097,827792,0
2024-01-23,2024,1,1.151634382732073,.5115418861750376,2.270553904660376,8.226146657885197,620,619,506,439,15.22692641509481,25.96774193548387,7.290322580645161,2.774193548387097,827792,0
2024-01-24,2024,1,2.769992543361085,.128057514574177,.5374425567581488,1.962797120888956,619,620,508,454,11.33545708137801,25.96774193548387,7.290322580645161,2.774193548387097,827792,0
2024-01-25,2024,1,.3431260791505952,.09783439557203961,2.120402852979946,3.307609022840741,620,622,494,461,12.18133632923442,25.96774193548387,7.290322580645161,2.774193548387097,827792,0
2024-01-26,2024,1,5.24974073933592,2.070740997995558,.3140813509634745,.4550623681907757,639,623,493,477,10.86452081995652,25.96774193548387,7.290322580645161,2.774193548387097,827792,0
2024-01-27,2024,1,1.913630872278266,1.287495385373167,1.236309804696622,1.404725611721064,651,643,484,472,13.74730876911479,25.96774193548387,7.290322580645161,2.774193548387097,827792,0
2024-01-28,2024,1,2.760335762993825,2.621146489834008,.8960228429134106,1.09783439557204,651,644,486,462,21.24895936382458,25.96774193548387,7.290322580645161,2.774193548387097,827792,0
2024-01-29,2024,1,3.862627097279223,2.34345958841526,1.168749316289107,.4828306672525817,651,645,496,456,31.75135313797246,25.96774193548387,7.290322580645161,2.774193548387097,827792,0
2024-01-30,2024,1,2.23999774627084,.2272442236827422,2.14415364385935,1.99636284658817,650,642,505,437,27.70296624428634,25.96774193548387,7.290322580645161,2.774193548387097,827792,0
2024-01-31,2024,1,1.611831101687409,1.931210332615081,1.306586275912399,3.189965460160487,651,648,518,437,24.96076134436391,25.96774193548387,7.290322580645161,2.774193548387097,827792,0
2024-02-01,2024,2,.4550623681907758,.8546679653256327,1.220217148190665,4.800828545738423,651,651,523,443,23.33440365714079,24,6.103448275862069,3,827792,0
2024-02-02,2024,2,.5118753954397025,.8495440080829437,3.824803451836983,3.659662250054401,637,664,521,440,8.315525249587941,24,6.103448275862069,3,827792,0
2024-02-03,2024,2,.396746836434261,10.48618262708966,.8965381578555797,.9560163797503816,623,641,509,439,18.46663859888533,24,6.103448275862069,3,827792,0
2024-02-04,2024,2,7.725515762068384,.522474030125604,.1687493162891072,.1687493162891072,623,636,512,427,5.040677465536576,24,6.103448275862069,3,827792,0
2024-02-05,2024,2,2.642931613924419,.7997003474210526,1.292150873179593,2.394481639892168,623,639,510,432,18.33792803377893,24,6.103448275862069,3,827792,0
2024-02-06,2024,2,2.218584124877847,.8797686337796872,0,1.640911007542842,634,631,519,431,31.83768422495569,24,6.103448275862069,3,827792,0
2024-02-07,2024,2,0,0,2.778205270779512,1.531535163686254,642,609,544,447,7.937108740755967,24,6.103448275862069,3,827792,0
2024-02-08,2024,2,0,.06477215920251786,2.983831459082833,6.554873786287021,640,630,547,444,7.650847840671619,24,6.103448275862069,3,827792,0
2024-02-09,2024,2,.7136869480983313,.7664785245083749,3.112777230291019,3.758823862914143,641,627,555,458,9.84665112211003,24,6.103448275862069,3,827792,0
2024-02-10,2024,2,2.75553492149393,.4235120319009356,1.320862092102049,1.082046679302708,643,636,564,461,7.445576999979151,24,6.103448275862069,3,827792,0
2024-02-11,2024,2,7.512648335235324,.7174797453968353,0,0,644,628,559,471,5.869262954601594,24,6.103448275862069,3,827792,0
2024-02-12,2024,2,1.3154336645,3.004115546492699,1.613687866766967,.7443741240029845,560,612,539,443,20.06756291609092,24,6.103448275862069,3,827792,0
2024-02-13,2024,2,.06477215920251786,.9460260901184576,1.721979589316588,3.146818838505226,519,529,485,402,20.52671904342391,24,6.103448275862069,3,827792,0
2024-02-14,2024,2,1.137039393456111,2.765126210971849,1.922438828438691,1.896022842913411,584,522,452,344,29.48804122183093,24,6.103448275862069,3,827792,0
2024-02-15,2024,2,.4324939107828697,.6568739208494048,1.45073991977175,5.498727777567423,661,595,488,353,22.47182734802395,24,6.103448275862069,3,827792,0
2024-02-16,2024,2,1.763972916405655,1.110144544972697,1.714296358694317,1.425354564130807,661,621,532,433,22.72822963423884,24,6.103448275862069,3,827792,0
2024-02-17,2024,2,3.383683390571192,.733749797403518,.4406269654579699,.09783439557203961,663,625,544,429,15.23077394321218,24,6.103448275862069,3,827792,0
2024-02-18,2024,2,.9599830997703945,.09499527820465527,3.467035068027255,6.932747924608327,663,628,552,445,17.71960154840858,24,6.103448275862069,3,827792,0
2024-02-19,2024,2,.8155047072950251,1.341921757172156,1.297727600416991,3.061132125006238,665,634,544,448,27.75279210859987,24,6.103448275862069,3,827792,0
2024-02-20,2024,2,0,.09855664472824895,5.181074069779756,5.95549102342259,665,631,541,447,33.98208856970275,24,6.103448275862069,3,827792,0
2024-02-21,2024,2,2.70227239958301,1.137254732818487,3.940865541254355,2.400262298897666,635,631,531,446,36.06476580220677,24,6.103448275862069,3,827792,0
2024-02-22,2024,2,5.947466048443411,2.621487882054668,.4078982383531131,.472670397555631,701,619,495,417,22.66685127218082,24,6.103448275862069,3,827792,0
2024-02-23,2024,2,7.240770686066463,1.034015916300641,.06477215920251786,0,703,622,499,482,16.10326358965075,24,6.103448275862069,3,827792,0
2024-02-24,2024,2,3.324339658970723,1.063285355371659,2.513532179335588,3.439115065378288,703,620,489,470,18.04290054816472,24,6.103448275862069,3,827792,0
2024-02-25,2024,2,.0661244727390435,.8815874401806046,3.899156037118284,3.665301052361994,702,617,490,480,27.78583677733454,24,6.103448275862069,3,827792,0
2024-02-26,2024,2,0,.09918670910856524,2.178727780308554,1.724129469020294,661,574,464,472,76.87834921300356,24,6.103448275862069,3,827792,0
2024-02-27,2024,2,1.12125167718678,1.490524291396724,4.65204451032147,1.315542462880768,652,540,429,411,75.61734541576878,24,6.103448275862069,3,827792,0
2024-02-28,2024,2,5.717827590839853,1.33465951521083,1.523007154025343,2.442113769288829,677,522,430,413,19.1232788246164,24,6.103448275862069,3,827792,0
2024-02-29,2024,2,2.756993156296749,.2101041938768851,5.134326883427065,8.509185104545004,716,567,455,429,26.30333382221266,24,6.103448275862069,3,827792,0
2024-03-01,2024,3,.09499527820465527,.3223739921817306,5.179844622890712,4.350925624561031,717,603,497,488,18.5323382404917,25,6.483870967741935,2.774193548387097,827792,0
2024-03-02,2024,3,0,0,5.792857588172355,5.03874047110429,716,599,500,486,18.33322439416347,25,6.483870967741935,2.774193548387097,827792,0
2024-03-03,2024,3,0,.2617932638831227,5.461538638969991,5.007455642623899,715,595,494,463,15.48340354499468,25,6.483870967741935,2.774193548387097,827792,0
2024-03-04,2024,3,.577666358914081,3.668179602156554,2.934575524995104,2.971064070193647,720,557,466,442,17.01012865263354,25,6.483870967741935,2.774193548387097,827792,0
2024-03-05,2024,3,0,.03306223636952175,4.687223647189881,5.292324795901103,666,587,491,421,24.55161351711454,25,6.483870967741935,2.774193548387097,827792,0
2024-03-06,2024,3,0,0,5.241646647210731,4.258634973429427,630,525,470,439,24.61744616988759,25,6.483870967741935,2.774193548387097,827792,0
2024-03-07,2024,3,3.096997396977683,1.678448670234273,3.499735226104072,1.125269185369181,633,534,455,408,23.82139731205671,25,6.483870967741935,2.774193548387097,827792,0
2024-03-08,2024,3,2.808780264613285,.5476028264550995,1.630925934883122,.939713348538881,635,522,450,408,11.80775106446258,25,6.483870967741935,2.774193548387097,827792,0
2024-03-09,2024,3,4.858010572022709,2.830747194381201,.9021656044279603,.1122697983048455,636,544,469,417,8.973544582047543,25,6.483870967741935,2.774193548387097,827792,0
2024-03-10,2024,3,1.048984442933186,.5586000947464069,2.260440950346597,1.721312570787258,636,524,450,417,11.05393053479788,25,6.483870967741935,2.774193548387097,827792,0
2024-03-11,2024,3,0,0,4.259520184385035,6.050141680155862,699,528,441,406,21.15341960598497,25,6.483870967741935,2.774193548387097,827792,0
2024-03-12,2024,3,1.159607850864017,1.225732323603061,3.272037235712019,2.895515410927237,725,585,480,427,29.91368352819576,25,6.483870967741935,2.774193548387097,827792,0
2024-03-13,2024,3,2.281019114593953,1.126705201037651,4.012789012358791,1.817993671793104,725,587,484,449,16.18107122371001,25,6.483870967741935,2.774193548387097,827792,0
2024-03-14,2024,3,.06477215920251786,.7981884473413711,2.576266729994384,6.3283320709043,748,593,486,444,21.0131271518972,25,6.483870967741935,2.774193548387097,827792,0
2024-03-15,2024,3,.06477215920251786,.8151294581768963,0,0,761,621,505,447,42.7876813994604,25,6.483870967741935,2.774193548387097,827792,0
2024-03-16,2024,3,3.267860140986462,2.348420016458311,1.670130932767194,.8154629674415612,759,633,549,480,6.67693677015459,25,6.483870967741935,2.774193548387097,827792,0
2024-03-17,2024,3,1.062106964556643,.6018812066960018,.06477215920251786,0,760,663,569,506,4.462543107063498,25,6.483870967741935,2.774193548387097,827792,0
2024-03-18,2024,3,2.259567499768206,2.201097218746128,.4075647290884482,0,835,676,589,513,14.39880761339241,25,6.483870967741935,2.774193548387097,827792,0
2024-03-19,2024,3,3.789562296858449,2.30276778670033,2.41521939068268,1.358739872698418,870,727,617,515,13.13781627355124,25,6.483870967741935,2.774193548387097,827792,0
2024-03-20,2024,3,2.498951892786578,.9382265447080226,4.297618733208818,4.57784028163559,858,711,626,533,13.86753028393753,25,6.483870967741935,2.774193548387097,827792,0
2024-03-21,2024,3,5.143145233109361,4.017460268434176,.9378930354433576,.2576018329792127,852,685,603,505,20.9675056987537,25,6.483870967741935,2.774193548387097,827792,0
2024-03-22,2024,3,.5718571066641962,1.257442246436057,2.154313913556302,2.936381135363676,769,677,596,487,19.51622533205453,25,6.483870967741935,2.774193548387097,827792,0
2024-03-23,2024,3,2.331486888578781,.3587398726984177,1.743195733187968,6.822429456914122,734,613,535,447,16.79534287675163,25,6.483870967741935,2.774193548387097,827792,0
2024-03-24,2024,3,0,.7503572989743785,4.572306930717025,2.002839117367385,735,629,525,441,25.17282144474266,25,6.483870967741935,2.774193548387097,827792,0
2024-03-25,2024,3,.2975601273256957,5.08886685286846,4.679098475470775,3.879850829217026,737,644,520,446,10.05675930029358,25,6.483870967741935,2.774193548387097,827792,0
2024-03-26,2024,3,.03306223636952175,1.670130932767194,3.272392964111031,2.794246823570181,738,656,517,451,7.088994889940434,25,6.483870967741935,2.774193548387097,827792,0
2024-03-27,2024,3,4.10596745024714,4.205605415499139,.9194401245281506,.7506908082390434,831,656,498,449,15.57132998655575,25,6.483870967741935,2.774193548387097,827792,0
2024-03-28,2024,3,.8626270972792239,.3902902089882579,3.226533832426723,5.616160965542134,876,758,563,480,16.67487095677446,25,6.483870967741935,2.774193548387097,827792,0
2024-03-29,2024,3,.06477215920251786,1.933276510186842,4.039842977508096,2.947208423589956,909,757,585,508,16.81536235097316,25,6.483870967741935,2.774193548387097,827792,0
2024-03-30,2024,3,.949996752794953,.06477215920251786,2.673767616301759,9.398917425013186,928,792,610,522,19.87887635988519,25,6.483870967741935,2.774193548387097,827792,0
2024-03-31,2024,3,1.630621464523763,.4377878480905856,5.242959528320079,9.572521248079052,926,775,624,547,30.01968776123909,25,6.483870967741935,2.774193548387097,827792,0
2024-04-01,2024,4,1.930608804975091,.2493091917609566,1.942342091200721,2.856154769156491,930,830,658,567,4.871768562704314,22.6,6.266666666666667,1.933333333333333,827792,0
2024-04-02,2024,4,5.177588821920714,1.975919642512412,.8995368617661197,.8011871512519114,932,866,690,604,8.344962158158109,22.6,6.266666666666667,1.933333333333333,827792,0
2024-04-03,2024,4,1.033062236369522,.889242101774836,2.675119929838284,4.06741225759957,932,824,658,576,16.48359023072622,22.6,6.266666666666667,1.933333333333333,827792,0
2024-04-04,2024,4,0,.4075647290884482,.5181772736201429,4.020560481077262,932,812,646,570,19.27932724085544,22.6,6.266666666666667,1.933333333333333,827792,0
2024-04-05,2024,4,.3427925698859303,.1122697983048455,0,1.010787385921839,929,819,646,598,49.15711331987737,22.6,6.266666666666667,1.933333333333333,827792,0
2024-04-06,2024,4,.132248945478087,3.037452216366498,3.885294024781288,.8420089049399502,926,863,670,606,19.40201058876917,22.6,6.266666666666667,1.933333333333333,827792,0
2024-04-07,2024,4,4.613690847210107,4.693548214381934,2.349094917943636,1.156594810775124,926,878,691,625,9.482762195920099,22.6,6.266666666666667,1.933333333333333,827792,0
2024-04-08,2024,4,1.546449531888906,.8083487170383219,.7837530446085652,.5057326339251527,856,830,653,592,20.24314604313073,22.6,6.266666666666667,1.933333333333333,827792,0
2024-04-09,2024,4,.4406269654579699,1.044193994955162,1.582275001214601,2.229503967309224,812,740,603,577,25.51921316528838,22.6,6.266666666666667,1.933333333333333,827792,0
2024-04-10,2024,4,4.032757766010162,5.683903259627152,.3540839150147267,.5673321664956212,747,703,561,528,24.82424729282324,22.6,6.266666666666667,1.933333333333333,827792,0
2024-04-11,2024,4,1.711819319619637,.9682900771670038,2.382635547394027,1.996192866523143,705,622,513,512,29.2501314047459,22.6,6.266666666666667,1.933333333333333,827792,0
2024-04-12,2024,4,2.02091167351202,.6068706736443576,.4547574279541506,4.469349540115638,698,624,488,470,50.49543027228705,22.6,6.266666666666667,1.933333333333333,827792,0
2024-04-13,2024,4,.0661244727390435,.03306223636952175,7.188112167860144,3.642278931573443,756,629,482,464,33.15861957342634,22.6,6.266666666666667,1.933333333333333,827792,0
2024-04-14,2024,4,0,.7189808854060473,5.124518399472644,3.645611144748648,911,781,592,507,21.61686543164831,22.6,6.266666666666667,1.933333333333333,827792,0
2024-04-15,2024,4,.09918670910856524,3.625032980501292,3.673496125147217,1.398767532998493,974,978,765,679,47.68681071795416,22.6,6.266666666666667,1.933333333333333,827792,0
2024-04-16,2024,4,2.912060366315461,7.387067859735827,.7506908082390434,.4075647290884482,1210,1040,861,847,23.62176872163528,22.6,6.266666666666667,1.933333333333333,827792,0
2024-04-17,2024,4,.9624808249171189,2.623985607201392,3.422000131821254,2.840058639871318,1410,1360,1070,1040,27.20790989399372,22.6,6.266666666666667,1.933333333333333,827792,0
2024-04-18,2024,4,.08055987547184938,.1295443184050357,1.730446153256352,4.553205176778657,1450,1470,1200,1190,27.67790316796233,22.6,6.266666666666667,1.933333333333333,827792,0
2024-04-19,2024,4,4.41536976869201,.5943689927320563,.7192103678340808,4.389162317058645,1780,1550,1300,1310,45.58215371653468,22.6,6.266666666666667,1.933333333333333,827792,0
2024-04-20,2024,4,.8291714409172777,1.639649357589148,.6194776259404529,.9748014777281501,1960,1900,1710,1560,61.54071879276959,22.6,6.266666666666667,1.933333333333333,827792,0
2024-04-21,2024,4,1.291349962685198,.9054986877645879,.9686884790030692,1.423353073383033,2350,2000,1790,1720,19.48912383820741,22.6,6.266666666666667,1.933333333333333,827792,0
2024-04-22,2024,4,2.009082123115992,0,4.222878560972967,7.814777695708982,2760,2580,2290,2150,26.29575034595582,22.6,6.266666666666667,1.933333333333333,827792,0
2024-04-23,2024,4,.2474204449367444,.1971132894564979,3.04972769665129,3.820029317829635,3000,2870,2560,2480,36.67501141599613,22.6,6.266666666666667,1.933333333333333,827792,0
2024-04-24,2024,4,.6706962395793664,.3437147843976889,1.885012136293648,4.36190612855455,3280,3050,2730,2690,38.96949031052475,22.6,6.266666666666667,1.933333333333333,827792,0
2024-04-25,2024,4,.100614310960493,1.813621791006039,5.368461307396524,3.896074646901472,3520,3490,3000,2930,32.48909500216583,22.6,6.266666666666667,1.933333333333333,827792,0
2024-04-26,2024,4,0,.1626065547745575,5.474965630952807,6.344461179394293,3570,3740,3120,3080,21.97604373692791,22.6,6.266666666666667,1.933333333333333,827792,0
2024-04-27,2024,4,.5053991246604878,1.942675600465386,4.806662894237132,4.443930609605135,3570,3540,3100,3060,16.31654752663902,22.6,6.266666666666667,1.933333333333333,827792,0
2024-04-28,2024,4,.8842920672536561,6.760286040373444,1.267896592970496,.3540839150147267,3320,3430,3090,3040,6.189791537438978,22.6,6.266666666666667,1.933333333333333,827792,0
2024-04-29,2024,4,.09918670910856524,1.834089801078277,2.851364321178467,3.795201099166043,3040,3100,2730,2750,15.11019322485424,22.6,6.266666666666667,1.933333333333333,827792,0
2024-04-30,2024,4,.4419792789944956,3.830072292895875,2.515671665517423,3.57181767423702,3040,3060,2640,2590,20.70518238146502,22.6,6.266666666666667,1.933333333333333,827792,0
2024-05-01,2024,5,1.12687912375916,.8168152809780869,3.397480343802708,5.897397375584285,2580,2850,2560,2560,30.81426177991669,21.58064516129032,5.935483870967742,2.32258064516129,827792,0
2024-05-02,2024,5,2.762362978015676,2.86397941081575,1.329535557968141,.5831198827649527,2410,2390,2140,2090,31.1769429098377,21.58064516129032,5.935483870967742,2.32258064516129,827792,0
2024-05-03,2024,5,.601243227071977,2.469671693645091,4.521694272915993,4.111776702497025,2720,2470,2150,2030,28.15434431460301,21.58064516129032,5.935483870967742,2.32258064516129,827792,0
2024-05-04,2024,5,.9273992564817418,.7334162881388531,0,0,2900,2880,2540,2340,40.68235474357358,21.58064516129032,5.935483870967742,2.32258064516129,827792,0
2024-05-05,2024,5,1.590749448110361,1.157102242761298,3.426144247341993,8.762780785077027,2900,2920,2570,2420,32.65312586077597,21.58064516129032,5.935483870967742,2.32258064516129,827792,0
2024-05-06,2024,5,4.150799894703592,5.20680054972972,3.168097000486729,1.578953548109866,3020,2930,2550,2410,27.27009131322793,21.58064516129032,5.935483870967742,2.32258064516129,827792,0
2024-05-07,2024,5,0,.03306223636952175,5.7794020271615,2.916085692218597,3010,2950,2670,2570,34.40695774617588,21.58064516129032,5.935483870967742,2.32258064516129,827792,0
2024-05-08,2024,5,7.155097246873795,4.601366361631097,1.955842457028872,.3670325139166739,2940,2840,2560,2550,25.09732448875642,21.58064516129032,5.935483870967742,2.32258064516129,827792,0
2024-05-09,2024,5,.9273992564817418,.8546679653256327,.7506908082390434,1.495754169905706,2740,2790,2520,2540,48.83624100707798,21.58064516129032,5.935483870967742,2.32258064516129,827792,0
2024-05-10,2024,5,.06477215920251786,0,0,0,2290,2540,2240,2290,48.10234648519631,21.58064516129032,5.935483870967742,2.32258064516129,827792,0
2024-05-11,2024,5,3.398412870141487,.2374881955116382,.06477215920251786,.6093762817470771,2100,2120,1830,1820,26.42965162360893,21.58064516129032,5.935483870967742,2.32258064516129,827792,0
2024-05-12,2024,5,3.332548598057035,5.28014566401556,2.116900659739714,.8101690301338453,2250,2160,1800,1700,14.83708468223452,21.58064516129032,5.935483870967742,2.32258064516129,827792,0
2024-05-13,2024,5,5.039879899369396,1.039364584427227,.6097097910117419,.9207924380646761,2590,2410,2000,1840,15.41664895312879,21.58064516129032,5.935483870967742,2.32258064516129,827792,0
2024-05-14,2024,5,2.36620985150067,1.521596234605695,3.428476402600469,3.298932084195433,2710,2720,2270,2130,18.55683240418891,21.58064516129032,5.935483870967742,2.32258064516129,827792,0
2024-05-15,2024,5,5.171378058950949,2.513053786254719,1.271544139904198,.6515799835416888,2560,2590,2270,2190,24.17507859261431,21.58064516129032,5.935483870967742,2.32258064516129,827792,0
2024-05-16,2024,5,3.943694404737248,3.771268972486399,.9453407951112619,.6410862045800733,2490,2410,2170,2140,7.396259047781298,21.58064516129032,5.935483870967742,2.32258064516129,827792,0
2024-05-17,2024,5,2.292190305606769,4.340127375240056,1.879081832077885,1.877396009276695,2490,2450,2160,2140,15.4066848252877,21.58064516129032,5.935483870967742,2.32258064516129,827792,0
2024-05-18,2024,5,.7229983935884483,.7694772284189152,3.790533785747139,5.114445839799381,2490,2390,2130,2140,20.88739418186461,21.58064516129032,5.935483870967742,2.32258064516129,827792,0
2024-05-19,2024,5,0,.1308966319415614,4.361245480801138,3.279016995820925,2490,2340,2100,2110,21.46172832760349,21.58064516129032,5.935483870967742,2.32258064516129,827792,0
2024-05-20,2024,5,.03306223636952175,.9146496765501264,4.000333509264665,3.819813984888627,2490,2310,2080,2080,32.12700368805191,21.58064516129032,5.935483870967742,2.32258064516129,827792,0
2024-05-21,2024,5,1.328690676417789,2.293503186716119,2.503234908778428,.8699260304744423,2490,2330,2090,2090,27.53737608836524,21.58064516129032,5.935483870967742,2.32258064516129,827792,0
2024-05-22,2024,5,3.193443027029162,1.390290208988258,3.047192698865703,4.905004721795345,2700,2380,2070,2080,21.74220643534171,21.58064516129032,5.935483870967742,2.32258064516129,827792,0
2024-05-23,2024,5,0,.2935031867161189,3.319201365549681,3.460849401306313,2790,2550,2290,2270,26.81582694534516,21.58064516129032,5.935483870967742,2.32258064516129,827792,0
2024-05-24,2024,5,0,.9424037486292938,2.981571114761304,3.899462967779918,2620,2480,2290,2300,29.32343576239003,21.58064516129032,5.935483870967742,2.32258064516129,827792,0
2024-05-25,2024,5,0,.299785266649235,5.141007955073416,1.926210070733025,2160,2150,2010,2110,34.37705396000831,21.58064516129032,5.935483870967742,2.32258064516129,827792,0
2024-05-26,2024,5,4.488523252113349,6.223360548599078,1.829690899774584,.2890876574178938,1980,1810,1610,1710,17.13592116447861,21.58064516129032,5.935483870967742,2.32258064516129,827792,0
2024-05-27,2024,5,3.250654208334367,1.492578584606184,.2494781111689884,1.539819144492672,1840,1770,1580,1590,20.80765632177259,21.58064516129032,5.935483870967742,2.32258064516129,827792,0
2024-05-28,2024,5,2.300696724807902,1.315372387791669,4.118788376348594,4.339736730645262,1760,1620,1380,1440,40.40106582024573,21.58064516129032,5.935483870967742,2.32258064516129,827792,0
2024-05-29,2024,5,1.568084262358281,.5408280738541869,1.962575480277988,3.54413911599222,1760,1590,1330,1340,37.44070612382613,21.58064516129032,5.935483870967742,2.32258064516129,827792,0
2024-05-30,2024,5,1.957796298205389,1.908840424300241,1.676269751625262,1.465222637887726,1600,1580,1340,1320,35.07917794781148,21.58064516129032,5.935483870967742,2.32258064516129,827792,0
2024-05-31,2024,5,1.620653723105832,2.361888849785791,2.809656347576657,3.156417535105668,1510,1480,1160,1200,38.9019465443994,21.58064516129032,5.935483870967742,2.32258064516129,827792,0
2024-06-01,2024,6,1.044194156755166,.7212680340663246,2.086240758214633,4.521390259253976,1520,1440,1110,1100,31.49772291636787,21.26666666666667,5.433333333333334,1.853793103448276,827792,0
2024-06-02,2024,6,.201811552658629,1.502733930014613,5.763508389625875,5.192670087233539,1520,1390,1110,1100,22.77426122317458,21.26666666666667,5.433333333333334,1.853793103448276,827792,0
2024-06-03,2024,6,.03306223636952175,1.148171152041751,5.580429591870254,5.642108951508416,1630,1350,1090,1080,25.67541196363019,21.26666666666667,5.433333333333334,1.853793103448276,827792,0
2024-06-04,2024,6,3.277580980152454,6.929194943205708,.674148440949595,.09783439557203961,1670,1440,1220,1150,37.14775724049085,21.26666666666667,5.433333333333334,1.853793103448276,827792,0
2024-06-05,2024,6,2.219618600993816,1.97197407608474,1.697899231829,1.905004721795345,1520,1360,1170,1150,28.79850547405344,21.26666666666667,5.433333333333334,1.853793103448276,827792,0
2024-06-06,2024,6,3.179304440873767,.9673708717597492,.3397496364841794,2.313968058152993,1450,1250,1030,1040,33.27226103739664,21.26666666666667,5.433333333333334,1.853793103448276,827792,0
2024-06-07,2024,6,2.791812743028429,.892467580647388,2.049121712781174,5.215724632590644,1390,1210,995,969,71.88268921794077,21.26666666666667,5.433333333333334,1.853793103448276,827792,0
2024-06-08,2024,6,1.894024666796865,3.647906378145824,2.591598272317195,2.591598272317195,1360,1170,941,932,26.65555554873103,21.26666666666667,5.433333333333334,1.853793103448276,827792,0
2024-06-09,2024,6,1.343126079150595,1.56582026641594,1.404899534442573,.7781255980361843,1360,1280,974,909,25.93825635008999,21.26666666666667,5.433333333333334,1.853793103448276,827792,0
2024-06-10,2024,6,1.09783439557204,.624145193744548,2.00562744657238,2.984545792995334,1370,1280,1130,1090,12.11388761965082,21.26666666666667,5.433333333333334,1.853793103448276,827792,0
2024-06-11,2024,6,4.638221990963865,2.495286170346708,1.670464442031859,.8171487902427518,1380,1230,1060,1020,14.75712023115538,21.26666666666667,5.433333333333334,1.853793103448276,827792,0
2024-06-12,2024,6,3.543450827978365,1.377366706335134,2.425506267717968,3.530092835400542,1430,1150,954,957,22.53333529550648,21.26666666666667,5.433333333333334,1.853793103448276,827792,0
2024-06-13,2024,6,5.672103419327143,.7203188627642197,2.44062696545797,1.86397941081575,1440,1160,981,961,35.71317890515719,21.26666666666667,5.433333333333334,1.853793103448276,827792,0
2024-06-14,2024,6,8.492201188503087,2.3867908928625,0,0,1350,1120,959,954,41.06680518463596,21.26666666666667,5.433333333333334,1.853793103448276,827792,0
2024-06-15,2024,6,6.459718325874466,2.814135750153858,1.275391668021572,.8784148135485557,1250,1030,908,928,19.02921219768627,21.26666666666667,5.433333333333334,1.853793103448276,827792,0
2024-06-16,2024,6,1.438295280076759,1.638421009934198,3.286820483887843,2.594940879014272,1110,988,834,871,28.0276573924002,21.26666666666667,5.433333333333334,1.853793103448276,827792,0
2024-06-17,2024,6,.3761883155201169,.3431260791505952,6.696509996431173,8.145187746522906,982,868,712,780,30.66913902102639,21.26666666666667,5.433333333333334,1.853793103448276,827792,0
2024-06-18,2024,6,.3427925698859303,.3431260791505952,3.29815914439981,2.234184551364473,867,719,607,669,29.86004309184245,21.26666666666667,5.433333333333334,1.853793103448276,827792,0
2024-06-19,2024,6,.06477215920251786,.6859186490365256,0,.06477215920251786,763,602,496,563,59.68427514484705,21.26666666666667,5.433333333333334,1.853793103448276,827792,0
2024-06-20,2024,6,.04749763910232763,0,.2335214754916251,.4075647290884482,731,573,419,459,19.62359773366645,21.26666666666667,5.433333333333334,1.853793103448276,827792,0
2024-06-21,2024,6,.201811552658629,.04749763910232763,.3285167536962804,1.137836959623292,979,576,370,362,15.88633034130234,21.26666666666667,5.433333333333334,1.853793103448276,827792,0
2024-06-22,2024,6,1.714865338913348,3.335496513805187,2.92588735640206,2.654009707233198,1060,893,664,489,9.194781004387334,21.26666666666667,5.433333333333334,1.853793103448276,827792,0
2024-06-23,2024,6,7.305408354974647,1.223212379321988,.04749763910232763,.4550623681907757,867,804,681,677,13.56030161822432,21.26666666666667,5.433333333333334,1.853793103448276,827792,0
2024-06-24,2024,6,1.501457500889297,.9845457929953333,4.585220039848279,3.939173407225154,773,662,512,531,15.83817032532058,21.26666666666667,5.433333333333334,1.853793103448276,827792,0
2024-06-25,2024,6,3.665205994494837,3.977529580902392,1.171414510934983,.8339158783567682,745,614,449,454,17.32476081066685,21.26666666666667,5.433333333333334,1.853793103448276,827792,0
2024-06-26,2024,6,2.294141636217409,.4409604747226348,1.515892903622104,2.679442378257311,747,603,408,416,22.07632159670506,21.26666666666667,5.433333333333334,1.853793103448276,827792,0
2024-06-27,2024,6,3.616490532150316,2.824310356029162,2.729065270691788,2.37535131692576,752,604,395,392,18.7823002179323,21.26666666666667,5.433333333333334,1.853793103448276,827792,0
2024-06-28,2024,6,1.42140111474714,5.231469634098216,1.416706194513538,1.35193403531102,752,599,390,390,14.51843930865037,21.26666666666667,5.433333333333334,1.853793103448276,827792,0
2024-06-29,2024,6,5.080332287473477,1.450946821698077,.7837530446085652,.06477215920251786,725,852,571,441,27.26787525071239,21.26666666666667,5.433333333333334,1.853793103448276,827792,0
2024-06-30,2024,6,2.132695952216678,1.356881907841751,3.20409981121371,2.436872572061777,700,1620,2080,2160,17.75254853109525,21.26666666666667,5.433333333333334,1.853793103448276,827792,0
2024-07-01,2024,7,.8823045833354571,.07792133043832235,3.180841925724326,7.539225342412408,674,821,812,983,23.3041766198451,19.64516129032258,5.483870967741935,1.569744160177976,827792,0
2024-07-02,2024,7,1.78408655387323,1.860295411898013,4.766271622582048,6.715957085246684,682,884,871,884,16.92432097541566,19.64516129032258,5.483870967741935,1.569744160177976,827792,0
2024-07-03,2024,7,.3431260791505952,.752043121775569,2.832737487541751,3.777926579065852,759,802,787,784,12.0660709802516,19.64516129032258,5.483870967741935,1.569744160177976,827792,0
2024-07-04,2024,7,9.102485012735757,1.755622733397976,.07792133043832235,.4903030302110383,748,752,733,699,29.88743616905164,19.64516129032258,5.483870967741935,1.569744160177976,827792,0
2024-07-05,2024,7,1.514739288533529,7.640322934254814,.3514594079795098,.7244682353489836,718,656,676,660,24.39699189968344,19.64516129032258,5.483870967741935,1.569744160177976,827792,0
2024-07-06,2024,7,2.623976909723055,2.842931710932215,1.687947833151,5.5186834030619,719,630,635,597,23.56804496448887,19.64516129032258,5.483870967741935,1.569744160177976,827792,0
2024-07-07,2024,7,3.100858170721638,1.492331086048135,1.374268824287882,3.691490733856393,671,608,605,559,25.91845014453204,19.64516129032258,5.483870967741935,1.569744160177976,827792,0
2024-07-08,2024,7,1.295087496931151,.03977408622622045,.07954817245244089,.07792133043832235,588,509,535,521,21.34577573770262,19.64516129032258,5.483870967741935,1.569744160177976,827792,0
2024-07-09,2024,7,1.623575695900077,1.392402766947397,3.276129139903474,4.967458081057655,502,404,414,405,26.56648480490085,19.64516129032258,5.483870967741935,1.569744160177976,827792,0
2024-07-10,2024,7,4.784003106248838,.7382568496571493,1.52845027442314,1.784989313319212,477,349,338,326,18.4576483975343,19.64516129032258,5.483870967741935,1.569744160177976,827792,0
2024-07-11,2024,7,2.914316167285461,1.589596153544167,1.168415807024442,1.168749316289107,473,334,299,269,21.2136733458335,19.64516129032258,5.483870967741935,1.569744160177976,827792,0
2024-07-12,2024,7,.6713093235822106,.4236859546224446,1.925096140128571,5.90066506008349,470,333,288,252,30.676649063657,19.64516129032258,5.483870967741935,1.569744160177976,827792,0
2024-07-13,2024,7,1.78173371254271,.6716428328468755,5.632042777465282,4.353261252598722,445,332,276,240,23.49770550051635,19.64516129032258,5.483870967741935,1.569744160177976,827792,0
2024-07-14,2024,7,1.285540112106045,2.736255405506238,2.110757898225164,4.539074714282477,386,301,264,236,24.32264344264766,19.64516129032258,5.483870967741935,1.569744160177976,827792,0
2024-07-15,2024,7,1.320224112478024,1.395993539971849,3.100931137792878,4.092820302252125,333,239,205,198,37.98154210368947,19.64516129032258,5.483870967741935,1.569744160177976,827792,0
2024-07-16,2024,7,2.854667965325633,1.98835292647219,2.113110739555685,3.308551942701392,283,181,134,149,43.71374855251382,19.64516129032258,5.483870967741935,1.569744160177976,827792,0
2024-07-17,2024,7,.9104582456462166,2.040861781779957,.8157964767062261,1.501715125742752,264,163,88.59999999999999,94,31.95684656082177,19.64516129032258,5.483870967741935,1.569744160177976,827792,1
2024-07-18,2024,7,3.194287908579514,2.718541454875089,2.334318122990171,3.584962414994824,264,189,74.2,85.09999999999999,17.56409441552283,19.64516129032258,5.483870967741935,1.569744160177976,827792,1
2024-07-19,2024,7,.5924352709115519,1.654208726203529,3.048317424403856,3.327004853616599,329,178,134,127,14.96706878114559,19.64516129032258,5.483870967741935,1.569744160177976,827792,0
2024-07-20,2024,7,1.069123176649584,1.84356083311155,1.481478353716056,2.341440256349404,431,296,119,115,14.37241744064758,19.64516129032258,5.483870967741935,1.569744160177976,827792,0
2024-07-21,2024,7,4.834220818593393,2.105108232518435,1.374836001983591,1.770630522985109,464,463,412,362,11.72059870675202,19.64516129032258,5.483870967741935,1.569744160177976,827792,0
2024-07-22,2024,7,2.20677198070168,.7894563755921566,3.213382741775227,1.89133831620168,463,458,430,471,13.35868620742155,19.64516129032258,5.483870967741935,1.569744160177976,827792,0
2024-07-23,2024,7,6.444742511950668,4.100242370006465,1.011806660070965,.609535868290233,516,346,273,304,24.95987864633114,19.64516129032258,5.483870967741935,1.569744160177976,827792,0
2024-07-24,2024,7,3.545452946751393,1.876083128167345,2.418696487674089,4.814466382304048,586,404,296,267,34.82662917305906,19.64516129032258,5.483870967741935,1.569744160177976,827792,0
2024-07-25,2024,7,.3431260791505952,.849040518753252,3.609034889526417,6.978932682601307,587,481,405,381,30.21758640057665,19.64516129032258,5.483870967741935,1.569744160177976,827792,0
2024-07-26,2024,7,.09783439557203961,.1308966319415614,3.951454517720506,3.876094483902557,561,439,359,364,26.62787499542936,19.64516129032258,5.483870967741935,1.569744160177976,827792,0
2024-07-27,2024,7,1.798188447341371,.8456860864436986,2.664655189781974,5.456904900420647,518,537,518,532,13.88336484806973,19.64516129032258,5.483870967741935,1.569744160177976,827792,0
2024-07-28,2024,7,2.583627314751127,1.433846224319395,4.044966934750786,3.190814284367321,431,396,332,351,18.02024465498269,19.64516129032258,5.483870967741935,1.569744160177976,827792,0
2024-07-29,2024,7,5.195766829454377,2.784601868815399,1.171204136229439,1.405059120985729,401,328,257,271,27.20260029410268,19.64516129032258,5.483870967741935,1.569744160177976,827792,0
2024-07-30,2024,7,.2631455774196484,1.877236422733539,2.761155548295354,2.04369050562547,378,312,212,210,22.38044615439329,19.64516129032258,5.483870967741935,1.569744160177976,827792,0
2024-07-31,2024,7,.03306223636952175,.1308966319415614,3.134842198369234,3.516172747609905,355,288,179,180,34.18978701956396,19.64516129032258,5.483870967741935,1.569744160177976,827792,0
2024-08-01,2024,8,1.783753044608565,1.485459409914422,1.903652408258819,3.198613829777757,355,271,149,149,33.33111935501349,21.2258064516129,6.225806451612903,1.483870967741935,827792,0
2024-08-02,2024,8,1.815462967441561,1.804331208855921,1.729779134727023,1.424839249188638,357,272,145,136,17.45401499489087,21.2258064516129,6.225806451612903,1.483870967741935,827792,0
2024-08-03,2024,8,.4105634329989885,2.248975682496292,3.723096431898747,2.754378749813261,356,273,140,128,15.1085936823431,21.2258064516129,6.225806451612903,1.483870967741935,827792,0
2024-08-04,2024,8,1.287161876108502,1.947711912919649,3.298903045290129,2.880750441586248,414,267,136,129,21.19072810740593,21.2258064516129,6.225806451612903,1.483870967741935,827792,0
2024-08-05,2024,8,.1597674374071731,.2418141167098812,2.825281844917852,2.534654227553152,450,332,166,138,35.76972205015632,21.2258064516129,6.225806451612903,1.483870967741935,827792,0
2024-08-06,2024,8,1.531938244744889,.9104582456462164,5.923373865343344,9.32037293895071,480,344,192,193,36.37936671682731,21.2258064516129,6.225806451612903,1.483870967741935,827792,0
2024-08-07,2024,8,1.121077754465271,.6482255512321355,2.632611757684313,4.568659383783324,531,371,205,195,30.05899090076214,21.2258064516129,6.225806451612903,1.483870967741935,827792,0
2024-08-08,2024,8,3.011770208086931,1.486797387272595,.5446041225445593,.201811552658629,552,436,268,232,25.87833482484798,21.2258064516129,6.225806451612903,1.483870967741935,827792,0
2024-08-09,2024,8,3.827241058484487,1.142826426571648,.2418141167098812,1.712001125297141,553,489,319,330,34.85929240927458,21.2258064516129,6.225806451612903,1.483870967741935,827792,0
2024-08-10,2024,8,7.021862476328666,2.79191513818897,.128057514574177,.09499527820465527,556,611,561,488,25.27963823202939,21.2258064516129,6.225806451612903,1.483870967741935,827792,0
2024-08-11,2024,8,7.545025276597651,5.555537332037134,.2335214754916251,.4075647290884482,590,424,353,356,19.94248099167183,21.2258064516129,6.225806451612903,1.483870967741935,827792,0
2024-08-12,2024,8,5.723771333384072,2.106925072834742,1.626984311111932,.5067514381970134,603,442,338,297,20.41805245711274,21.2258064516129,6.225806451612903,1.483870967741935,827792,0
2024-08-13,2024,8,2.948310929993763,1.643950418196281,3.610888181826759,2.986866122641332,601,437,348,313,16.98610600640796,21.2258064516129,6.225806451612903,1.483870967741935,827792,0
2024-08-14,2024,8,8.654952627093847,4.102653882455368,.06477215920251786,.06477215920251786,603,450,359,321,17.88343825765151,21.2258064516129,6.225806451612903,1.483870967741935,827792,0
2024-08-15,2024,8,6.545550985061691,1.647562475359288,.7189808854060473,.3431260791505952,602,449,351,321,25.43469400343042,21.2258064516129,6.225806451612903,1.483870967741935,827792,0
2024-08-16,2024,8,2.221540892699151,1.694211290254781,2.253424738253656,3.581278416077088,600,457,339,310,33.96642685886509,21.2258064516129,6.225806451612903,1.483870967741935,827792,0
2024-08-17,2024,8,2.270898277324178,2.684899844764665,2.815462967441561,3.463358952065514,599,467,335,301,21.68619203980197,21.2258064516129,6.225806451612903,1.483870967741935,827792,0
2024-08-18,2024,8,1.244624665049226,.5118753954397025,7.695835564823115,6.111780645153506,597,459,337,308,18.52163415441677,21.2258064516129,6.225806451612903,1.483870967741935,827792,0
2024-08-19,2024,8,3.848220733451723,1.907459541735676,2.89619676563492,2.890569319062539,597,452,350,326,26.01436094805523,21.2258064516129,6.225806451612903,1.483870967741935,827792,0
2024-08-20,2024,8,.5876053905063517,.3427925698859303,3.672454735192409,7.046809466980656,594,441,338,315,37.31566514800883,21.2258064516129,6.225806451612903,1.483870967741935,827792,0
2024-08-21,2024,8,1.638580596477354,1.236309804696622,4.017266637144195,7.588308964348382,593,430,325,299,41.69492210424205,21.2258064516129,6.225806451612903,1.483870967741935,827792,0
2024-08-22,2024,8,4.048110992354795,3.164731808106706,4.142507253485336,2.018626833636716,593,432,329,299,43.95085745643993,21.2258064516129,6.225806451612903,1.483870967741935,827792,0
2024-08-23,2024,8,1.423512031900936,1.006805837387397,4.152286698534451,6.325742760669637,593,450,337,305,27.40348750469186,21.2258064516129,6.225806451612903,1.483870967741935,827792,0
2024-08-24,2024,8,3.357894991148066,1.545267198417407,2.43249391078287,2.204599881863625,595,452,353,316,24.42862669454323,21.2258064516129,6.225806451612903,1.483870967741935,827792,0
2024-08-25,2024,8,1.566153775680605,3.862163040376708,1.864312920080414,1.287998874702859,597,444,347,312,14.67955905959407,21.2258064516129,6.225806451612903,1.483870967741935,827792,0
2024-08-26,2024,8,6.134298314399025,1.699026834481629,1.638087500669533,.9777360129514537,599,473,421,386,13.87250899081542,21.2258064516129,6.225806451612903,1.483870967741935,827792,0
2024-08-27,2024,8,2.31937528827119,1.864312920080414,1.487791095295633,2.472852203233135,600,464,361,345,13.31117423214087,21.2258064516129,6.225806451612903,1.483870967741935,827792,0
2024-08-28,2024,8,.8802351266440791,1.88739669243049,2.954826163322888,6.019117052330063,600,469,377,353,17.36676202071191,21.2258064516129,6.225806451612903,1.483870967741935,827792,0
2024-08-29,2024,8,4.371837298073051,1.885050670870926,.8528762212581489,.6572074301140697,598,461,361,340,20.28703269061206,21.2258064516129,6.225806451612903,1.483870967741935,827792,0
2024-08-30,2024,8,.623811684479883,.1122697983048455,1.140676076990676,1.205448236193194,579,461,358,333,16.56409153840836,21.2258064516129,6.225806451612903,1.483870967741935,827792,0
2024-08-31,2024,8,2.151300873467408,1.387185583811424,3.065048060533838,1.318022974734664,565,479,368,363,16.41269656928713,21.2258064516129,6.225806451612903,1.483870967741935,827792,0
2024-09-01,2024,9,2.828411566343509,.8456860864436986,.3761883155201169,1.573315341467015,553,459,349,339,21.2547406672894,22.1,5.933333333333334,2.124137931034483,827792,0
2024-09-02,2024,9,1.505732633925153,1.66534048478917,1.190984264432349,3.150905815969885,586,448,306,296,15.98465853167561,22.1,5.933333333333334,2.124137931034483,827792,0
2024-09-03,2024,9,.5211868409298194,1.321061111072381,2.984850263354693,3.187177130955491,573,477,347,317,23.82983825167515,22.1,5.933333333333334,2.124137931034483,827792,0
2024-09-04,2024,9,1.118147052009946,.7330827788741882,3.80166554433278,3.390674506415311,527,466,344,329,33.90701983494255,22.1,5.933333333333334,2.124137931034483,827792,0
2024-09-05,2024,9,.8315841929755577,1.908946345566535,1.845192990635878,1.730961468198522,462,459,301,305,35.81525276343896,22.1,5.933333333333334,2.124137931034483,827792,0
2024-09-06,2024,9,3.874904737352328,1.943694404737247,1.285210545497863,1.32254791490324,448,668,787,721,23.08870228092999,22.1,5.933333333333334,2.124137931034483,827792,0
2024-09-07,2024,9,3.345762704768431,1.022927062921394,4.397244872848342,4.457238409685313,447,243,256,326,27.62124595787794,22.1,5.933333333333334,2.124137931034483,827792,0
2024-09-08,2024,9,.1295443184050357,0,4.813797830712415,9.310089534694638,446,229,216,243,34.00360776840413,22.1,5.933333333333334,2.124137931034483,827792,0
2024-09-09,2024,9,0,.06477215920251786,4.062773513208707,8.836066823602481,383,225,193,220,35.2811474688205,22.1,5.933333333333334,2.124137931034483,827792,0
2024-09-10,2024,9,.8542285347946744,2.401421967573898,2.806662894237131,1.310908724331425,321,186,151,191,38.42583010054341,22.1,5.933333333333334,2.124137931034483,827792,0
2024-09-11,2024,9,1.745063361666662,2.028711218922456,4.282469466440777,3.04069180171493,250,164,110,131,35.76024946741354,22.1,5.933333333333334,2.124137931034483,827792,0
2024-09-12,2024,9,.3427925698859303,.6859186490365256,1.828614058093057,6.33735040177027,221,156,85.09999999999999,88.5,44.09099861161599,22.1,5.933333333333334,2.124137931034483,827792,1
2024-09-13,2024,9,1.12687912375916,.5446041225445593,3.510181689682516,6.644538675199925,220,155,76.8,69.09999999999999,47.95040993629565,22.1,5.933333333333334,2.124137931034483,827792,1
2024-09-14,2024,9,2.704878991937906,3.351259133825696,1.910973560588386,1.464203833615866,221,151,73.59999999999999,59.2,31.28162005373778,22.1,5.933333333333334,2.124137931034483,827792,1
2024-09-15,2024,9,.04749763910232763,.5070849474616783,3.122898067560794,5.096616572329848,220,147,67.2,58.3,36.08898950226008,22.1,5.933333333333334,2.124137931034483,827792,1
2024-09-16,2024,9,6.778745771059608,1.753330310971354,.2162469553914348,.04749763910232763,210,148,69.8,62.8,14.40785533314672,22.1,5.933333333333334,2.124137931034483,827792,1
2024-09-17,2024,9,3.33297369240964,1.820278511668408,2.042841681418637,5.118387463570572,207,146,64.90000000000001,62.2,22.2921709840331,22.1,5.933333333333334,2.124137931034483,827792,1
2024-09-18,2024,9,1.303921081266524,1.126545614494495,2.331355871063665,2.294352010922953,298,149,67.2,60.9,24.21536848132432,22.1,5.933333333333334,2.124137931034483,827792,1
2024-09-19,2024,9,2.847371909244889,1.622658389913689,2.791886099283665,2.761025000657503,339,165,79.8,67.7,33.95111745279416,22.1,5.933333333333334,2.124137931034483,827792,1
2024-09-20,2024,9,1.935387427340638,.3615789900658021,2.159941360128682,2.148171152041751,339,162,80.2,94.59999999999999,22.4315449399849,22.1,5.933333333333334,2.124137931034483,827792,1
2024-09-21,2024,9,3.095844102411489,1.235976295431957,1.064772159202518,1.363065793896661,372,173,83,92,37.84092128323321,22.1,5.933333333333334,2.124137931034483,827792,1
2024-09-22,2024,9,1.685918649036525,1.860295411898013,1.107479350326821,1.994190747750115,391,193,101,104,12.7666208977587,22.1,5.933333333333334,2.124137931034483,827792,0
2024-09-23,2024,9,4.586474315074506,3.752043121775569,.5620382291879054,.1597674374071731,390,208,129,145,23.71191233444122,22.1,5.933333333333334,2.124137931034483,827792,0
2024-09-24,2024,9,4.518192079675761,2.869103368058439,.7925610007689903,.04749763910232763,388,214,149,161,28.09321421132518,22.1,5.933333333333334,2.124137931034483,827792,0
2024-09-25,2024,9,5.084037442340524,.961973392930945,1.534110343582944,.9191066152634857,386,207,148,166,40.19339572973522,22.1,5.933333333333334,2.124137931034483,827792,0
2024-09-26,2024,9,2.357227972618736,.3092909029854504,2.972053837917172,5.828056903486503,384,208,146,158,39.0731005738576,22.1,5.933333333333334,2.124137931034483,827792,0
2024-09-27,2024,9,3.676654049052314,2.702039874570522,1.309396824251744,.623811684479883,329,212,138,153,58.97359886568334,22.1,5.933333333333334,2.124137931034483,827792,0
2024-09-28,2024,9,1.170261216368789,1.95567104487324,2.487128019422785,.4409604747226348,300,167,105,135,23.37162047014515,22.1,5.933333333333334,2.124137931034483,827792,0
2024-09-29,2024,9,1.903010485978312,1.890412609633858,1.947817834185942,.9842122837306684,299,153,76.5,78.09999999999999,31.19828916568243,22.1,5.933333333333334,2.124137931034483,827792,1
2024-09-30,2024,9,5.04081493627405,2.243630957026188,.5356222436626251,.6065371643796927,298,152,73.3,69.90000000000001,47.04461556938252,22.1,5.933333333333334,2.124137931034483,827792,1
2024-10-01,2024,10,1.470005202909755,1.336983317636045,3.167055610531921,5.731241312186323,269,151,62.5,62.9,68.63469342726287,22.87096774193548,6.290322580645161,1.774193548387097,827792,1
2024-10-02,2024,10,.1597674374071731,.1122697983048455,2.675119929838284,6.495729073656883,247,150,59.8,60.4,60.8615829880886,22.87096774193548,6.290322580645161,1.774193548387097,827792,1
2024-10-03,2024,10,2.006646250844242,1.917648380460667,2.754298922745569,2.140647507962636,238,145,55.3,58.4,111.4193232282509,22.87096774193548,6.290322580645161,1.774193548387097,827792,1
2024-10-04,2024,10,1.159941360128682,1.665006975524505,2.804997757507985,5.609684694762919,239,147,52.9,53,78.23844566762455,22.87096774193548,6.290322580645161,1.774193548387097,827792,1
2024-10-05,2024,10,1.954188183698863,3.546395866612043,1.276363156910262,2.513028690005897,238,148,54.3,54.3,41.13689576845264,22.87096774193548,6.290322580645161,1.774193548387097,827792,1
2024-10-06,2024,10,1.807329912766461,1.597729208219268,.375854806255452,.6093762817470771,238,150,53.3,57.3,53.97487422701866,22.87096774193548,6.290322580645161,1.774193548387097,827792,1
2024-10-07,2024,10,1.506407535410477,.7664785245083749,5.191309890741019,4.559423822704417,232,150,54.8,62.7,54.16967049170429,22.87096774193548,6.290322580645161,1.774193548387097,827792,1
2024-10-08,2024,10,1.014101893468141,.5763140453775554,2.861009275933249,4.739094522873621,229,149,54.7,61.9,48.45230779419281,22.87096774193548,6.290322580645161,1.774193548387097,827792,1
2024-10-09,2024,10,1.390290208988258,.7997003474210526,2.725094608015292,1.638087500669533,228,148,54.9,60.4,48.73108537640287,22.87096774193548,6.290322580645161,1.774193548387097,827792,1
2024-10-10,2024,10,1.979088326487979,3.39029415164474,1.029889609737473,.9867429880822107,228,145,55.3,61.1,45.46071915743644,22.87096774193548,6.290322580645161,1.774193548387097,827792,1
2024-10-11,2024,10,1.872102071968979,.3427925698859303,2.894405021567436,5.430137129152836,216,142,52.7,58.5,49.06278323535195,22.87096774193548,6.290322580645161,1.774193548387097,827792,1
2024-10-12,2024,10,2.385329780945207,.4373484175596273,.9450072858465969,2.454732801582593,228,140,51.1,55.9,45.60439153110045,22.87096774193548,6.290322580645161,1.774193548387097,827792,1
2024-10-13,2024,10,.7756199899334648,.09783439557203961,2.47911762942954,4.423660858373621,227,138,50.8,56.4,43.22493016104798,22.87096774193548,6.290322580645161,1.774193548387097,827792,1
2024-10-14,2024,10,4.497364108295685,.3285167536962804,3.312054135941624,4.810009443590689,227,138,51.1,57.8,67.85670781534165,22.87096774193548,6.290322580645161,1.774193548387097,827792,1
2024-10-15,2024,10,3.428885796276345,1,1.244958174313891,1.414040999867663,227,135,47.7,60.1,90.97877162594892,22.87096774193548,6.290322580645161,1.774193548387097,827792,1
2024-10-16,2024,10,3.114231522437356,2.805636207009275,2.417383606564739,1.911984481904251,227,132,47.8,55,75.84167792904434,22.87096774193548,6.290322580645161,1.774193548387097,827792,1
2024-10-17,2024,10,.9576223754838792,.8456860864436986,.7506908082390434,2.292285363473926,215,130,44,54,70.4502102307932,22.87096774193548,6.290322580645161,1.774193548387097,827792,1
2024-10-18,2024,10,0,0,1.385967760569232,3.179682055904415,214,132,40.9,50.3,94.8954612338165,22.87096774193548,6.290322580645161,1.774193548387097,827792,1
2024-10-19,2024,10,3.677611671639916,.940347855383689,.1453320346743672,.1453320346743672,215,206,98.59999999999999,74.7,7.254099639738979,22.87096774193548,6.290322580645161,1.774193548387097,827792,1
2024-10-20,2024,10,1.342952156429086,.8314102702540487,1.422000131821254,2.639733891043548,269,372,305,224,16.25241381693779,22.87096774193548,6.290322580645161,1.774193548387097,827792,0
2024-10-21,2024,10,8.374256628242689,.8862290616859427,0,0,457,396,292,216,16.6700959105168,22.87096774193548,6.290322580645161,1.774193548387097,827792,0
2024-10-22,2024,10,2.495104364669204,2.758519392554784,.5201680366579585,.55937303454203,659,430,364,342,27.58668113411837,22.87096774193548,6.290322580645161,1.774193548387097,827792,0
2024-10-23,2024,10,1.592768780176217,1.597729208219268,.9382265447080224,1.014435402732806,727,484,456,376,26.22391122863167,22.87096774193548,6.290322580645161,1.774193548387097,827792,0
2024-10-24,2024,10,2.123706497127111,2.860810726840183,2.463862441395206,4.096656004757023,728,496,514,438,31.63272094070291,22.87096774193548,6.290322580645161,1.774193548387097,827792,0
2024-10-25,2024,10,2.474356220356821,.1611197509436988,2.416031293028213,4.464218169794218,727,513,543,457,40.3462666144724,22.87096774193548,6.290322580645161,1.774193548387097,827792,0
2024-10-26,2024,10,1.065620983409352,1.310749137788269,1.239148922064006,3.403424086346926,692,516,548,461,32.8806212560898,22.87096774193548,6.290322580645161,1.774193548387097,827792,0
2024-10-27,2024,10,.09499527820465527,0,.6352769523301884,4.515030808778923,637,490,514,456,40.69405807169456,22.87096774193548,6.290322580645161,1.774193548387097,827792,0
2024-10-28,2024,10,.04749763910232763,.3427925698859303,1.074551604251633,4.922080222925203,583,471,482,432,44.0832111185772,22.87096774193548,6.290322580645161,1.774193548387097,827792,0
2024-10-29,2024,10,.9024991136926253,.632354132830859,1.708683144971622,3.139149840732641,534,456,456,408,48.10603566541929,22.87096774193548,6.290322580645161,1.774193548387097,827792,0
2024-10-30,2024,10,2.572630046459819,1.183898583057148,3.509522554109183,2.053125085674708,412,432,418,371,22.17549503517728,22.87096774193548,6.290322580645161,1.774193548387097,827792,0
2024-10-31,2024,10,4.820253415419585,1.357561481883401,1.807170326223305,2.920593419094344,357,368,343,331,29.89053244939426,22.87096774193548,6.290322580645161,1.774193548387097,827792,0
2024-11-01,2024,11,4.265028906575073,2.10709899555625,1.224380010066535,2.14415364385935,366,351,293,272,31.72520453942132,23.13333333333333,6.7,1.966666666666667,827792,0
2024-11-02,2024,11,1.311749665582264,.08055987547184938,2.417677683402228,3.201946042952962,370,348,286,264,29.55759053792892,23.13333333333333,6.7,1.966666666666667,827792,0
2024-11-03,2024,11,.7467491844678532,1.343126079150595,5.699001738232806,3.790055392666271,370,353,291,255,12.68160408357349,23.13333333333333,6.7,1.966666666666667,827792,0
2024-11-04,2024,11,8.396396048641508,5.099147746558653,.3902902089882579,.5198345273932936,371,395,322,279,4.966604254365814,23.13333333333333,6.7,1.966666666666667,827792,0
2024-11-05,2024,11,.03306223636952175,0,1.288133364997192,4.234809260352152,372,379,348,292,12.50115045237183,23.13333333333333,6.7,1.966666666666667,827792,0
2024-11-06,2024,11,5.719314394670713,2.827258271777315,1.384996271680542,1.244015254453241,372,370,329,274,9.72141849205355,23.13333333333333,6.7,1.966666666666667,827792,0
2024-11-07,2024,11,4.021695006829515,2.191317773697013,1.630258916353793,.7058583637825911,661,406,399,327,9.768010763774225,23.13333333333333,6.7,1.966666666666667,827792,0
2024-11-08,2024,11,1.849374028017917,4.301572182592484,.5793127492880957,1.025567161318446,864,665,631,443,16.36992378394482,23.13333333333333,6.7,1.966666666666667,827792,0
2024-11-09,2024,11,2.509036278072318,3.710648811760615,2.028537296200947,2.500874184491913,876,720,753,654,17.05700648761801,23.13333333333333,6.7,1.966666666666667,827792,0
2024-11-10,2024,11,5.0906654167069,.4633801056578548,0,0,875,731,764,709,18.00434880583756,23.13333333333333,6.7,1.966666666666667,827792,0
2024-11-11,2024,11,3.442472374802316,2.217932778192625,.09499527820465527,.09499527820465527,876,741,770,747,28.72064314726871,23.13333333333333,6.7,1.966666666666667,827792,0
2024-11-12,2024,11,3.580125121510894,2.487279723009946,3.387451091620873,2.223052792778832,875,730,767,762,27.9438841989474,23.13333333333333,6.7,1.966666666666667,827792,0
2024-11-13,2024,11,2.456414681727302,1.706191873047256,.6343054634414986,.128057514574177,874,740,760,768,22.45024507987472,23.13333333333333,6.7,1.966666666666667,827792,0
2024-11-14,2024,11,1.456240759005793,.7942468235701807,3.035719548059402,4.369048968868054,874,755,770,776,43.49348693020906,23.13333333333333,6.7,1.966666666666667,827792,0
2024-11-15,2024,11,.601243227071977,0,.5371090474934839,2.52017939239317,902,779,801,799,33.03587391773413,23.13333333333333,6.7,1.966666666666667,827792,0
2024-11-16,2024,11,1.589929662808832,.4324939107828697,3.214553249634249,3.385170194402051,918,819,840,824,26.68453120992093,23.13333333333333,6.7,1.966666666666667,827792,0
2024-11-17,2024,11,2.525157503606315,1.095169200926164,.9294185885475972,2.46404424707271,918,802,804,793,13.59125042687418,23.13333333333333,6.7,1.966666666666667,827792,0
2024-11-18,2024,11,3.89319806172438,1.779735536426164,1.321377407044218,.5710201080698395,918,809,820,763,20.57702292401747,23.13333333333333,6.7,1.966666666666667,827792,0
2024-11-19,2024,11,4.01888445849017,1.754657528259056,1.289827070754378,.7782851845793403,918,819,865,774,20.13668907318365,23.13333333333333,6.7,1.966666666666667,827792,0
2024-11-20,2024,11,2.336345338012021,.128057514574177,2.402908771404757,2.695908468791184,804,759,895,841,27.39725448449434,23.13333333333333,6.7,1.966666666666667,827792,0
2024-11-21,2024,11,1.880260222892902,1.303946177515346,.6598726247599451,.53595575292729,952,741,796,742,42.47436862623483,23.13333333333333,6.7,1.966666666666667,827792,0
2024-11-22,2024,11,1.712026221545964,.9927039439192565,1.255756423634866,.5662296600918154,902,822,897,848,49.00339160362424,23.13333333333333,6.7,1.966666666666667,827792,0
2024-11-23,2024,11,1.278020410683413,1.357561481883401,2.203116550811984,6.132996789024886,871,810,853,813,46.59145327376273,23.13333333333333,6.7,1.966666666666667,827792,0
2024-11-24,2024,11,0,.4075647290884482,2.288133364997192,5.210594412570232,870,820,857,791,41.24990528457457,23.13333333333333,6.7,1.966666666666667,827792,0
2024-11-25,2024,11,1.55937303454203,1.200459239122103,.4078982383531131,3.6182822762178,814,808,852,778,40.33338668253062,23.13333333333333,6.7,1.966666666666667,827792,0
2024-11-26,2024,11,.3849962716805421,.6855851397718606,1.762156076089349,4.514515493836754,786,774,796,756,40.00278985085771,23.13333333333333,6.7,1.966666666666667,827792,0
2024-11-27,2024,11,5.277676507896876,.5699716692279315,.7189808854060473,.7453968709313276,787,797,788,761,24.47022532832641,23.13333333333333,6.7,1.966666666666667,827792,0
2024-11-28,2024,11,7.972250346321629,.8986623456457209,0,.03306223636952175,789,791,773,761,7.702511814429032,23.13333333333333,6.7,1.966666666666667,827792,0
2024-11-29,2024,11,2.573808437274836,.2072650765095008,1.667367699811021,.3712239448205839,868,767,756,751,20.56820052835003,23.13333333333333,6.7,1.966666666666667,827792,0
2024-11-30,2024,11,1.981706675627949,.1899905564093105,.4409604747226348,1.01727452010019,912,827,842,818,26.40078667885322,23.13333333333333,6.7,1.966666666666667,827792,0
2024-12-01,2024,12,3.11062340793083,1.169082825553772,1.262232694414081,.9785848371582877,911,836,868,867,46.36059911928706,23.7741935483871,6.709677419354839,2.290322580645161,827792,0
2024-12-02,2024,12,1.606537164379693,.03306223636952175,4.637032244413636,3.079896799599002,868,829,855,873,43.37422197007494,23.7741935483871,6.709677419354839,2.290322580645161,827792,0
2024-12-03,2024,12,1.55123997986693,.6665188756041865,2.02672045588464,3.529969700841422,770,753,821,839,53.04595788932524,23.7741935483871,6.709677419354839,2.290322580645161,827792,0
2024-12-04,2024,12,3.733416288138853,2.791074196938132,0,.1687493162891072,745,725,747,759,40.15003726779537,23.7741935483871,6.709677419354839,2.290322580645161,827792,0
2024-12-05,2024,12,4.080414991655646,1.22154089269915,.3761883155201169,.09783439557203961,745,724,741,737,30.40846563836382,23.7741935483871,6.709677419354839,2.290322580645161,827792,0
2024-12-06,2024,12,2.458267974027643,2.339953452518546,2.953473849786362,3.606845577395534,746,727,723,718,41.24551912110223,23.7741935483871,6.709677419354839,2.290322580645161,827792,0
2024-12-07,2024,12,2.145847349616536,1.588417762729151,1.064772159202518,2.184671522852772,747,732,710,708,34.17887893113599,23.7741935483871,6.709677419354839,2.290322580645161,827792,0
2024-12-08,2024,12,.7510243175037083,.8550014745902976,1.464508303975226,1.175900018676381,750,734,711,704,46.57422187033789,23.7741935483871,6.709677419354839,2.290322580645161,827792,0
2024-12-09,2024,12,2.748359122857833,1.802539464788437,1.907829502984376,.9940168250286061,748,735,709,696,55.67306017407513,23.7741935483871,6.709677419354839,2.290322580645161,827792,0
2024-12-10,2024,12,3.599731326992295,2.983240794841978,1.590749448110361,.09499527820465527,748,733,720,683,18.71610320541681,23.7741935483871,6.709677419354839,2.290322580645161,827792,0
2024-12-11,2024,12,1.517502842012083,1.357561481883401,1.561704719923241,2.203124433767979,717,736,718,681,39.39685046320858,23.7741935483871,6.709677419354839,2.290322580645161,827792,0
2024-12-12,2024,12,.8414109534078436,1.630457935324125,1.492943621566361,4.122738481017638,631,717,698,678,54.01935440985309,23.7741935483871,6.709677419354839,2.290322580645161,827792,0
2024-12-13,2024,12,.5200888159229579,1.668826552728992,1.177620552903839,1.846102192777828,571,592,616,623,62.63903357460039,23.7741935483871,6.709677419354839,2.290322580645161,827792,0
2024-12-14,2024,12,.6802912024641448,.4409604747226348,4.129202926184375,3.430677070466563,559,552,569,578,39.76575477737659,23.7741935483871,6.709677419354839,2.290322580645161,827792,0
2024-12-15,2024,12,1.574986828089853,1.471183593724772,2.574112907634196,3.015255188034335,559,549,557,565,38.28989970081724,23.7741935483871,6.709677419354839,2.290322580645161,827792,0
2024-12-16,2024,12,4.449807863310236,1.621306076377164,.2335214754916251,.4075647290884482,559,538,543,564,50.68920900714814,23.7741935483871,6.709677419354839,2.290322580645161,827792,0
2024-12-17,2024,12,1.494267366074847,1.423685954622445,1.782067221807375,3.382132058064335,558,535,541,553,58.6482954097572,23.7741935483871,6.709677419354839,2.290322580645161,827792,0
2024-12-18,2024,12,1.591082957375026,.5028935165577684,1.419029996938754,2.680929182088169,560,529,530,542,47.61142178266337,23.7741935483871,6.709677419354839,2.290322580645161,827792,0
2024-12-19,2024,12,2.925266590070863,.9734100917532108,1.064772159202518,2.464044247072711,702,536,538,530,58.38644055954781,23.7741935483871,6.709677419354839,2.290322580645161,827792,0
2024-12-20,2024,12,1.079207561935324,.1308966319415614,3.779735536426164,4.285134661086652,983,728,674,584,56.83817378270059,23.7741935483871,6.709677419354839,2.290322580645161,827792,0
2024-12-21,2024,12,2.134533785353391,1.241679626415548,.5715235973995313,.3974803438027081,1120,955,908,829,41.16815328907471,23.7741935483871,6.709677419354839,2.290322580645161,827792,0
2024-12-22,2024,12,1.093816887389639,.1295443184050357,1.077550308162173,5.132184416802088,1120,972,980,957,43.34020694850438,23.7741935483871,6.709677419354839,2.290322580645161,827792,0
2024-12-23,2024,12,2.999020628155315,2.006780741138575,1.374502492718926,1.026082476260615,1180,983,973,987,66.58297212923824,23.7741935483871,6.709677419354839,2.290322580645161,827792,0
2024-12-24,2024,12,2.782425827320862,2.268375455928631,1.058629397687968,.3079385894489247,1230,1070,1040,1070,33.24449740397946,23.7741935483871,6.709677419354839,2.290322580645161,827792,0
2024-12-25,2024,12,3.6560147031207,2.74467906423961,.1295443184050357,1.043356996360806,1230,1060,1040,1110,29.63218661618568,23.7741935483871,6.709677419354839,2.290322580645161,827792,0
2024-12-26,2024,12,2.32551804978574,1.635581892566813,2.906440737463816,3.269173022095811,1230,1040,1040,1130,23.24113065372136,23.7741935483871,6.709677419354839,2.290322580645161,827792,0
2024-12-27,2024,12,.2637445944937625,.1295443184050357,1.666986875163185,4.780888830992358,1180,1030,1030,1120,32.55328138059244,23.7741935483871,6.709677419354839,2.290322580645161,827792,0
2024-12-28,2024,12,5.259557106246334,1.339953452518546,.9862394987525189,.1424929173069829,1150,961,996,1090,13.14013756541059,23.7741935483871,6.709677419354839,2.290322580645161,827792,0
2024-12-29,2024,12,0,.3431260791505952,1.042841681418637,3.472007321682783,1150,944,990,1080,28.38637075720539,23.7741935483871,6.709677419354839,2.290322580645161,827792,0
2024-12-30,2024,12,2.762536900737184,2.833042427778376,.7480620655772029,.3713584351149169,1150,947,997,1090,24.75820194815848,23.7741935483871,6.709677419354839,2.290322580645161,827792,0
2024-12-31,2024,12,4.938864994209312,1.559532621085186,.09918670910856524,.4683952645197758,1150,948,1000,1090,27.78824863387323,23.7741935483871,6.709677419354839,2.290322580645161,827792,0
